title,product_id,platform,category_l1,category_l2,category_l3,product_url,price,rating_score,review_count,sold_count,brand,time_stamp
"GƯƠNG DÁN TƯỜNG TOÀN THÂN 110x40cm – Gương Mềm Không Vỡ, Dán Tường Siêu Dính Decor Phòng Ngủ - HÀNG CHÍNH HÃNG MINIIN",279193694,tiki,Nhà Cửa - Đời Sống,Nội thất,Nội thất phòng ngủ,https://tiki.vn/product-p279193694.html?spid=279193695,139000,5.0,1,8,MINIIN,2026-04-29 13:51:00
Kệ Sách Để Sàn - GP217,279184817,tiki,Nhà Cửa - Đời Sống,Nội thất,"Nội thất phòng học, làm việc",https://tiki.vn/product-p279184817.html?spid=279184819,562925,5.0,1,9,HUCHU,2026-04-29 13:51:00
Đệm ngồi Deli nệm lót ghế cao su non siêu đàn hồi chống trĩ chống đau ê mông êm ái giúp ngồi thoải mái cả ngày tiện dụng,278696348,tiki,Nhà Cửa - Đời Sống,Nội thất,Nội thất khác,https://tiki.vn/product-p278696348.html?spid=278696352,195000,0.0,0,6,Deli,2026-04-29 13:51:00
"Két Sắt Vân Tay DELI, Két Sắt Điện Tử Thông Minh Chống Cưa Cắt Chống Cháy An Toàn Bảo Vệ Tài Sản",278525716,tiki,Nhà Cửa - Đời Sống,Nội thất,Nội thất phòng ngủ,https://tiki.vn/product-p278525716.html?spid=278525718,2549000,0.0,0,0,Deli,2026-04-29 13:51:00
Ghế du lịch xếp gọn 7075,278481817,tiki,Nhà Cửa - Đời Sống,Nội thất,Nội thất phòng ngủ,https://tiki.vn/product-p278481817.html?spid=278481818,79000,4.0,1,10,CAVARA,2026-04-29 13:51:00
Gel da lỏng Sửa Chữa Đồ Da 20Ml Dung Dịch Làm Sạch Da Kem Sửa Chữa Bổ Sung Cho Ghế Xe Hơi và Sofa gia đình tại Nhà,278211868,tiki,Nhà Cửa - Đời Sống,Nội thất,Nội thất khác,https://tiki.vn/product-p278211868.html?spid=278211903,42000,0.0,0,0,OEM,2026-04-29 13:51:00
Máy Tính Cầm Tay Thiết Kế Độc Đáo - Tiện Dụng - Cho Học Sinh,277929176,tiki,Nhà Cửa - Đời Sống,Nội thất,Nội thất khác,https://tiki.vn/product-p277929176.html?spid=279324360,96000,0.0,0,0,OEM,2026-04-29 13:51:00
Set 200 Túi Bọc Thực Phẩm size lớn - Màng bọc thực phẩm size lớn Dùng Một Lần,277867176,tiki,Nhà Cửa - Đời Sống,Nội thất,Nội thất khác,https://tiki.vn/product-p277867176.html?spid=277867177,25000,0.0,0,9,OEM,2026-04-29 13:51:00
"Bộ Bàn Ghế Chống Gù Cho Bé – Giúp Bé Ngồi Đúng Tư Thế, Phát Triển Lành Mạnh - HÀNG CHÍNH HÃNG MINIIN",277534977,tiki,Nhà Cửa - Đời Sống,Nội thất,"Nội thất phòng học, làm việc",https://tiki.vn/product-p277534977.html?spid=277534988,1200000,3.0,2,9,MINIIN,2026-04-29 13:51:00
Kệ Giày Dép 4 Tầng Khung Inox Chắc Chắn - Hàng chính hãng ( Hoa văn giao ngẫu nhiên),276614765,tiki,Nhà Cửa - Đời Sống,Nội thất,Nội thất phòng khách,https://tiki.vn/product-p276614765.html?spid=275079711,79000,5.0,1,28,Gro-Fa,2026-04-29 13:51:00
Hộp Nhựa Chia Ngăn DELI Có Thể Tháo Rời Xếp Chồng -Khay Nhựa Chia Ngăn Đựng Quần Áo Đồ,276414234,tiki,Nhà Cửa - Đời Sống,Nội thất,Nội thất phòng ngủ,https://tiki.vn/product-p276414234.html?spid=276414238,145800,4.0,1,86,Deli,2026-04-29 13:51:00
"[Mình Ngọc_Chi phí thấp nhất _Ghế Roichen] Ghế  chỉnh dáng ngồi đúng Roichen Hàn Quốc, Ghế dành cho Nam",275849448,tiki,Nhà Cửa - Đời Sống,Nội thất,"Nội thất phòng học, làm việc",https://tiki.vn/product-p275849448.html?spid=275849452,853000,0.0,0,2,Roichen,2026-04-29 13:51:00
Bàn làm việc bàn học chữ K HG,275239197,tiki,Nhà Cửa - Đời Sống,Nội thất,"Nội thất phòng học, làm việc",https://tiki.vn/product-p275239197.html?spid=275239205,396000,5.0,2,16,HG FURNITURE H i G,2026-04-29 13:51:00
ghế xoay văn phòng ghế văn phòng HG,275238631,tiki,Nhà Cửa - Đời Sống,Nội thất,"Nội thất phòng học, làm việc",https://tiki.vn/product-p275238631.html?spid=275238632,520000,4.0,13,67,HG FURNITURE H i G,2026-04-29 13:51:00
"Kệ Để Giày Dép Gỗ Thiết Kế Nhỏ Gọn, Tối Ưu Diện Tích Kệ Giày Dép Xếp Gọn Đa Năng Kệ Gỗ MDF Phong Cách Hiện Đại",274628787,tiki,Nhà Cửa - Đời Sống,Nội thất,Nội thất phòng khách,https://tiki.vn/product-p274628787.html?spid=274628795,213000,5.0,5,39,Gosashi,2026-04-29 13:51:00
"Tủ Đựng Mỹ Phẩm Dán Tường HOKORI Cao Cấp, Hộp Treo Tường Đa Năng Chống Nước, Gắn Tường Siêu Chắc Chắn - Hàng Việt Nam",274580221,tiki,Nhà Cửa - Đời Sống,Nội thất,Nội thất phòng ngủ,https://tiki.vn/product-p274580221.html?spid=274587184,198450,4.8,6,32,Hokori,2026-04-29 13:51:00
Đệm Ngồi 3D Silicon 2 Lớp Tổ Ong Lót Ghế Thoáng Khí Chống Đau Mỏi Lưng,271120475,tiki,Nhà Cửa - Đời Sống,Nội thất,Nội thất phòng khách,https://tiki.vn/product-p271120475.html?spid=271120476,125000,4.8,13,121,PEAFLO,2026-04-29 13:51:00
"Ghế Sofa Giường thông minh gấp gọn SUMIKA 336, chiều rộng 80cm",270791057,tiki,Nhà Cửa - Đời Sống,Nội thất,Nội thất phòng khách,https://tiki.vn/product-p270791057.html?spid=270791058,2793000,5.0,2,5,Sumika,2026-04-29 13:51:00
Ghế chỉnh dáng ngồi đúng nữ Roichen,262728881,tiki,Nhà Cửa - Đời Sống,Nội thất,Nội thất phòng ngủ,https://tiki.vn/product-p262728881.html?spid=270834602,829000,4.0,3,9,Roichen,2026-04-29 13:51:00
"Giường gấp gọn thông minh tải trọng cao Q115 NIKITA, gọn nhẹ tiết kiệm không gian linh hoạt 2024",254080771,tiki,Nhà Cửa - Đời Sống,Nội thất,Nội thất phòng ngủ,https://tiki.vn/product-p254080771.html?spid=254080772,919000,4.8,12,76,Nikita,2026-04-29 13:51:00
"Kệ gỗ treo tường trang trí nhiều kích thước, kệ trang trí Anzzar, decor phòng ngủ, phòng khách, thanh gỗ treo tường màu nâu socola",199708120,tiki,Nhà Cửa - Đời Sống,Nội thất,Nội thất phòng khách,https://tiki.vn/product-p199708120.html?spid=199708122,90000,4.8,24,311,anzzar,2026-04-29 13:51:00
Tựa Lưng Ghế Văn Phòng Công Thái Học Đệm Tựa Lưng Văn Phòng,199638326,tiki,Nhà Cửa - Đời Sống,Nội thất,"Nội thất phòng học, làm việc",https://tiki.vn/product-p199638326.html?spid=201127042,415000,4.8,93,727,Office Chill,2026-04-29 13:51:00
"Rèm Rido Trang Trí cửa Sổ,Ri Đô Vải Cản Nắng Cực Tốt ,Lan Can Cầu Thang,Gác Xép",196569248,tiki,Nhà Cửa - Đời Sống,Nội thất,Nội thất phòng khách,https://tiki.vn/product-p196569248.html?spid=196569274,56840,4.6,20,118,MODERO,2026-04-29 13:51:00
"Rèm Cửa Sổ Cao Cấp,Chống Nắng Tốt,Nhiều Màu,Kích Thước",196564480,tiki,Nhà Cửa - Đời Sống,Nội thất,Nội thất phòng khách,https://tiki.vn/product-p196564480.html?spid=196564488,65000,4.8,6,38,MODERO,2026-04-29 13:51:00
"Bánh xe nhựa PU cao cấp cho ghế xoay văn phòng, ghế giám đốc, ghế game, ghế công thái học, ghế trưởng phòng - Tự lắp ráp đơn giản tại nhà",194134492,tiki,Nhà Cửa - Đời Sống,Nội thất,"Nội thất phòng học, làm việc",https://tiki.vn/product-p194134492.html?spid=194134493,55000,4.0,1,36,Capta,2026-04-29 13:51:00
"Ghế Xoay Văn Phòng Lưới Làm Việc Công Thái Học Deli - Tay Gập Thông Minh, Có Chỉnh Lưng, Lưới Thoáng Khí, Chân Xoay Tiện Ích, Đệm Ghế Êm Aí, Nhiều Màu - Phù Hợp Học Sinh, Văn Phòng, Game Thủ, Gaming - Hàng chính hãng",193081467,tiki,Nhà Cửa - Đời Sống,Nội thất,"Nội thất phòng học, làm việc",https://tiki.vn/product-p193081467.html?spid=259514987,1649000,4.5,143,597,Deli,2026-04-29 13:51:00
GHẾ - GIƯỜNG XẾP  DUY LỢI INOX CỠ ĐẠI (TẶNG 10 MÓC ÁO KÉP NHỰA CAO CẤP DUY LỢI),190732185,tiki,Nhà Cửa - Đời Sống,Nội thất,Nội thất phòng ngủ,https://tiki.vn/product-p190732185.html?spid=190732186,1289000,5.0,16,64,Duy Lợi,2026-04-29 13:51:00
Kệ để máy tính đa năng KM03 kệ màn hình máy tính để bàn bằng gỗ bền chắc mẫu đẹp có hộc cất bàn phím ngăn để tài liệu,189885445,tiki,Nhà Cửa - Đời Sống,Nội thất,"Nội thất phòng học, làm việc",https://tiki.vn/product-p189885445.html?spid=189885447,209000,5.0,9,38,OEM,2026-04-29 13:51:00
Hộp Nhựa Đựng Bông Tẩy Trang Dạng Ống PaKaSa - Hàng Chính Hãng,167732668,tiki,Nhà Cửa - Đời Sống,Nội thất,Nội thất phòng ngủ,https://tiki.vn/product-p167732668.html?spid=167732670,59590,4.5,6,44,PaKaSa,2026-04-29 13:51:00
Bàn làm việc bàn học bàn máy tính kệ lửng,131407909,tiki,Nhà Cửa - Đời Sống,Nội thất,"Nội thất phòng học, làm việc",https://tiki.vn/product-p131407909.html?spid=131407948,352750,4.5,58,189,HG FURNITURE H i G,2026-04-29 13:51:00
bàn làm việc chân gấp gọn,131407865,tiki,Nhà Cửa - Đời Sống,Nội thất,"Nội thất phòng học, làm việc",https://tiki.vn/product-p131407865.html?spid=131407885,450000,4.5,109,451,HG FURNITURE H i G,2026-04-29 13:51:00
Bàn làm việc bàn học 80*40cm,131407864,tiki,Nhà Cửa - Đời Sống,Nội thất,"Nội thất phòng học, làm việc",https://tiki.vn/product-p131407864.html?spid=131407878,289000,4.2,5,33,HG FURNITURE H i G,2026-04-29 13:51:00
( Bảo hành 3 năm) Bàn Để Laptop Gấp Đa Năng Bàn Học Thông Minh,116729673,tiki,Nhà Cửa - Đời Sống,Nội thất,"Nội thất phòng học, làm việc",https://tiki.vn/product-p116729673.html?spid=116729674,599000,4.6,25,148,ABATSU,2026-04-29 13:51:00
Đệm Ngồi Thông Minh Lưu Thông Máu Thoáng Khí PEAFLO,116198000,tiki,Nhà Cửa - Đời Sống,Nội thất,Nội thất phòng khách,https://tiki.vn/product-p116198000.html?spid=116198001,125000,4.5,108,493,PEAFLO,2026-04-29 13:51:00
"Kệ gỗ treo tường, kệ trang trí Anzzar, decor phòng ngủ, phòng khách, giá gỗ treo tường",107411559,tiki,Nhà Cửa - Đời Sống,Nội thất,Nội thất phòng ăn,https://tiki.vn/product-p107411559.html?spid=107411561,120000,4.6,78,404,anzzar,2026-04-29 13:51:00
KÉT SẮT MINI HÌNH QUYỂN SÁCH,88074012,tiki,Nhà Cửa - Đời Sống,Nội thất,Nội thất phòng ngủ,https://tiki.vn/product-p88074012.html?spid=278501294,119000,5.0,2,8,OEM,2026-04-29 13:51:00
"Kệ sách mini bằng gỗ, để trên bàn làm việc hoặc bàn học. Hàng tự lắp ghép đa năng, thông minh. Gồm 3 màu đẹp hiện đại.",56247996,tiki,Nhà Cửa - Đời Sống,Nội thất,"Nội thất phòng học, làm việc",https://tiki.vn/product-p56247996.html?spid=143339834,59500,4.0,1,8,OEM,2026-04-29 13:51:00
BÀN MÁY TÍNH bàn làm việc kèm kệ sách blv11,48037948,tiki,Nhà Cửa - Đời Sống,Nội thất,"Nội thất phòng học, làm việc",https://tiki.vn/product-p48037948.html?spid=48037954,845250,5.0,3,12,HUCHU,2026-04-29 13:51:00
kệ sách đứng đa tầng gp42,45067450,tiki,Nhà Cửa - Đời Sống,Nội thất,"Nội thất phòng học, làm việc",https://tiki.vn/product-p45067450.html?spid=45067452,622380,4.2,6,20,HUCHU,2026-04-29 13:51:00
Kệ Sách 4 Tầng Rộng 60cm,21171713,tiki,Nhà Cửa - Đời Sống,Nội thất,"Nội thất phòng học, làm việc",https://tiki.vn/product-p21171713.html?spid=248179906,650000,0.0,0,4,OEM,2026-04-29 13:51:00
Ron lông nheo cạnh cửa lông chống ồn ngăn bụi cửa sổ và cửa đi trong Gia đình,278218965,tiki,Nhà Cửa - Đời Sống,Nội thất,Nội thất khác,https://tiki.vn/product-p278218965.html?spid=278219846,52000,0.0,0,0,OEM,2026-04-29 13:51:00
Đèn Pin Led Cob 2 Chế Độ Chống Nước Di Động Có Tay Cầm Dùng 3 Pin Aa Tiện Dụng,277999940,tiki,Nhà Cửa - Đời Sống,Nội thất,Nội thất khác,https://tiki.vn/product-p277999940.html?spid=277999941,72000,0.0,0,1,OEM,2026-04-29 13:51:00
"Máy Chơi Game Đôi 2 Người Chơi Có 400 Trò Chơi Tặng Kèm Tay Cầm, Pin, Sạc Và Dây AV Lên Tv",277999138,tiki,Nhà Cửa - Đời Sống,Nội thất,Nội thất khác,https://tiki.vn/product-p277999138.html?spid=277999139,260000,0.0,0,3,OEM,2026-04-29 13:51:00
Máy Sấy Tóc Hair Dryer 3803 Tiện Lợi,277928620,tiki,Nhà Cửa - Đời Sống,Nội thất,Nội thất khác,https://tiki.vn/product-p277928620.html?spid=277928623,119000,0.0,0,1,OEM,2026-04-29 13:51:00
Bình Xịt Tạo Bọt Tuyết Rửa Xe 2L Chuyên Dụng,277867002,tiki,Nhà Cửa - Đời Sống,Nội thất,Nội thất khác,https://tiki.vn/product-p277867002.html?spid=277867003,180000,0.0,0,2,OEM,2026-04-29 13:51:00
Tủ nhựa 5 tầng Qui Phúc AE màu xanh dương mẫu Rabbit KT 710 x 505 x 1310 mm _ Juno Sofa hàng lắp sẵn,277604268,tiki,Nhà Cửa - Đời Sống,Nội thất,Nội thất phòng ngủ,https://tiki.vn/product-p277604268.html?spid=277604269,1790000,0.0,0,1,Qui Phúc,2026-04-29 13:51:00
Tủ nhựa 5 tầng Qui Phúc KID màu xanh dương mẫu Car KT 600 x 470 x 1300 mm _ Juno Sofa hàng lắp sẵn,277599600,tiki,Nhà Cửa - Đời Sống,Nội thất,Nội thất phòng ngủ,https://tiki.vn/product-p277599600.html?spid=277599601,1390000,0.0,0,1,Qui Phúc,2026-04-29 13:51:00
"Kệ, giá sách gỗ để bàn (45cm x 43cm x 17cm) m5",277542107,tiki,Nhà Cửa - Đời Sống,Nội thất,"Nội thất phòng học, làm việc",https://tiki.vn/product-p277542107.html?spid=277542108,189750,4.0,1,3,HUCHU,2026-04-29 13:51:00
Quạt tích điện để bàn văn phòng Rhino F103 gồm 3 mức độ gió,277463977,tiki,Nhà Cửa - Đời Sống,Nội thất,"Nội thất phòng học, làm việc",https://tiki.vn/product-p277463977.html?spid=277463983,129000,0.0,0,10,Rhino Store,2026-04-29 13:51:00
TỦ GIÀY THÔNG MINH 1S GỖ MDF HUCHU để giày tiện lợi cánh lật thông minh,277171669,tiki,Nhà Cửa - Đời Sống,Nội thất,Nội thất phòng khách,https://tiki.vn/product-p277171669.html?spid=277171670,740025,5.0,1,2,HUCHU,2026-04-29 13:51:00
Combo 30 Miếng Dán Chân Bàn Ghế Hình Vuông,276296115,tiki,Nhà Cửa - Đời Sống,Nội thất,"Nội thất phòng học, làm việc",https://tiki.vn/product-p276296115.html?spid=276296116,70000,0.0,0,16,LuckyJQR,2026-04-29 13:51:00
"Tủ đựng mỹ phẩm để bàn Hokori 3636 Việt Nhật  2 - 3 - 4 tầng - Kệ đựng mĩ phẩm HOKORI , đồ trang điểm nhiều tầng tiện lợi",276288186,tiki,Nhà Cửa - Đời Sống,Nội thất,Nội thất phòng khách,https://tiki.vn/product-p276288186.html?spid=276288194,169200,5.0,2,4,Hokori,2026-04-29 13:51:00
"Móc gỗ treo tường cao cấp Anzzar, móc treo quần áo, phụ kiện, giá gỗ treo quần áo-MT06",276274760,tiki,Nhà Cửa - Đời Sống,Nội thất,Nội thất phòng khách,https://tiki.vn/product-p276274760.html?spid=276274766,400000,0.0,0,2,anzzar,2026-04-29 13:51:00
TỦ NHỰA ĐỂ GIÀY DÉP KIỂU MỚI 12 Ô (chia ô) CỬA TRẮNG TRONG - HÀNH CHÍNH HÃNG,275376284,tiki,Nhà Cửa - Đời Sống,Nội thất,Nội thất phòng khách,https://tiki.vn/product-p275376284.html?spid=275376290,425000,4.2,5,25,Anh Lam Store,2026-04-29 13:51:00
"Giường Ngủ Văn Phòng Gấp Gọn, Giường Xếp Thông Minh Di Động Nằm Nghỉ Trưa Tiện Ích. Khung Thép Sơn Tĩnh Điện - Hàng chính hãng",275354921,tiki,Nhà Cửa - Đời Sống,Nội thất,Nội thất phòng ngủ,https://tiki.vn/product-p275354921.html?spid=275354922,950000,4.0,3,16,Anh Lam Store,2026-04-29 13:51:00
Ghế xoay văn phòng làm việc gaming công thái học ergonomic có ngả lưng - N418B,273413320,tiki,Nhà Cửa - Đời Sống,Nội thất,"Nội thất phòng học, làm việc",https://tiki.vn/product-p273413320.html?spid=273413322,1115500,5.0,2,32,New BeGinning,2026-04-29 13:51:00
[Kèm Ảnh Thực Tế - Miễn phí vận chuyển & Lắp đặt] Tủ giày thông minh siêu mỏng cao cấp Ohaha - TGCC025,273158786,tiki,Nhà Cửa - Đời Sống,Nội thất,Nội thất phòng khách,https://tiki.vn/product-p273158786.html?spid=273158788,1290000,5.0,2,7,OHAHA,2026-04-29 13:51:00
Tủ gỗ treo tường HUCHU đa năng bếp ốp tường nhiều kích thước gỗ MDF  dễ dàng lắp ghép hc08,271121237,tiki,Nhà Cửa - Đời Sống,Nội thất,Nội thất phòng ăn,https://tiki.vn/product-p271121237.html?spid=271121250,303600,0.0,0,12,HUCHU,2026-04-29 13:51:00
Ghế Chỉnh Dáng Ngồi Đúng Nam Roichen,270747015,tiki,Nhà Cửa - Đời Sống,Nội thất,Nội thất phòng khách,https://tiki.vn/product-p270747015.html?spid=270747023,829000,0.0,0,9,Roichen,2026-04-29 13:51:00
"Ghế Bệt Tựa Lưng Thư Giãn KUNBE 5 Cấp Độ, Có Thể Gập Gọn Phù Hợp Cho Người Già Người Bệnh, Học Sinh, Nhân Viên Văn Phòng",208623782,tiki,Nhà Cửa - Đời Sống,Nội thất,Nội thất phòng khách,https://tiki.vn/product-p208623782.html?spid=208623794,609000,4.5,26,178,KUNBE,2026-04-29 13:51:00
Tọa cụ - đệm ngồi thiền vỏ đậu Sunny,206232919,tiki,Nhà Cửa - Đời Sống,Nội thất,Nội thất khác,https://tiki.vn/product-p206232919.html?spid=35728818,535000,5.0,1,13,Sunny D.A.T,2026-04-29 13:51:00
"Rèm Dán Cửa Sổ Phòng Ngủ-Trang Trí,Decor-Không Cần Khoan-Nhiều Kích Thước",196568810,tiki,Nhà Cửa - Đời Sống,Nội thất,Nội thất phòng khách,https://tiki.vn/product-p196568810.html?spid=196568898,69000,5.0,41,279,MODERO,2026-04-29 13:51:00
"Rèm cửa sổ chống nắng,trang trí 96% FREE SHIP Màu xanh dương dịu mát Nhiều kích thước",196567786,tiki,Nhà Cửa - Đời Sống,Nội thất,Nội thất phòng khách,https://tiki.vn/product-p196567786.html?spid=196567795,68000,5.0,3,39,MODERO,2026-04-29 13:51:00
"Rèm Dán Tường Cửa Sô-Không Cần Khoan Vô Cùng Tiện Lợi, Chất Liệu Vải Cản Sáng Tốt-Nhiều Màu,Kích Thước",196567196,tiki,Nhà Cửa - Đời Sống,Nội thất,Nội thất phòng khách,https://tiki.vn/product-p196567196.html?spid=196567218,70000,4.2,5,53,MODERO,2026-04-29 13:51:00
Bộ Thanh Treo Rèm - Đầy Đủ Phụ Kiện - Chắc Chắn Chịu Lực Tốt Độ Bền Cao,196567078,tiki,Nhà Cửa - Đời Sống,Nội thất,Nội thất phòng khách,https://tiki.vn/product-p196567078.html?spid=196567091,89000,4.7,3,31,MODERO,2026-04-29 13:51:00
"Rèm Cửa Sổ Phòng Ngủ,Chống Nắng Tốt-Nhiều Màu,Kích Thước",196565444,tiki,Nhà Cửa - Đời Sống,Nội thất,Nội thất phòng khách,https://tiki.vn/product-p196565444.html?spid=196565694,65000,5.0,3,37,MODERO,2026-04-29 13:51:00
"Rèm Cửa Dán Tường, màn chống nắng may sẵn Chất Liệu Vải Cao Cấp",196565418,tiki,Nhà Cửa - Đời Sống,Nội thất,Nội thất phòng khách,https://tiki.vn/product-p196565418.html?spid=196565763,80000,4.8,30,207,MODERO,2026-04-29 13:51:00
Giường xếp ghế bố mẫu mới nhất - MM01,193100317,tiki,Nhà Cửa - Đời Sống,Nội thất,Nội thất phòng ngủ,https://tiki.vn/product-p193100317.html?spid=193100318,490000,4.7,3,9,OEM,2026-04-29 13:51:00
Giường Ngủ Cao Cấp Ohaha Phong Cách Bắc Mỹ,192169339,tiki,Nhà Cửa - Đời Sống,Nội thất,Nội thất phòng ngủ,https://tiki.vn/product-p192169339.html?spid=192169341,3499000,5.0,4,11, OHAHA.VN,2026-04-29 13:51:00
GHẾ - GIƯỜNG XẾP  DUY LỢI INOX  CỠ NHỎ (Qùa tặng 10 móc áo),190737785,tiki,Nhà Cửa - Đời Sống,Nội thất,Nội thất phòng ngủ,https://tiki.vn/product-p190737785.html?spid=190737786,1070000,5.0,6,25,Duy Lợi,2026-04-29 13:51:00
"Hộp đựng đồ đa năng CA01 – Túi vải đựng quần áo chăn màn phong cách Châu Âu sang trọng, lịch sự D Danido",189182484,tiki,Nhà Cửa - Đời Sống,Nội thất,Nội thất phòng ngủ,https://tiki.vn/product-p189182484.html?spid=189182486,99000,5.0,8,53,D Danido,2026-04-29 13:51:00
"Ghế Gác Chân Công Thái Học Ergonomic Footrest, Ghế Kê Chân Ghế Gác Chân Văn Phòng",186627908,tiki,Nhà Cửa - Đời Sống,Nội thất,"Nội thất phòng học, làm việc",https://tiki.vn/product-p186627908.html?spid=186627912,215000,4.8,313,2345,Office Chill,2026-04-29 13:51:00
Combo 2 Hộp Vải Đựng Đồ Đa Năng PaKaSa - Hàng Chính Hãng,167472158,tiki,Nhà Cửa - Đời Sống,Nội thất,Nội thất khác,https://tiki.vn/product-p167472158.html?spid=167472160,69690,4.8,4,22,PaKaSa,2026-04-29 13:51:00
"Siêu Phẩm Dành cho Sếp, Ghế Giám Đốc, Ghế Văn Phòng AZP FURNITURE Ergonomic AZP-9933",156812764,tiki,Nhà Cửa - Đời Sống,Nội thất,"Nội thất phòng học, làm việc",https://tiki.vn/product-p156812764.html?spid=156812766,2590000,0.0,0,7,AZP,2026-04-29 13:51:00
"Máy khâu mini cao cấp CMD có đèn may được tất cả các loại vải, dễ mang theo, bảo quản",149461152,tiki,Nhà Cửa - Đời Sống,Nội thất,Nội thất khác,https://tiki.vn/product-p149461152.html?spid=278794793,250000,4.0,3,3,OEM,2026-04-29 13:51:00
bàn họcBàn Làm việc,131407882,tiki,Nhà Cửa - Đời Sống,Nội thất,"Nội thất phòng học, làm việc",https://tiki.vn/product-p131407882.html?spid=131407905,850000,4.6,5,23,HG FURNITURE H i G,2026-04-29 13:51:00
"Ghế Bệt Tựa Lưng Tatami Kiểu Nhật Điều Chỉnh 5 Cấp Độ, Vỏ Nhung Cực Mịn Ko Bị Xẹp- Hàng Loại 1- Chính Hãng MINIIN",129950137,tiki,Nhà Cửa - Đời Sống,Nội thất,Nội thất phòng khách,https://tiki.vn/product-p129950137.html?spid=129950143,384000,5.0,19,110,MINIIN,2026-04-29 13:51:00
"Kệ gỗ treo tường, kệ gỗ trang trí Anzzar nhiều kích thước",107398992,tiki,Nhà Cửa - Đời Sống,Nội thất,Nội thất phòng khách,https://tiki.vn/product-p107398992.html?spid=107398994,75000,4.7,86,571,anzzar,2026-04-29 13:51:00
GIÁ KỆ TREO TƯỜNG 3 TẦNG,48046987,tiki,Nhà Cửa - Đời Sống,Nội thất,"Nội thất phòng học, làm việc",https://tiki.vn/product-p48046987.html?spid=48046991,594550,5.0,3,20,HUCHU,2026-04-29 13:51:00
Kệ sách gỗ mini để bàn ( Màu Ngẫu Nhiên ),2241231,tiki,Nhà Cửa - Đời Sống,Nội thất,"Nội thất phòng học, làm việc",https://tiki.vn/product-p2241231.html?spid=87378694,60500,4.5,21,55,OEM,2026-04-29 13:51:00
"Địa cầu trái đất - giá đỡ nhựa, đế nhựa",278991931,tiki,Nhà Cửa - Đời Sống,Nội thất,"Nội thất phòng học, làm việc",https://tiki.vn/product-p278991931.html?spid=278991933,90000,0.0,0,0,OEM,2026-04-29 13:51:00
"Cặp Đèn Thờ Vĩnh Cửu Sử Dụng Pin - Combo 2 Đèn Bàn Thờ Đẹp, Tôn Nghiêm Decor Decor Phòng Trang Trí Nhà",278437592,tiki,Nhà Cửa - Đời Sống,Nội thất,Nội thất khác,https://tiki.vn/product-p278437592.html?spid=278437593,90000,5.0,1,4,OEM,2026-04-29 13:51:00
"Gioăng ron cao su chữ U bảo vệ cạnh bo bọc cạnh tấm thép, kính, gỗ, máy móc thiết bị và cạnh cơ khí",278215720,tiki,Nhà Cửa - Đời Sống,Nội thất,Nội thất khác,https://tiki.vn/product-p278215720.html?spid=278215735,13000,0.0,0,2,OEM,2026-04-29 13:51:00
"Cặp Đèn Thờ Vĩnh Cửu Sử Dụng Pin - Combo 2 Đèn Bàn Thờ Đẹp, Tôn Nghiêm Decor Decor Phòng Trang Trí Nhà",277929044,tiki,Nhà Cửa - Đời Sống,Nội thất,Nội thất khác,https://tiki.vn/product-p277929044.html?spid=277929045,84000,0.0,0,4,OEM,2026-04-29 13:51:00
"Combo 6 Túi Hút Chân Không Đựng Chăn Màn, Quần Áo, Chống Ẩm Mốc Bụi, Bảo Quản Quần Áo Chăn Gối Mền - TẶNG KÈM BƠM ĐIỆN",277891898,tiki,Nhà Cửa - Đời Sống,Nội thất,Nội thất phòng ngủ,https://tiki.vn/product-p277891898.html?spid=277891899,189500,5.0,1,7,TIEN ANH HOUSE,2026-04-29 13:51:00
Kệ Đựng Sách Để Bàn 4 Ngăn Trong Suốt Chất Liệu Acrylic Dày Dặn Cao Cấp - HÀNG CHÍNH HÃNG MINIIN,277547886,tiki,Nhà Cửa - Đời Sống,Nội thất,"Nội thất phòng học, làm việc",https://tiki.vn/product-p277547886.html?spid=277547888,89000,0.0,0,5,MINIIN,2026-04-29 13:51:00
Kệ lắp ráp DIY 4 tầng mâm sắt,277317953,tiki,Nhà Cửa - Đời Sống,Nội thất,Nội thất phòng khách,https://tiki.vn/product-p277317953.html?spid=277317955,1800000,0.0,0,0,iMat,2026-04-29 13:51:00
Giá Đỡ Cằm Chống Cận Thị Cải Tiến SUPER Dụng Cụ Chống Gù Ngồi Thẳng Lưng Cho Trẻ Em Từ 4-15 Tuổi Luyện Chữ Hãng dododios,276845981,tiki,Nhà Cửa - Đời Sống,Nội thất,"Nội thất phòng học, làm việc",https://tiki.vn/product-p276845981.html?spid=276845987,71000,0.0,0,8,dododios,2026-04-29 13:51:00
Ghế Gác Chân Công Thái Học Ghế Kê Chân Ghế Gác Chân Văn Phòng MÀU ĐEN,276475483,tiki,Nhà Cửa - Đời Sống,Nội thất,"Nội thất phòng học, làm việc",https://tiki.vn/product-p276475483.html?spid=276475484,260000,0.0,0,4,LuckyJQR,2026-04-29 13:51:00
"Kệ Giày Dép 4 Tầng Kèm Móc Treo Đồ Thông Minh, Giá Để Giày Dép 4 Tầng Kèm Móc Treo Tiện Lợi Màu Ngẫu Nhiên",276309693,tiki,Nhà Cửa - Đời Sống,Nội thất,Nội thất phòng khách,https://tiki.vn/product-p276309693.html?spid=276309694,84280,0.0,0,5,TIEN ANH HOUSE,2026-04-29 13:51:00
"Đệm Mông Nâng Đỡ Đa Chức Năng Công Thái Học, Đệm Lót Ghế Cao Su Non, Văn Phòng, Ô Tô Xe Hơi - Sairui",275354365,tiki,Nhà Cửa - Đời Sống,Nội thất,"Nội thất phòng học, làm việc",https://tiki.vn/product-p275354365.html?spid=275354369,319000,5.0,2,13,sr LIFE EXPERTS SAIRUI,2026-04-29 13:51:00
"Gối Kê Tay Công Thái Học, Cao Su Non, Đệm Tay Vịn Nâng Đỡ Cánh Tay, Giảm Áp Lực Khuỷu Tay - Sairui",275339590,tiki,Nhà Cửa - Đời Sống,Nội thất,Nội thất khác,https://tiki.vn/product-p275339590.html?spid=275339592,109000,5.0,2,3,sr LIFE EXPERTS SAIRUI,2026-04-29 13:51:00
"[Mình Ngọc_Chi phí thấp nhất _Ghế Roichen] Ghế  chỉnh dáng ngồi đúng Roichen Hàn Quốc, Ghế dành cho Nữ Màu Tím nhạt",275158582,tiki,Nhà Cửa - Đời Sống,Nội thất,"Nội thất phòng học, làm việc",https://tiki.vn/product-p275158582.html?spid=275158583,853000,5.0,1,5,Roichen,2026-04-29 13:51:00
"[Xuất Nhật] Hộp Đựng Đồ Đa Năng TD1 – Túi Vải Đựng Quần Áo Chăn Màn Phong Cách Thụy Điển Sang Trọng, Lịch Sự – Hàng Chính Hãng",273569254,tiki,Nhà Cửa - Đời Sống,Nội thất,Nội thất phòng ngủ,https://tiki.vn/product-p273569254.html?spid=273569258,99000,4.5,2,4,D Danido,2026-04-29 13:51:00
Tủ giày thông minh siêu mỏng cao cấp Ohaha - TGCC024,273158970,tiki,Nhà Cửa - Đời Sống,Nội thất,Nội thất phòng khách,https://tiki.vn/product-p273158970.html?spid=273158972,2190000,0.0,0,4,OHAHA,2026-04-29 13:51:00
Két Sắt Mini Deli - Khóa Điện Tử Chống Cháy Chống Trộm Bảo Mật Cao Két Sắt An Toàn Cho Gia Đình Văn Phòng Nhà Cửa,273060748,tiki,Nhà Cửa - Đời Sống,Nội thất,Nội thất phòng ngủ,https://tiki.vn/product-p273060748.html?spid=273060749,759000,5.0,3,22,Deli,2026-04-29 13:51:00
"Ghế Gác Chân Công Thái Học Điều Chỉnh 6 Cấp Độ Chiều Cao Thích Hợp Văn Phòng Làm Việc Học Tập, Ghế Kê Chân Chỉnh Dáng Ngồi Tốt Cho Sức Khỏe Cột Sống Giảm Đau Lưng Bảo Hành 90 Ngày",270303853,tiki,Nhà Cửa - Đời Sống,Nội thất,"Nội thất phòng học, làm việc",https://tiki.vn/product-p270303853.html?spid=270303855,188000,5.0,8,64,Office Chill,2026-04-29 13:51:00
"Ghế quầy bar, thu ngân, Ghế đệm da có tựa cao cấp ( mầu sắc đa dạng)/ Newly Design Cheap Commerical Colorful Bar Furniture Seat",263072536,tiki,Nhà Cửa - Đời Sống,Nội thất,Nội thất phòng ngủ,https://tiki.vn/product-p263072536.html?spid=263072542,655500,0.0,0,11,New BeGinning,2026-04-29 13:51:00
"Kệ giày dép 5 tầng, kệ giày dép chữ X, kệ đa năng",254089453,tiki,Nhà Cửa - Đời Sống,Nội thất,Nội thất phòng khách,https://tiki.vn/product-p254089453.html?spid=277942785,60000,4.0,1,5,OEM,2026-04-29 13:51:00
Kệ Chữ A 2 Tầng Gỗ Tự Nhiên - Giá Treo Quần Áo - Nội Thất Phòng Ngủ Lắp Ráp Gacco,251520265,tiki,Nhà Cửa - Đời Sống,Nội thất,Nội thất phòng ngủ,https://tiki.vn/product-p251520265.html?spid=249695242,456000,4.8,4,71,GACCO,2026-04-29 13:51:00
Kệ Giá Sách Kèm Ngăn Kéo Trong Suốt Đa Năng Deli - Sắp Xếp Góc Làm Việc Học Tập Học Sinh Văn Phòng Lưu Trữ Tài Liệu Sách Vở - PK110,219151589,tiki,Nhà Cửa - Đời Sống,Nội thất,"Nội thất phòng học, làm việc",https://tiki.vn/product-p219151589.html?spid=219151593,461000,5.0,1,10,Deli,2026-04-29 13:51:00
CHÂN CẮM CỜ TỔ QUỐC INOX,216903457,tiki,Nhà Cửa - Đời Sống,Nội thất,Nội thất khác,https://tiki.vn/product-p216903457.html?spid=216903458,65000,0.0,0,6,Hadu ,2026-04-29 13:51:00
Kệ Để Giày Dép Chữ X Thông Minh Có Thể Tháo Lắp Gấp Gọn - Kệ Nhựa 5 Tầng Cao Cấp Để Đồ Trang Trí Đa Năng Tiện Dụng - CHÍNH HÃNG MINIIN,203188428,tiki,Nhà Cửa - Đời Sống,Nội thất,Nội thất phòng khách,https://tiki.vn/product-p203188428.html?spid=203188429,49000,4.0,16,116,MINIIN,2026-04-29 13:51:00
Kệ Sách Để Bàn Phong Cách Nordic,197236601,tiki,Nhà Cửa - Đời Sống,Nội thất,"Nội thất phòng học, làm việc",https://tiki.vn/product-p197236601.html?spid=197236602,246675,5.0,1,12,HUCHU,2026-04-29 13:51:00
"Rèm Cửa Loại 1,Chống Nắng Tốt-Nhiều Màu,Kích Thước",196565035,tiki,Nhà Cửa - Đời Sống,Nội thất,Nội thất phòng khách,https://tiki.vn/product-p196565035.html?spid=196565066,65000,0.0,0,2,MODERO,2026-04-29 13:51:00
Kệ Dán Tường Để Điện Thoại Remote Hamart Đa Năng 1 Ngăn Lớn Trắng 2 Móc Treo Tiện Lợi,185351188,tiki,Nhà Cửa - Đời Sống,Nội thất,Nội thất phòng khách,https://tiki.vn/product-p185351188.html?spid=185351192,35000,5.0,2,24,OEM,2026-04-29 13:51:00
Kệ tivi treo tường ktv09,181927063,tiki,Nhà Cửa - Đời Sống,Nội thất,Nội thất phòng khách,https://tiki.vn/product-p181927063.html?spid=181927064,1876000,0.0,0,1,HUCHU,2026-04-29 13:51:00
"Màng bọc nilon che bụi đa năng, che phủ, ngăn bụi, chống ẩm mốc, giữ mới, bảo vệ nội thất,che chắn sơn, sơn nội thất, nilon bọc hàng, chắn sơn oto, có 1 đầu dán",171469246,tiki,Nhà Cửa - Đời Sống,Nội thất,Nội thất khác,https://tiki.vn/product-p171469246.html?spid=279186407,135200,0.0,0,4,OEM,2026-04-29 13:51:00
"Kệ Để Giày Dép 05 Tầng Khung Inox, Giá Để Giày Inox 05 Tầng, Giày Dép, Kệ Để Đồ, Kệ Sách Loại Cao Cấp miDoctor",167391475,tiki,Nhà Cửa - Đời Sống,Nội thất,Nội thất phòng khách,https://tiki.vn/product-p167391475.html?spid=167391481,118000,4.8,24,104,miDoctor,2026-04-29 13:51:00
Kệ Để Máy Tính Kết Hợp Kệ Sách Đa Năng Hiện Đại Thương Hiệu IGA - GP184,162407831,tiki,Nhà Cửa - Đời Sống,Nội thất,"Nội thất phòng học, làm việc",https://tiki.vn/product-p162407831.html?spid=278819946,225000,0.0,0,1,IGA,2026-04-29 13:51:00
"Đệm Tròn Ngồi Bệt , Đệm Lót Ghế Xinh Xắn  Phong Cách Nhật Bản Kích Cỡ 45x5cm - Hàng Loại 1 Chính Hãng MINIIN",138488520,tiki,Nhà Cửa - Đời Sống,Nội thất,Nội thất phòng khách,https://tiki.vn/product-p138488520.html?spid=276624077,75000,4.8,13,102,MINIIN,2026-04-29 13:51:00
Kệ sách gỗ đa ngăn ĐỂ BÀN tiện ích,131408087,tiki,Nhà Cửa - Đời Sống,Nội thất,"Nội thất phòng học, làm việc",https://tiki.vn/product-p131408087.html?spid=131408090,79000,5.0,3,21,HG FURNITURE H i G,2026-04-29 13:51:00
"Bàn Học, full phụ kiện 60cmx40cm",131408054,tiki,Nhà Cửa - Đời Sống,Nội thất,"Nội thất phòng học, làm việc",https://tiki.vn/product-p131408054.html?spid=131408086,265000,4.7,11,40,HG FURNITURE H i G,2026-04-29 13:51:00
"Thanh treo rèm cửa đa năng, không cần khoan tường hay bắt vít, thay đổi vị trí linh hoạt",101870479,tiki,Nhà Cửa - Đời Sống,Nội thất,Nội thất phòng khách,https://tiki.vn/product-p101870479.html?spid=278622328,72000,4.5,81,511,PEAFLO,2026-04-29 13:51:00
Tủ quần áo cao cấp nhựa đai loan,100544478,tiki,Nhà Cửa - Đời Sống,Nội thất,Nội thất phòng ngủ,https://tiki.vn/product-p100544478.html?spid=100544479,4530000,0.0,0,1,Juno Sofa,2026-04-29 13:51:00
Kệ Sách 4 Tầng Rộng 50cm Gỗ Tự Nhiên 100% (TN),90072132,tiki,Nhà Cửa - Đời Sống,Nội thất,"Nội thất phòng học, làm việc",https://tiki.vn/product-p90072132.html?spid=247939439,660000,5.0,1,5,OEM,2026-04-29 13:51:00
Kệ Sắt Đa Năng 3 tầng Cao Cấp - Có Bánh Xe và Tay Đẩy,48185226,tiki,Nhà Cửa - Đời Sống,Nội thất,Nội thất phòng ngủ,https://tiki.vn/product-p48185226.html?spid=278756136,168000,0.0,0,3,OEM,2026-04-29 13:51:00
"Ghế Xếp Du Lịch, Ngủ Trưa Văn Phòng Tiện Lợi",44464479,tiki,Nhà Cửa - Đời Sống,Nội thất,Nội thất phòng ngủ,https://tiki.vn/product-p44464479.html?spid=50521145,850000,5.0,2,18,OEM,2026-04-29 13:51:00
"Giá sách, Kệ sách để bàn",14874583,tiki,Nhà Cửa - Đời Sống,Nội thất,"Nội thất phòng học, làm việc",https://tiki.vn/product-p14874583.html?spid=48696878,600000,5.0,1,4,OEM,2026-04-29 13:51:00
Két sắt mini hình quyển sách,8251865,tiki,Nhà Cửa - Đời Sống,Nội thất,Nội thất phòng ngủ,https://tiki.vn/product-p8251865.html?spid=278579871,119000,0.0,0,0,OEM,2026-04-29 13:51:00
Kệ tivi mẫu mới HC-319,279319807,tiki,Nhà Cửa - Đời Sống,Nội thất,Nội thất phòng khách,https://tiki.vn/product-p279319807.html?spid=279319810,2244175,0.0,0,0,HUCHU,2026-04-29 13:51:00
Đại bàng tung cánh - Biểu tượng giải Eagle goft,279008830,tiki,Nhà Cửa - Đời Sống,Nội thất,Nội thất khác,https://tiki.vn/product-p279008830.html?spid=279008832,5500000,0.0,0,0,Golden Gift,2026-04-29 13:51:00
[KoSuyTu] LỊCH VẠN SỰ 2026 – BÍNH NGỌ,278930274,tiki,Nhà Cửa - Đời Sống,Nội thất,Nội thất phòng khách,https://tiki.vn/product-p278930274.html?spid=278930275,31000,0.0,0,0,OEM,2026-04-29 13:51:00
Bàn học gấp gọn đa năng phong cách hiện đại thương hiệu HUCHU - Gp154,278866698,tiki,Nhà Cửa - Đời Sống,Nội thất,"Nội thất phòng học, làm việc",https://tiki.vn/product-p278866698.html?spid=278866700,171350,0.0,0,0,HUCHU,2026-04-29 13:51:00
Keo Dán Siêu Dính Đa Năng Super Clue Alteco,278436705,tiki,Nhà Cửa - Đời Sống,Nội thất,Nội thất khác,https://tiki.vn/product-p278436705.html?spid=278436706,30000,0.0,0,2,OEM,2026-04-29 13:51:00
Đệm Ngồi Hình Bông Hoa Cute - Gối Tựa Lưng Êm Ái Decor Trang Trí Sofa Ghế Văn Phòng - HÀNG CHÍNH HÃNG MINIIN,278350908,tiki,Nhà Cửa - Đời Sống,Nội thất,Nội thất phòng khách,https://tiki.vn/product-p278350908.html?spid=278350914,109000,3.0,1,0,MINIIN,2026-04-29 13:51:00
Bộ Cờ Vua Loại Lớn 42X42Cm Kèm Bàn Cờ Kiêm Hộp Đựng,277928890,tiki,Nhà Cửa - Đời Sống,Nội thất,Nội thất khác,https://tiki.vn/product-p277928890.html?spid=277928893,104000,0.0,0,2,OEM,2026-04-29 13:51:00
Móc Khoá Đồ Chơi Gõ Mõ Tụng Kinh Tịnh Tâm Giảm Stress,277928870,tiki,Nhà Cửa - Đời Sống,Nội thất,Nội thất khác,https://tiki.vn/product-p277928870.html?spid=277928871,70000,0.0,0,3,OEM,2026-04-29 13:51:00
Bộ Giữ Nhiệt Bình Sữa Dây Cắm Usb Làm Ấm Nhanh Và Đều Siêu Tiện Lợi,277927834,tiki,Nhà Cửa - Đời Sống,Nội thất,Nội thất khác,https://tiki.vn/product-p277927834.html?spid=277927835,158000,0.0,0,1,OEM,2026-04-29 13:51:00
Hũ Đựng Gia Vị Có Muỗng Tiện Lợi,277857147,tiki,Nhà Cửa - Đời Sống,Nội thất,Nội thất khác,https://tiki.vn/product-p277857147.html?spid=277857148,32000,0.0,0,1,OEM,2026-04-29 13:51:00
Bút Dạ Quang Flex Office HL02 Nhiều Màu,277845478,tiki,Nhà Cửa - Đời Sống,Nội thất,Nội thất khác,https://tiki.vn/product-p277845478.html?spid=277845479,24000,0.0,0,0,OEM,2026-04-29 13:51:00
Dụng Cụ Lăn Làm Mềm Thịt Tiện Lợi,277845474,tiki,Nhà Cửa - Đời Sống,Nội thất,Nội thất khác,https://tiki.vn/product-p277845474.html?spid=277845475,69000,0.0,0,0,OEM,2026-04-29 13:51:00
Tủ Đầu Giường Có Ngăn Khoá - Kệ Đầu Giường Tab Đầu Giường Gỗ MDF Cao Cấp 1 Ngăn 2 Ngăn Dễ Dàng Lắp Đặt,277573389,tiki,Nhà Cửa - Đời Sống,Nội thất,Nội thất phòng ngủ,https://tiki.vn/product-p277573389.html?spid=277573429,155000,1.0,1,20,Gosashi,2026-04-29 13:51:00
Kệ Ngăn Kéo Nhựa Phân Chia Tủ Quần Áo DELI Khay Ngăn Kéo Đa Năng Đựng Quần Áo Vật Dụng,276414243,tiki,Nhà Cửa - Đời Sống,Nội thất,Nội thất phòng ngủ,https://tiki.vn/product-p276414243.html?spid=276414247,161000,0.0,0,8,Deli,2026-04-29 13:51:00
"Mặt bàn MDF dày 25mm nhiều kích thước, có bảng màu",276151365,tiki,Nhà Cửa - Đời Sống,Nội thất,"Nội thất phòng học, làm việc",https://tiki.vn/product-p276151365.html?spid=276152798,1050000,0.0,0,0,Minh Anh House,2026-04-29 13:51:00
Đệm (Bồ đoàn) ngồi thiền vỏ đậu xanh Sunny kiểu chữ V,275870198,tiki,Nhà Cửa - Đời Sống,Nội thất,Nội thất khác,https://tiki.vn/product-p275870198.html?spid=275898311,280000,5.0,2,10,Sunny,2026-04-29 13:51:00
Bàn làm việc chân gấp gọn HG,275239380,tiki,Nhà Cửa - Đời Sống,Nội thất,"Nội thất phòng học, làm việc",https://tiki.vn/product-p275239380.html?spid=275239384,450000,0.0,0,0,HG FURNITURE H i G,2026-04-29 13:51:00
Giường ngủ gỗ CT17 Juno Sofa màu gỗ tự nhiên,274671161,tiki,Nhà Cửa - Đời Sống,Nội thất,Nội thất phòng ngủ,https://tiki.vn/product-p274671161.html?spid=274671163,3360000,5.0,1,1,Tundo,2026-04-29 13:51:00
Tủ đầu giường hiện đại Ohaha - TAB011,272897128,tiki,Nhà Cửa - Đời Sống,Nội thất,Nội thất phòng ngủ,https://tiki.vn/product-p272897128.html?spid=272897132,1090000,0.0,0,1,OHAHA,2026-04-29 13:51:00
TỦ GIÀY THÔNG MINH CAO CẤP - TGCC005,272836808,tiki,Nhà Cửa - Đời Sống,Nội thất,Nội thất phòng khách,https://tiki.vn/product-p272836808.html?spid=272836810,2590000,0.0,0,0,OHAHA,2026-04-29 13:51:00
"Tủ treo quần áo lắp ráp kiểu hàn quốc gỗ tự nhiên, nội thất phòng ngủ",264018798,tiki,Nhà Cửa - Đời Sống,Nội thất,Nội thất phòng ngủ,https://tiki.vn/product-p264018798.html?spid=264018800,150000,0.0,0,2,GACCO,2026-04-29 13:51:00
Bàn nâng hạ chiều cao 4 chân iCockpit 1880. Bàn tăng giảm 4 chân đầu tiên trên thị trường,252433468,tiki,Nhà Cửa - Đời Sống,Nội thất,"Nội thất phòng học, làm việc",https://tiki.vn/product-p252433468.html?spid=252433470,5190000,4.8,6,24,iCockpit,2026-04-29 13:51:00
Bàn văn phòng Gaming MZ Tundo,247015930,tiki,Nhà Cửa - Đời Sống,Nội thất,"Nội thất phòng học, làm việc",https://tiki.vn/product-p247015930.html?spid=247015932,745000,0.0,0,0,Tundo,2026-04-29 13:51:00
"Ghế Xoay Văn Phòng Ngồi Làm Việc Công Thái Học Có Tựa Đầu Deli - Tay Gập Thông Minh, Có Ngả Lưng, Lưới Thoáng Khí, Chân Xoay Tiện Ích, Đệm Ghế Êm Aí - Phù Hợp Học Sinh, Văn Phòng, Game Thủ, Gaming - Hàng Chính Hãng",212598780,tiki,Nhà Cửa - Đời Sống,Nội thất,"Nội thất phòng học, làm việc",https://tiki.vn/product-p212598780.html?spid=278470357,2313000,4.0,2,19,Deli,2026-04-29 13:51:00
Kệ sách tổ ong vân gỗ dễ dàng kết hợp với bàn làm việc,197242685,tiki,Nhà Cửa - Đời Sống,Nội thất,"Nội thất phòng học, làm việc",https://tiki.vn/product-p197242685.html?spid=197242687,183425,5.0,1,4,HUCHU,2026-04-29 13:51:00
"Bàn tăng giảm nâng hạ chiều cao thông minh công thái học iCockpit 1460, nâng hạ 80 kg, tặng móc treo tai nghe, giá để ly nước, thảm lót chuột",180746646,tiki,Nhà Cửa - Đời Sống,Nội thất,"Nội thất phòng học, làm việc",https://tiki.vn/product-p180746646.html?spid=204077197,2695000,5.0,91,310,iCockpit,2026-04-29 13:51:00
"Bàn Ăn, Bàn Cafe, Bàn Làm Việc, AZP-DSTABEL4C - Dòng Đương Đại, Phân Khúc Trung Lưu.",176464146,tiki,Nhà Cửa - Đời Sống,Nội thất,Nội thất phòng khách,https://tiki.vn/product-p176464146.html?spid=176464154,1490000,0.0,0,0,AZP,2026-04-29 13:51:00
"Ghế Ăn, Ghế Cafe, Ghế Làm Việc, Ghế Thư Giản Relax, AZP-DSW-NEM-NEW - Dòng Đương Đại, Phân Khúc Trung Lưu.",176431332,tiki,Nhà Cửa - Đời Sống,Nội thất,Nội thất phòng khách,https://tiki.vn/product-p176431332.html?spid=176431342,459000,0.0,0,0,AZP,2026-04-29 13:51:00
"Bàn nâng hạ chiều cao thông minh iCockpit 1880, bàn 4 chân 2 mô tơ cực kì vững chắc",160907594,tiki,Nhà Cửa - Đời Sống,Nội thất,"Nội thất phòng học, làm việc",https://tiki.vn/product-p160907594.html?spid=204072167,2694000,5.0,40,145,iCockpit,2026-04-29 13:51:00
"Combo 5 Hộp Đựng Giày Dép Nhựa Cứng Đa Năng Cao Cấp- Chống Bám Bụi Bẩn, Có Lỗ Thoáng Khí- Lắp Ráp Đơn Giản- Hàng Chính Hãng MINIIN",132142727,tiki,Nhà Cửa - Đời Sống,Nội thất,Nội thất phòng khách,https://tiki.vn/product-p132142727.html?spid=132142731,28000,3.1,36,315,MINIIN,2026-04-29 13:51:00
Mặt bàn,131407975,tiki,Nhà Cửa - Đời Sống,Nội thất,Nội thất phòng khách,https://tiki.vn/product-p131407975.html?spid=131407991,180000,4.8,4,29,HG FURNITURE H i G,2026-04-29 13:51:00
[Kèm Ảnh Thực Tế - Miễn phí vận chuyển & Lắp đặt] GIƯỜNG NGỦ GỖ CÔNG NGHIỆP CAO CẤP OHAHA-002,119398277,tiki,Nhà Cửa - Đời Sống,Nội thất,Nội thất phòng ngủ,https://tiki.vn/product-p119398277.html?spid=119398291,4499000,5.0,15,38, OHAHA.VN,2026-04-29 13:51:00
Giường Ngủ Gỗ Mdf Phủ Melamine Bọc Nệm Có Ngăn Kéo Màu Óc Chó + Trắng,102838417,tiki,Nhà Cửa - Đời Sống,Nội thất,Nội thất phòng ngủ,https://tiki.vn/product-p102838417.html?spid=102838419,3500000,0.0,0,0,Vi Va,2026-04-29 13:51:00
Sofa Chung Cư Juno Sofa,99491739,tiki,Nhà Cửa - Đời Sống,Nội thất,Nội thất phòng khách,https://tiki.vn/product-p99491739.html?spid=99491741,9270000,5.0,1,1,Juno Sofa,2026-04-29 13:51:00
Tủ nhựa Đài Loan -  tủ quần áo nhựa 4 cánh Đài Loan màu Trắng  hồng  xanh dương  vân gỗ óc chó  vân gỗ,95072145,tiki,Nhà Cửa - Đời Sống,Nội thất,Nội thất phòng ngủ,https://tiki.vn/product-p95072145.html?spid=95072191,3440000,5.0,3,6,Juno Sofa,2026-04-29 13:51:00
Kệ Sách 3 Tầng (Rộng 80cm) Gỗ Tự Nhiên 100%- Vàng,90072255,tiki,Nhà Cửa - Đời Sống,Nội thất,"Nội thất phòng học, làm việc",https://tiki.vn/product-p90072255.html?spid=248179357,700000,0.0,0,2,OEM,2026-04-29 13:51:00
Sofa Băng Dài Cao Cấp_Ghế Sofa Nhỏ Cho Căn Hộ Chung Cư,53521269,tiki,Nhà Cửa - Đời Sống,Nội thất,Nội thất phòng khách,https://tiki.vn/product-p53521269.html?spid=54476440,9270000,5.0,1,1,OEM,2026-04-29 13:51:00
Tủ quần áo nhựa Đài Loan cao cấp - VTN - 4 cánh dài 1m65 cao 1m85,36996758,tiki,Nhà Cửa - Đời Sống,Nội thất,Nội thất phòng ngủ,https://tiki.vn/product-p36996758.html?spid=41844003,3220000,4.2,41,205,OEM,2026-04-29 13:51:00
"Bàn học gỗ cho bé, gấp gọn + tặng bàn chải đánh răng ngộ nghĩnh (màu ngẫu nhiên)",19847274,tiki,Nhà Cửa - Đời Sống,Nội thất,Nội thất trẻ em,https://tiki.vn/product-p19847274.html?spid=67033045,86000,0.0,0,2,OEM,2026-04-29 13:51:00
Sofa Góc L-concept Juno Sofa 289 x 151 x 90 x 85 x 50 cm (Đen),9384119,tiki,Nhà Cửa - Đời Sống,Nội thất,Nội thất phòng khách,https://tiki.vn/product-p9384119.html?spid=32197398,8800000,0.0,0,1,Juno Sofa,2026-04-29 13:51:00
Tủ Nhựa Duy Tân TANO 3 Ngăn,279309573,tiki,Nhà Cửa - Đời Sống,Nội thất,Nội thất phòng ngủ,https://tiki.vn/product-p279309573.html?spid=279309587,809000,0.0,0,0,Duy Tân,2026-04-29 13:51:00
Đèn Pin Đội Đầu Pin Sạc 1 Bóng 50W Siêu Sáng Kèm Bộ Sạc Tiện Dụng,279120178,tiki,Nhà Cửa - Đời Sống,Nội thất,Nội thất khác,https://tiki.vn/product-p279120178.html?spid=279120179,76000,0.0,0,1,OEM,2026-04-29 13:51:00
"Smart Tivi VSP 32GFHD01 (HD, 60Hz, 68% NTSC, 2×8W (speaker 8Ω10W) /Dolby Digital – Hàng Chính Hãng",278961781,tiki,Nhà Cửa - Đời Sống,Nội thất,Nội thất khác,https://tiki.vn/product-p278961781.html?spid=278961782,3750000,0.0,0,0,T-WOLF,2026-04-29 13:51:00
"TENMA Hộp Lưu Trữ Ngăn Kéo Kabazoko JAPAN QUALITY, Lắp Được Bánh Xe, Xếp Chồng 4 Tầng",278873064,tiki,Nhà Cửa - Đời Sống,Nội thất,"Nội thất phòng học, làm việc",https://tiki.vn/product-p278873064.html?spid=278873066,388000,0.0,0,0,Tenma,2026-04-29 13:51:00
Đệm ngồi cao su non tổ ong và vải tản nhiệt DandiHome cho ghế công thái học,278275378,tiki,Nhà Cửa - Đời Sống,Nội thất,"Nội thất phòng học, làm việc",https://tiki.vn/product-p278275378.html?spid=278275379,825000,0.0,0,0,DandiHome,2026-04-29 13:51:00
KỆ TREO TƯỜNG HUCHU GP14,278072832,tiki,Nhà Cửa - Đời Sống,Nội thất,"Nội thất phòng học, làm việc",https://tiki.vn/product-p278072832.html?spid=271132900,509795,4.7,3,4,HUCHU,2026-04-29 13:51:00
"Bơm Hơi Đạp Chân Cho ÔTÔ , Xe Máy, Xe Đạp, Bơm Bong Bóng Đa Năng",277867195,tiki,Nhà Cửa - Đời Sống,Nội thất,Nội thất khác,https://tiki.vn/product-p277867195.html?spid=277867197,155000,0.0,0,4,OEM,2026-04-29 13:51:00
Tủ nhựa 5 tầng Qui Phúc D'eli Max màu xanh dương mẫu Hươu KT 900 x 490 x 1390 mm,277604621,tiki,Nhà Cửa - Đời Sống,Nội thất,Nội thất phòng ngủ,https://tiki.vn/product-p277604621.html?spid=277604622,2130000,0.0,0,0,Qui Phúc,2026-04-29 13:51:00
Giá Đựng Sách Để Bàn Deli - Kệ Chia 4 Ngăn Văn Phòng Học Sinh Sinh Viên - Chặn Sách Nhiều Ngăn Giúp Sắp Xếp Tài Liệu,276409126,tiki,Nhà Cửa - Đời Sống,Nội thất,"Nội thất phòng học, làm việc",https://tiki.vn/product-p276409126.html?spid=276409127,103000,5.0,9,107,Deli,2026-04-29 13:51:00
Kệ Để Giày Dép Chữ X Thông Minh Có Thể Tháo Lắp Gấp Gọn - Kệ Nhựa 5 Tầng Cao Cấp Để Đồ Trang Trí Đa Năng Tiện Dụng - Giao Mầu Ngẫu Nhiên,275907899,tiki,Nhà Cửa - Đời Sống,Nội thất,Nội thất phòng khách,https://tiki.vn/product-p275907899.html?spid=275907900,120000,5.0,1,10,LuckyJQR,2026-04-29 13:51:00
Tấm thảm trải bàn làm việc bằng da cao cấp,275736800,tiki,Nhà Cửa - Đời Sống,Nội thất,Nội thất khác,https://tiki.vn/product-p275736800.html?spid=275736801,689000,0.0,0,4,PROLEA PL,2026-04-29 13:51:00
[Miễn phí vận chuyển & Lắp đặt] Giường ngủ bọc da cỡ lớn kết hợp gỗ cao cấp chống ẩm TẶNG kèm 2 tab đầu giường - GN024,275171417,tiki,Nhà Cửa - Đời Sống,Nội thất,Nội thất phòng ngủ,https://tiki.vn/product-p275171417.html?spid=275172754,25290000,0.0,0,0,OHAHA,2026-04-29 13:51:00
Kệ Màn Hình Máy Tính Monitor Sơn Phủ Bóng Kệ Gỗ Kê Màn Hình Uốn Cong Độc Đáo Sang Trọng Anzzar-06,274836465,tiki,Nhà Cửa - Đời Sống,Nội thất,"Nội thất phòng học, làm việc",https://tiki.vn/product-p274836465.html?spid=274836469,300000,5.0,1,8,anzzar,2026-04-29 13:51:00
Bộ Bàn Ăn RuDy Mặt Đá 2m 5 Ghế 1 Bench,274564358,tiki,Nhà Cửa - Đời Sống,Nội thất,Nội thất phòng ăn,https://tiki.vn/product-p274564358.html?spid=274564359,33000000,0.0,0,0,Tago ,2026-04-29 13:51:00
[Kèm Ảnh Thực Tế - Miễn phí vận chuyển & Lắp đặt]  BÀN ĂN GẤP GỌN THÔNG MINH GIẢ VÂN ĐÁ OHAHA CÓ BÁNH XE - BA004,273984395,tiki,Nhà Cửa - Đời Sống,Nội thất,Nội thất phòng ăn,https://tiki.vn/product-p273984395.html?spid=274498715,1999000,0.0,0,0,OHAHA,2026-04-29 13:51:00
KỆ TRANG TRÍ PHÒNG KHÁCH ĐA NĂNG OHAHA - KTT009,273599616,tiki,Nhà Cửa - Đời Sống,Nội thất,Nội thất phòng ăn,https://tiki.vn/product-p273599616.html?spid=273599618,2350000,0.0,0,0,OHAHA,2026-04-29 13:51:00
"Giường Sofa, Sofa Giường Gấp Gọn Thành ghế Thông Minh 2 trong 1 Tundo Tặng Đệm Và Gối",273458655,tiki,Nhà Cửa - Đời Sống,Nội thất,Nội thất phòng khách,https://tiki.vn/product-p273458655.html?spid=273458661,5940000,4.0,1,2,Tundo,2026-04-29 13:51:00
[Kèm Ảnh Thực Tế - Miễn phí vận chuyển & Lắp đặt] Bàn gấp gọn thông minh có bánh xe Ohaha - BGG001,273316039,tiki,Nhà Cửa - Đời Sống,Nội thất,"Nội thất phòng học, làm việc",https://tiki.vn/product-p273316039.html?spid=273316043,1450000,0.0,0,1,OHAHA,2026-04-29 13:51:00
"Kệ gỗ gắn tường bằng vít âm đẹp, kệ gỗ thông nguyên khối trang trí Anzzar-KG01",273122997,tiki,Nhà Cửa - Đời Sống,Nội thất,Nội thất phòng khách,https://tiki.vn/product-p273122997.html?spid=273122999,200000,5.0,3,53,anzzar,2026-04-29 13:51:00
Bàn ăn gấp gọn thông minh đa năng Ohaha - BA006,270990746,tiki,Nhà Cửa - Đời Sống,Nội thất,Nội thất phòng ăn,https://tiki.vn/product-p270990746.html?spid=270990748,1600000,4.5,10,1,OHAHA,2026-04-29 13:51:00
Ghế Togo thư giãn cao cấp Juno Sofa nhiều màu lựa chọn,242728096,tiki,Nhà Cửa - Đời Sống,Nội thất,Nội thất phòng ngủ,https://tiki.vn/product-p242728096.html?spid=242728097,2900000,0.0,0,0,Tundo,2026-04-29 13:51:00
BÀN HỌC BÀN LÀM VIỆC KẾT HỢP KỆ SÁCH blv06,203898440,tiki,Nhà Cửa - Đời Sống,Nội thất,"Nội thất phòng học, làm việc",https://tiki.vn/product-p203898440.html?spid=203898443,657800,0.0,0,1,HUCHU,2026-04-29 13:51:00
Ghế đảo bếp có lưng tựa chân tăng giảm chiều cao cho quầy giao dịch kỹ thuật viên HCM CB2201-1P,202782878,tiki,Nhà Cửa - Đời Sống,Nội thất,Nội thất phòng ăn,https://tiki.vn/product-p202782878.html?spid=202782892,975000,5.0,1,5,Capta,2026-04-29 13:51:00
"RÈM CỬA SỔ - SIZE VỪA- Chống nắng 95% (decor nhà cửa cực đẹp, cực rẻ)",196569699,tiki,Nhà Cửa - Đời Sống,Nội thất,Nội thất phòng khách,https://tiki.vn/product-p196569699.html?spid=196569717,85600,4.0,1,16,MODERO,2026-04-29 13:51:00
Rèm Cửa Rido Chống Nắng - Ngăn Phòng Móc Thẳng Tiết Kiệm Chi Phí và Không Gian-Diga Home,196569067,tiki,Nhà Cửa - Đời Sống,Nội thất,Nội thất phòng khách,https://tiki.vn/product-p196569067.html?spid=196569087,67000,4.3,7,37,MODERO,2026-04-29 13:51:00
"Rèm Cửa Phòng Khách Cao Cấp,Chống Nắng Tốt,Nhiều Màu,Kích Thước",196564948,tiki,Nhà Cửa - Đời Sống,Nội thất,Nội thất phòng khách,https://tiki.vn/product-p196564948.html?spid=196564973,65000,0.0,0,5,MODERO,2026-04-29 13:51:00
"[Mua 3 giảm 15%] Kệ Ngang Rộng 20cm, Dài 40/60/80cm, Thanh Gỗ 17mm Decor Trang Trí Treo Tường KT003",193878684,tiki,Nhà Cửa - Đời Sống,Nội thất,Nội thất phòng ăn,https://tiki.vn/product-p193878684.html?spid=193878686,122000,5.0,1,40,SIB DECOR,2026-04-29 13:51:00
Kệ để đồ thông minh trên vách ngăn Wellex PS600,159961669,tiki,Nhà Cửa - Đời Sống,Nội thất,Nội thất phòng khách,https://tiki.vn/product-p159961669.html?spid=159961670,408000,0.0,0,0,Wellex,2026-04-29 13:51:00
Bàn làm việc size lớn 100x50cm,131408021,tiki,Nhà Cửa - Đời Sống,Nội thất,"Nội thất phòng học, làm việc",https://tiki.vn/product-p131408021.html?spid=131408029,550000,4.0,1,10,HG FURNITURE H i G,2026-04-29 13:51:00
"Bàn Học, Làm Việc  Gấp Gọn Đa Năng Thông Minh Phù Hợp Với Mọi Không Gian Có Khe Cắm Ipad, Điện Thoại- Hàng Chính Hãng MINIIN",129271226,tiki,Nhà Cửa - Đời Sống,Nội thất,"Nội thất phòng học, làm việc",https://tiki.vn/product-p129271226.html?spid=178945019,104000,4.7,3,10,MINIIN,2026-04-29 13:51:00
[Kèm Ảnh Thực Tế - Miễn phí vận chuyển & Lắp đặt] Giường ngủ bệt thông minh kiểu Nhật cao cấp gỗ công nghiệp Ohaha - GB013,119357376,tiki,Nhà Cửa - Đời Sống,Nội thất,Nội thất phòng ngủ,https://tiki.vn/product-p119357376.html?spid=119357392,4490000,4.7,11,33, OHAHA.VN,2026-04-29 13:51:00
Tủ Nhựa 3 Buồng Tiện Lợi Chịu Lực Tốt Tủ Đựng Quần Áo Giá Tốt Nhất,100544279,tiki,Nhà Cửa - Đời Sống,Nội thất,Nội thất phòng ngủ,https://tiki.vn/product-p100544279.html?spid=100544284,2370000,0.0,0,3,Juno Sofa,2026-04-29 13:51:00
"Mành, rèm cửa, vách ngăn phòng sợi kim tuyến lấp lánh bền đẹp trang trí nhà cửa, spa sang trọng R102",96390489,tiki,Nhà Cửa - Đời Sống,Nội thất,Nội thất phòng khách,https://tiki.vn/product-p96390489.html?spid=96390497,329000,5.0,1,12,anzzar,2026-04-29 13:51:00
Kệ Sách 4 Tầng (Rộng 40cm) Gỗ Tự Nhiên 100%- Nâu,90072311,tiki,Nhà Cửa - Đời Sống,Nội thất,"Nội thất phòng học, làm việc",https://tiki.vn/product-p90072311.html?spid=247887751,570000,0.0,0,0,OEM,2026-04-29 13:51:00
BÀN TRÀ - KỆ ĐẦU GIƯỜNG,89042539,tiki,Nhà Cửa - Đời Sống,Nội thất,Nội thất phòng ngủ,https://tiki.vn/product-p89042539.html?spid=130765565,94000,3.9,10,39,OEM,2026-04-29 13:51:00
"Ghế xếp thư giãn SUMIKA 199 - có lăn tay massage, khung vuông cao cấp, tải trọng 300kg",70083074,tiki,Nhà Cửa - Đời Sống,Nội thất,Nội thất phòng khách,https://tiki.vn/product-p70083074.html?spid=260927435,1445000,4.0,1,8,Sumika,2026-04-29 13:51:00
"Kệ sách 50cm, 5 tầng gỗ cao su",57904270,tiki,Nhà Cửa - Đời Sống,Nội thất,"Nội thất phòng học, làm việc",https://tiki.vn/product-p57904270.html?spid=132816070,660000,5.0,2,12,OEM,2026-04-29 13:51:00
kệ sách hình cây 9 tầng,45262322,tiki,Nhà Cửa - Đời Sống,Nội thất,"Nội thất phòng học, làm việc",https://tiki.vn/product-p45262322.html?spid=45262328,445280,4.1,8,31,HUCHU,2026-04-29 13:51:00
Kệ Lò Vi Sóng IG 257,36831710,tiki,Nhà Cửa - Đời Sống,Nội thất,Nội thất phòng ăn,https://tiki.vn/product-p36831710.html?spid=36831715,678040,5.0,2,9,HUCHU,2026-04-29 13:51:00
Kệ Tivi 052,25439879,tiki,Nhà Cửa - Đời Sống,Nội thất,Nội thất phòng khách,https://tiki.vn/product-p25439879.html?spid=48697080,3870000,0.0,0,0,OEM,2026-04-29 13:51:00
"Tủ Tano DUY TÂN Nhựa PP/ABS, Tủ Quần Áo Đa Năng, Tiện Lợi",279226362,tiki,Nhà Cửa - Đời Sống,Nội thất,Nội thất phòng ngủ,https://tiki.vn/product-p279226362.html?spid=279226585,859000,0.0,0,0,Duy Tân,2026-04-29 13:51:00
"Tủ Nhựa Mini Duy Tân Tomi nhỏ 3 - 4 - 5 Tầng Nhựa PP/ABS, Tủ Mỹ Phẩm, Tủ Văn Phòng, Mini Để Bàn Tiện Lợi - Giao ngẫu nhiên",279222620,tiki,Nhà Cửa - Đời Sống,Nội thất,Nội thất phòng ngủ,https://tiki.vn/product-p279222620.html?spid=279222627,120000,0.0,0,0,Duy Tân,2026-04-29 13:51:00
"Đệm Lót Ghế Hoa Văn Cổ Điển Có Dây Buộc – Nệm Ngồi Dày Dặn Chống Trượt, Trang Trí Ghế Gỗ, Ghế Ăn, Ghế Sofa - HÀNG CHÍNH HÃNG MINIIN",278995532,tiki,Nhà Cửa - Đời Sống,Nội thất,Nội thất phòng khách,https://tiki.vn/product-p278995532.html?spid=278995538,79000,0.0,0,6,MINIIN,2026-04-29 13:51:00
Tựa Lưng Công Thái Học - Tựa Lưng Ghế Văn Phòng - Ghế Ô tô -  Bảo Vệ Cột Sống,278627096,tiki,Nhà Cửa - Đời Sống,Nội thất,"Nội thất phòng học, làm việc",https://tiki.vn/product-p278627096.html?spid=278627098,168000,0.0,0,2,fofaHome,2026-04-29 13:51:00
Combo Mặt Bàn Kính Cường Lực Và Vòng Xoay Nhôm KB-932,278152376,tiki,Nhà Cửa - Đời Sống,Nội thất,"Nội thất phòng học, làm việc",https://tiki.vn/product-p278152376.html?spid=278152378,800000,0.0,0,0,KIBATH Light solution for life,2026-04-29 13:51:00
"Cặp Đèn Thờ Vĩnh Cửu Sử Dụng Pin - Combo 2 Đèn Bàn Thờ Đẹp, Tôn Nghiêm Decor Decor Phòng Trang Trí Nhà",277867252,tiki,Nhà Cửa - Đời Sống,Nội thất,Nội thất khác,https://tiki.vn/product-p277867252.html?spid=277867253,80000,0.0,0,3,OEM,2026-04-29 13:51:00
Cây Cầu Tiểu Cảnh Tráng Trí Bể Cá Dễ Thương Đẹp Mắt,277844902,tiki,Nhà Cửa - Đời Sống,Nội thất,Nội thất khác,https://tiki.vn/product-p277844902.html?spid=277844903,85000,0.0,0,1,OEM,2026-04-29 13:51:00
"Bàn Làm Việc Xếp Gọn Thông Minh, Tiết Kiệm Không Gian, Chịu Tải 60kg",277572501,tiki,Nhà Cửa - Đời Sống,Nội thất,"Nội thất phòng học, làm việc",https://tiki.vn/product-p277572501.html?spid=277572503,440220,0.0,0,0,HUCHU,2026-04-29 13:51:00
Ghế Học Sinh Thông Minh Có Bánh Xe Khoá Cố Định Xoay 360 Độ – Tặng Vỏ Bọc Ghế Tiện Lợi - HÀNG CHÍNH HÃNG MINIIN,277535222,tiki,Nhà Cửa - Đời Sống,Nội thất,"Nội thất phòng học, làm việc",https://tiki.vn/product-p277535222.html?spid=277535224,699000,4.0,1,4,MINIIN,2026-04-29 13:51:00
"Tủ Gỗ Lắp Ghép, Tủ Quần Áo Trẻ Em IGA Chống Đổ An Toàn Chất Liệu Gỗ Phủ Melamin Chống Nước và Xước Tuyệt Đối - GP123",277531443,tiki,Nhà Cửa - Đời Sống,Nội thất,Nội thất phòng ngủ,https://tiki.vn/product-p277531443.html?spid=277531444,2137850,0.0,0,0,HUCHU,2026-04-29 13:51:00
Kệ sách 4-5 tầng giá sách giá đỡ sàn sáng tạo xoay 360 độ giá sách bằng gỗ cho trẻ em sử dụng tại nhà,277460716,tiki,Nhà Cửa - Đời Sống,Nội thất,"Nội thất phòng học, làm việc",https://tiki.vn/product-p277460716.html?spid=277460718,1998700,0.0,0,0,HUCHU,2026-04-29 13:51:00
Kệ Màn Hình Máy Tính Monitor Sơn Phủ Bóng Kệ Gỗ Kê Màn Hình Uốn Cong Có Ngăn Kéo Độc Đáo Sang Trọng Anzzar-08,276612894,tiki,Nhà Cửa - Đời Sống,Nội thất,"Nội thất phòng học, làm việc",https://tiki.vn/product-p276612894.html?spid=276613092,350000,0.0,0,3,anzzar,2026-04-29 13:51:00
Bàn Ăn Gỗ Sồi gấp gọn 1m4-1m2 Tự Nhiên Chưa bao gồm ghế - Chịu Lực 200kg - Chống Mối Mọt,276602644,tiki,Nhà Cửa - Đời Sống,Nội thất,Nội thất phòng ăn,https://tiki.vn/product-p276602644.html?spid=276602652,2528900,0.0,0,0,OEM,2026-04-29 13:51:00
"Ghế Bệt Tựa Lưng, Ghế Ngồi Bệt Tatami Nhật Bản Hàng Chính Hãng",275354105,tiki,Nhà Cửa - Đời Sống,Nội thất,Nội thất phòng khách,https://tiki.vn/product-p275354105.html?spid=275354117,335000,4.5,8,43,Anh Lam Store,2026-04-29 13:51:00
[Miễn phí lắp đặt & vận chuyển] Giường tầng trẻ em thông minh cao cấp 2 tầng Ohaha - GTCC028,275088454,tiki,Nhà Cửa - Đời Sống,Nội thất,Nội thất phòng ngủ,https://tiki.vn/product-p275088454.html?spid=275088504,35990000,0.0,0,0,OHAHA,2026-04-29 13:51:00
Giường ngủ ALALA05 + 2 hộc kéo/ Miễn phí vận chuyển và lắp đặt/ Đổi trả 30 ngày/ Sản phẩm được bảo hành 5 năm từ thương hiệu ALALA/ Chịu lực 700kg,275047020,tiki,Nhà Cửa - Đời Sống,Nội thất,Nội thất phòng ngủ,https://tiki.vn/product-p275047020.html?spid=275047036,2599000,0.0,0,0,alala.vn,2026-04-29 13:51:00
"Giường Gấp 4 Khúc NIKITA Chính Hãng, Gấp Gọn Tiện Lợi, Tiết Kiệm Không Gian Nhà Cửa",274886065,tiki,Nhà Cửa - Đời Sống,Nội thất,Nội thất phòng ngủ,https://tiki.vn/product-p274886065.html?spid=274886080,1939000,0.0,0,2,Nikita,2026-04-29 13:51:00
TỦ GIÀY THÔNG MINH OHAHA PHONG CÁCH TÂN CỔ ĐIỂN - TG004,273978812,tiki,Nhà Cửa - Đời Sống,Nội thất,Nội thất phòng khách,https://tiki.vn/product-p273978812.html?spid=273978813,2190000,0.0,0,0,OHAHA,2026-04-29 13:51:00
[Kèm Ảnh Thực Tế - Miễn phí vận chuyển & Lắp đặt] BÀN ĂN GẤP GỌN THÔNG MINH CÓ GHẾ VÀ BÁNH XE OHAHA - BA023,273934546,tiki,Nhà Cửa - Đời Sống,Nội thất,Nội thất phòng ăn,https://tiki.vn/product-p273934546.html?spid=273942236,4190000,4.5,2,7,OHAHA,2026-04-29 13:51:00
Tủ giày thông minh siêu mỏng cao cấp Ohaha - TGCC013,273624621,tiki,Nhà Cửa - Đời Sống,Nội thất,Nội thất phòng khách,https://tiki.vn/product-p273624621.html?spid=272852239,3300000,0.0,0,1,OHAHA,2026-04-29 13:51:00
Tủ đầu giường hiện đại Ohaha - TAB004,272890575,tiki,Nhà Cửa - Đời Sống,Nội thất,Nội thất phòng ngủ,https://tiki.vn/product-p272890575.html?spid=272890583,890000,0.0,0,2,OHAHA,2026-04-29 13:51:00
Mesh Ergonomic Executive office chairs with headrest. Ghế lưới văn phòng điều hành Ergonomic với tựa đầu.,271265560,tiki,Nhà Cửa - Đời Sống,Nội thất,"Nội thất phòng học, làm việc",https://tiki.vn/product-p271265560.html?spid=271265566,1150000,1.0,1,5,New BeGinning,2026-04-29 13:51:00
"Đệm Ngồi Bệt Kiểu Nhật, đệm lót ghế Vuông Và Tròn Sang Trọng",216405319,tiki,Nhà Cửa - Đời Sống,Nội thất,Nội thất phòng khách,https://tiki.vn/product-p216405319.html?spid=216405327,100000,0.0,0,1,LYG,2026-04-29 13:51:00
BÀN SOFA HIỆN ĐẠI HC-012,203442099,tiki,Nhà Cửa - Đời Sống,Nội thất,Nội thất phòng khách,https://tiki.vn/product-p203442099.html?spid=203442100,1464870,0.0,0,2,HUCHU,2026-04-29 13:51:00
Kệ để giày dép chữ x - Kệ để giày dép tháo lắp 5 - 6 tầng có thể tháo lắp gấp gọn,198995620,tiki,Nhà Cửa - Đời Sống,Nội thất,Nội thất phòng khách,https://tiki.vn/product-p198995620.html?spid=200720222,34000,4.3,8,150,OEM,2026-04-29 13:51:00
Rèm Cửa Đẹp Giá Rẻ-Chống Nắng Tốt-Nhiều Màu-Kích Thước,196568133,tiki,Nhà Cửa - Đời Sống,Nội thất,Nội thất phòng khách,https://tiki.vn/product-p196568133.html?spid=196568294,65000,4.5,2,3,MODERO,2026-04-29 13:51:00
Giường xếp lưới khung inox cỡ đại,195889091,tiki,Nhà Cửa - Đời Sống,Nội thất,Nội thất phòng ngủ,https://tiki.vn/product-p195889091.html?spid=195889097,1340000,0.0,0,2,OEM,2026-04-29 13:51:00
[Hàng chính hãng] Ghế chỉnh dáng ngồi đúng - Curble Wider_Premium Model Hàn Quốc (Made in Korea). Phù hợp mọi đối tượng (Free Size),168234677,tiki,Nhà Cửa - Đời Sống,Nội thất,"Nội thất phòng học, làm việc",https://tiki.vn/product-p168234677.html?spid=168234683,799000,4.8,93,477,Ablue,2026-04-29 13:51:00
Ghế bập bênh thư giãn giảm stress,54433864,tiki,Nhà Cửa - Đời Sống,Nội thất,Nội thất phòng khách,https://tiki.vn/product-p54433864.html?spid=116616762,3440000,0.0,0,1,OEM,2026-04-29 13:51:00
Bàn trà/sofa phong cách Bắc Âu,48055106,tiki,Nhà Cửa - Đời Sống,Nội thất,Nội thất phòng khách,https://tiki.vn/product-p48055106.html?spid=48055110,714725,5.0,1,11,HUCHU,2026-04-29 13:51:00
Kệ Giày Dép 5 Tầng Dài 63 cm Gỗ Cao Su,44934883,tiki,Nhà Cửa - Đời Sống,Nội thất,Nội thất phòng khách,https://tiki.vn/product-p44934883.html?spid=132816095,500000,0.0,0,0,OEM,2026-04-29 13:51:00
Kệ Giày Dép 3 Tầng Dài  62cm Gỗ Cao Su,44934393,tiki,Nhà Cửa - Đời Sống,Nội thất,Nội thất phòng khách,https://tiki.vn/product-p44934393.html?spid=132816101,350000,0.0,0,0,OEM,2026-04-29 13:51:00
Kệ Sách 4 Tầng Dài 40 cm Gỗ Cao Su,44856612,tiki,Nhà Cửa - Đời Sống,Nội thất,"Nội thất phòng học, làm việc",https://tiki.vn/product-p44856612.html?spid=132816074,520000,0.0,0,1,OEM,2026-04-29 13:51:00
Kệ sách hình cây có hộc,44819042,tiki,Nhà Cửa - Đời Sống,Nội thất,"Nội thất phòng học, làm việc",https://tiki.vn/product-p44819042.html?spid=44819044,394680,3.5,2,7,HUCHU,2026-04-29 13:51:00
Sofa góc Phòng khách - Mã DP11,26054447,tiki,Nhà Cửa - Đời Sống,Nội thất,Nội thất phòng khách,https://tiki.vn/product-p26054447.html?spid=56827744,6680000,4.5,34,80,OEM,2026-04-29 13:51:00
Combo 5 cái kệ để giày dép thông minh tiện dụng,23404452,tiki,Nhà Cửa - Đời Sống,Nội thất,Nội thất phòng khách,https://tiki.vn/product-p23404452.html?spid=76068095,42000,3.9,14,83,OEM,2026-04-29 13:51:00
"Tủ Vải 3D 1 Buồng 2 Ngăn, Tủ Quần Áo Họa Tiết Đẹp Mắt - Đa Dạng - Phong Cách, Tủ Vải Cao Cấp - Khung Sắt Chắc Chắn - Chống Gỉ",22614465,tiki,Nhà Cửa - Đời Sống,Nội thất,Nội thất phòng ngủ,https://tiki.vn/product-p22614465.html?spid=185931789,239262,4.0,3,7,OEM,2026-04-29 13:51:00
"Tủ quần áo bằng nhựa đài loan 1,85m x1,25m x50cm các màu",16984609,tiki,Nhà Cửa - Đời Sống,Nội thất,Nội thất phòng ngủ,https://tiki.vn/product-p16984609.html?spid=36916336,2480000,4.5,28,115,OEM,2026-04-29 13:51:00
Ghế Lười Hình Trụ Phú Mỹ GH-HTRU-VAVA-080 (Vàng),598624,tiki,Nhà Cửa - Đời Sống,Nội thất,Nội thất phòng khách,https://tiki.vn/product-p598624.html?spid=600693,770000,5.0,1,3,Phú Mỹ,2026-04-29 13:51:00
"Rổ chữ nhật đựng đồ chia ngăn, vách rời M-W - Hàng Nội Địa Nhật Bản",279005433,tiki,Nhà Cửa - Đời Sống,Nội thất,Nội thất khác,https://tiki.vn/product-p279005433.html?spid=279005434,39500,0.0,0,0,Sanada Seiko,2026-04-29 13:51:00
Ghế Gác Chân Massage Công Thái Học Kê Chân Thư Giãn Giảm Stress Cho Văn Phòng Sinh Viên,278882709,tiki,Nhà Cửa - Đời Sống,Nội thất,Nội thất phòng khách,https://tiki.vn/product-p278882709.html?spid=278882711,105000,0.0,0,4,PEAFLO,2026-04-29 13:51:00
Đèn Pin Laser 303 Tia Xanh / Tia Đỏ Siêu Sáng Kèm Pin Và Sạc,278436196,tiki,Nhà Cửa - Đời Sống,Nội thất,Nội thất khác,https://tiki.vn/product-p278436196.html?spid=278436200,185000,0.0,0,0,OEM,2026-04-29 13:51:00
Ống nhựa Acrylic độ trong suốt cao,278115334,tiki,Nhà Cửa - Đời Sống,Nội thất,"Nội thất phòng học, làm việc",https://tiki.vn/product-p278115334.html?spid=278115336,28000,0.0,0,0,OEM,2026-04-29 13:51:00
Keo Dán Giày Dép Trong Suốt Siêu Bám Dính Repair Shoe Glue 60Ml,277999852,tiki,Nhà Cửa - Đời Sống,Nội thất,Nội thất khác,https://tiki.vn/product-p277999852.html?spid=277999853,62000,0.0,0,3,OEM,2026-04-29 13:51:00
Máy Đuổi Muỗi Xông Tinh Dầu Cắm Điện Nguồn 220v,277999140,tiki,Nhà Cửa - Đời Sống,Nội thất,Nội thất khác,https://tiki.vn/product-p277999140.html?spid=277999142,80000,0.0,0,2,OEM,2026-04-29 13:51:00
Hộp Đựng Xà Phòng Hình Gấu Dán Tường Tiện Lợi,277845242,tiki,Nhà Cửa - Đời Sống,Nội thất,Nội thất khác,https://tiki.vn/product-p277845242.html?spid=277845243,39000,0.0,0,0,OEM,2026-04-29 13:51:00
Ghế sò mây decor quán cafe,277420649,tiki,Nhà Cửa - Đời Sống,Nội thất,"Nội thất phòng học, làm việc",https://tiki.vn/product-p277420649.html?spid=277420650,300000,0.0,0,0,CASAMAISON VN,2026-04-29 13:51:00
Bàn Học Gấp Gọn Nhiều Hình Dễ Thương Chân Nhựa Vuông (Giao Hình Ngẫu Nhiên),276306399,tiki,Nhà Cửa - Đời Sống,Nội thất,"Nội thất phòng học, làm việc",https://tiki.vn/product-p276306399.html?spid=276306400,125000,0.0,0,0,OEM,2026-04-29 13:51:00
Kệ để giày dép chữ x - Kệ để giày dép tháo lắp 5 - 6 tầng có thể tháo lắp gấp gọn,276303908,tiki,Nhà Cửa - Đời Sống,Nội thất,Nội thất phòng khách,https://tiki.vn/product-p276303908.html?spid=276303909,52000,0.0,0,4,TIEN ANH HOUSE,2026-04-29 13:51:00
Tấm lưới tựa lưng ghế văn phòng,275271630,tiki,Nhà Cửa - Đời Sống,Nội thất,"Nội thất phòng học, làm việc",https://tiki.vn/product-p275271630.html?spid=275271631,70000,5.0,1,5,Nhà của Mẹ,2026-04-29 13:51:00
Ghế đẩu gấp gọn Hokori Nhựa Việt Nhật .Ghế nhựa Hokori xếp gọn mang đi du lịch tiện lợi - Hàng chính hãng,275219472,tiki,Nhà Cửa - Đời Sống,Nội thất,Nội thất phòng khách,https://tiki.vn/product-p275219472.html?spid=275219480,49000,5.0,2,25,Hokori,2026-04-29 13:51:00
Ghế nhựa đúc xếp chồng CAT-S Nội thất Capta Ghế cafe-fastfood thân nhựa PP nguyên khối có lưng tựa không tay màu xám hoặc đỏ,275076485,tiki,Nhà Cửa - Đời Sống,Nội thất,Nội thất phòng ăn,https://tiki.vn/product-p275076485.html?spid=275076487,780000,0.0,0,0,Capta,2026-04-29 13:51:00
Bàn đôi thông minh nâng hạ 2 motor 2 phân đoạn MAH18032401,274550400,tiki,Nhà Cửa - Đời Sống,Nội thất,"Nội thất phòng học, làm việc",https://tiki.vn/product-p274550400.html?spid=274550401,12000000,0.0,0,0,Minh Anh House,2026-04-29 13:51:00
KỆ TRANG TRÍ PHÒNG KHÁCH THIẾT KẾ SANG TRỌNG OHAHA - KTT013,273604668,tiki,Nhà Cửa - Đời Sống,Nội thất,Nội thất phòng ăn,https://tiki.vn/product-p273604668.html?spid=273604678,3780000,0.0,0,0,OHAHA,2026-04-29 13:51:00
Tủ Để Đầu Giường - Tab Đầu Giường Gỗ MDF Cao Cấp kdg02,271317452,tiki,Nhà Cửa - Đời Sống,Nội thất,Nội thất phòng ngủ,https://tiki.vn/product-p271317452.html?spid=271317453,333960,5.0,1,5,HUCHU,2026-04-29 13:51:00
Tủ quần áo nhựa chất lượng 3 cánh mẫu mới HLN Juno Sofa 1m2 x 1m8 nhiều màu chọn lựa,271045438,tiki,Nhà Cửa - Đời Sống,Nội thất,Nội thất phòng ngủ,https://tiki.vn/product-p271045438.html?spid=271045448,2260000,5.0,1,1,Tundo,2026-04-29 13:51:00
"Giường xếp gấp gọn di động SUMIKA 386, khung thép, có bánh xe",262731552,tiki,Nhà Cửa - Đời Sống,Nội thất,Nội thất phòng ngủ,https://tiki.vn/product-p262731552.html?spid=263087290,1947000,0.0,0,4,Sumika,2026-04-29 13:51:00
"Mô Hình Tàu Gỗ Chở Hàng Napoleon cao cấp, gỗ tự nhiên, lắp ráp sẵn 1st FURNITURE bằng gỗ tự nhiên cao cấp sang trọng",261804260,tiki,Nhà Cửa - Đời Sống,Nội thất,Nội thất phòng khách,https://tiki.vn/product-p261804260.html?spid=261804263,918000,0.0,0,0,1st FURNITURE,2026-04-29 13:51:00
"Kệ để giày dép 05 tầng hợp kim nhôm - Giá để giày dép 05 tầng - Kệ để đồ, kệ sách loại gấp gọn cao cấp D Danido",252583961,tiki,Nhà Cửa - Đời Sống,Nội thất,Nội thất phòng khách,https://tiki.vn/product-p252583961.html?spid=252583965,119000,5.0,2,5,D Danido,2026-04-29 13:51:00
Kệ Giày Chữ L 4 Tầng Đa Năng Để Giày Dép Và Có Móc Treo Quần Áo Vừa Tiện Lợi Vừa Sang Trọng Decor Phong Cách Vintage - Hàng Chính Hãng MINIIN,247304469,tiki,Nhà Cửa - Đời Sống,Nội thất,Nội thất phòng khách,https://tiki.vn/product-p247304469.html?spid=247304470,99000,3.2,9,55,MINIIN,2026-04-29 13:51:00
Kệ Để Giày Dép 5 Tầng Hình Chữ X Cao Cấp.,243805144,tiki,Nhà Cửa - Đời Sống,Nội thất,Nội thất phòng khách,https://tiki.vn/product-p243805144.html?spid=278719554,60000,0.0,0,1,OEM,2026-04-29 13:51:00
Tủ hồ sơ Juno Sofa NT 190 HG04 ngăn kéo 40 x 55 x 67 cm,242086175,tiki,Nhà Cửa - Đời Sống,Nội thất,"Nội thất phòng học, làm việc",https://tiki.vn/product-p242086175.html?spid=242086176,1550000,0.0,0,0,Juno Sofa,2026-04-29 13:51:00
"Kệ gỗ treo tường nhiều kích thước màu nâu rustic có G, kệ trang trí Anzzar, decor phòng khách, phòng ngủ",208615719,tiki,Nhà Cửa - Đời Sống,Nội thất,Nội thất phòng ăn,https://tiki.vn/product-p208615719.html?spid=208615721,100000,3.5,2,10,anzzar,2026-04-29 13:51:00
Giường sắt 1m6 ghép gỗ,196575503,tiki,Nhà Cửa - Đời Sống,Nội thất,Nội thất phòng ngủ,https://tiki.vn/product-p196575503.html?spid=196575507,2900000,0.0,0,0,OEM,2026-04-29 13:51:00
"Giường sắt kiểu gỗ kích thước ngang từ 1M đến 1m8 dài 2M – GS46 mẫu đơn giản, tiện dụng, dễ dàng tháo ráp di chuyển.",195889252,tiki,Nhà Cửa - Đời Sống,Nội thất,Nội thất phòng ngủ,https://tiki.vn/product-p195889252.html?spid=195889259,2300000,0.0,0,0,OEM,2026-04-29 13:51:00
"Ghế thư giãn Tín Thành Phát phù hợp gia đình, văn phòng, không gian ngoài trời, dễ dàng di chuyển và sử dụng",194961874,tiki,Nhà Cửa - Đời Sống,Nội thất,Nội thất phòng ngủ,https://tiki.vn/product-p194961874.html?spid=275576261,1680000,5.0,2,3,Tín Thành Phát,2026-04-29 13:51:00
Kệ Sách Ngăn Chéo GP189,191381108,tiki,Nhà Cửa - Đời Sống,Nội thất,"Nội thất phòng học, làm việc",https://tiki.vn/product-p191381108.html?spid=191381109,461725,5.0,1,2,HUCHU,2026-04-29 13:51:00
GHẾ - GIƯỜNG XẾP DUY LỢI THÉP CỠ LỚN (TẶNG 10 MÓC ÁO KÉP NHỰA CAO CẤP DUY LỢI),190737894,tiki,Nhà Cửa - Đời Sống,Nội thất,Nội thất phòng ngủ,https://tiki.vn/product-p190737894.html?spid=190737895,959000,4.8,5,31,Duy Lợi,2026-04-29 13:51:00
Ghế Xoay văn phòng Juno Sofa bền chắc JN208,182124410,tiki,Nhà Cửa - Đời Sống,Nội thất,"Nội thất phòng học, làm việc",https://tiki.vn/product-p182124410.html?spid=182124411,1390000,0.0,0,3,Juno Sofa,2026-04-29 13:51:00
Bàn ăn mặt đá phiến xoay thông minh kéo dài kết hợp ghế Nordic,173752551,tiki,Nhà Cửa - Đời Sống,Nội thất,Nội thất phòng ăn,https://tiki.vn/product-p173752551.html?spid=173752564,16500000,0.0,0,0,ADORA,2026-04-29 13:51:00
"Ghế xếp thư giãn SUMIKA 179 NEW - Khóa bằng kim loại, vải lưới Textilene thoáng khí, tải trọng 300kg, khung ghế bằng thép, có khay đựng ly",155263629,tiki,Nhà Cửa - Đời Sống,Nội thất,Nội thất phòng khách,https://tiki.vn/product-p155263629.html?spid=260914563,1259000,0.0,0,1,Sumika,2026-04-29 13:51:00
Siêu Phẩm Độc Quyền Ghế Văn Phòng Thông Minh Tay Cất Gọn AZP FURNITURE Ergonomic AZP-98723 ĐEN Style Đương Đại,145971930,tiki,Nhà Cửa - Đời Sống,Nội thất,"Nội thất phòng học, làm việc",https://tiki.vn/product-p145971930.html?spid=145971931,1290000,4.5,69,258,AZP,2026-04-29 13:51:00
Tủ áo lùa Juno Sofa (trắng phối nâu gỗ),57327113,tiki,Nhà Cửa - Đời Sống,Nội thất,Nội thất phòng ngủ,https://tiki.vn/product-p57327113.html?spid=57327115,3550000,4.0,1,6,Juno Sofa,2026-04-29 13:51:00
Combo 5 kệ để giày dép thông minh – Giao màu ngẫu nhiên,52310054,tiki,Nhà Cửa - Đời Sống,Nội thất,Nội thất phòng khách,https://tiki.vn/product-p52310054.html?spid=108913303,40999,1.0,1,13,OEM,2026-04-29 13:51:00
Bàn Làm Việc Có Kệ Sách Mẫu Mới,44803282,tiki,Nhà Cửa - Đời Sống,Nội thất,"Nội thất phòng học, làm việc",https://tiki.vn/product-p44803282.html?spid=117727795,999000,5.0,2,4,OEM,2026-04-29 13:51:00
Giường Ngủ Gỗ Sồi Nga 1m2x2m Màu Tự Nhiên,21367267,tiki,Nhà Cửa - Đời Sống,Nội thất,Nội thất phòng ngủ,https://tiki.vn/product-p21367267.html?spid=248639970,3980000,5.0,1,1,OEM,2026-04-29 13:51:00
Tủ giày FINE FTG002,14599238,tiki,Nhà Cửa - Đời Sống,Nội thất,Nội thất phòng khách,https://tiki.vn/product-p14599238.html?spid=38079216,4900000,0.0,0,0,OEM,2026-04-29 13:51:00
Tủ nhựa Kata 5 ngăn nhiều màu,14233026,tiki,Nhà Cửa - Đời Sống,Nội thất,Nội thất phòng ngủ,https://tiki.vn/product-p14233026.html?spid=67036207,349000,0.0,0,6,OEM,2026-04-29 13:51:00
"Giá Đỡ Điện Thoại Để Bàn Gấp Gọn - Kệ Đỡ Xoay 360 Độ Cao Cấp Chống Trượt siêu bền, siêu chắc chắn..",279134381,tiki,Nhà Cửa - Đời Sống,Nội thất,"Nội thất phòng học, làm việc",https://tiki.vn/product-p279134381.html?spid=279134385,40000,4.0,1,1,OEM,2026-04-29 13:51:00
KAMERA MINI A9 NHỎ GỌN KẾT NỐI XEM TỪ XA HÌNH ẢNH SẮC NÉT HÀNG CHUẨN,278522193,tiki,Nhà Cửa - Đời Sống,Nội thất,"Nội thất phòng học, làm việc",https://tiki.vn/product-p278522193.html?spid=278522194,329000,0.0,0,3,OEM,2026-04-29 13:51:00
Dụng Cụ Chà Gót Chân Tẩy Tế Bào Chết Bằng Thép 2 Trong 1,278436928,tiki,Nhà Cửa - Đời Sống,Nội thất,Nội thất khác,https://tiki.vn/product-p278436928.html?spid=278436930,39000,0.0,0,0,OEM,2026-04-29 13:51:00
Bàn Cờ Vua Nam Châm Mini 14x13cm Siêu Nhỏ Gọn,277928282,tiki,Nhà Cửa - Đời Sống,Nội thất,Nội thất khác,https://tiki.vn/product-p277928282.html?spid=277928285,63000,0.0,0,3,OEM,2026-04-29 13:51:00
Camera Hành Trình G30 Full Hd 1080P LCD 2.7 Inch Góc Rộng Nhỏ Gọn Dễ Cài Đặt,277927671,tiki,Nhà Cửa - Đời Sống,Nội thất,Nội thất khác,https://tiki.vn/product-p277927671.html?spid=277927672,303000,0.0,0,0,OEM,2026-04-29 13:51:00
Sofa phòng khách Juno sofa Orange NK2025 KT 2m2 x 1m5,277439451,tiki,Nhà Cửa - Đời Sống,Nội thất,Nội thất phòng khách,https://tiki.vn/product-p277439451.html?spid=277439452,9500000,0.0,0,0,Tundo,2026-04-29 13:51:00
"Tủ Giày LẮP SẴN Gỗ Thông Minh kiêm ghế ngồi, Tủ Đựng Giày Dép Cao Cấp Gỗ Công Nghiệp Bền, Chất Lượng Cao TG-25",277431214,tiki,Nhà Cửa - Đời Sống,Nội thất,Nội thất phòng khách,https://tiki.vn/product-p277431214.html?spid=277431215,2103695,0.0,0,1,HUCHU,2026-04-29 13:51:00
"Thảm ghế gỗ Tây Âu, Nệm Ghế Gỗ SôFa hàng nhập cao cấp có đủ kích thước",276807589,tiki,Nhà Cửa - Đời Sống,Nội thất,Nội thất phòng khách,https://tiki.vn/product-p276807589.html?spid=276807621,390000,1.0,1,5,TIEN ANH HOUSE,2026-04-29 13:51:00
[ Miễn phí giao hàng và lắp đặt tại TP.HCM] Bộ bàn ăn thông minh xếp gọn kèm hệ tủ đồ - BA011,276472803,tiki,Nhà Cửa - Đời Sống,Nội thất,Nội thất phòng ăn,https://tiki.vn/product-p276472803.html?spid=276472866,7490000,0.0,0,0, OHAHA.VN,2026-04-29 13:51:00
Bàn nâng hạ 1 motor 2 phân đoạn chân trụ tròn MAH-DC12,276251258,tiki,Nhà Cửa - Đời Sống,Nội thất,"Nội thất phòng học, làm việc",https://tiki.vn/product-p276251258.html?spid=276251260,4300000,0.0,0,0,Minh Anh House,2026-04-29 13:51:00
[ Miễn phí vận chuyển và lắp đặt tại TP.HCM] Giường tầng thông minh hiện đại Ohaha kèm hệ tủ mở bên hông - GTHĐ021,276175748,tiki,Nhà Cửa - Đời Sống,Nội thất,Nội thất phòng ngủ,https://tiki.vn/product-p276175748.html?spid=276175972,13590000,0.0,0,0,OHAHA,2026-04-29 13:51:00
Ghế học sinh học bài thân nhựa CE1015-P Nội thất Capta Ghế xoay học sinh tiểu học trung học thân nhựa pp nhiều màu cho bé trai và bé gái tại HCM,275710230,tiki,Nhà Cửa - Đời Sống,Nội thất,"Nội thất phòng học, làm việc",https://tiki.vn/product-p275710230.html?spid=275710234,1380000,0.0,0,0,Capta,2026-04-29 13:51:00
[Miễn phí vận chuyển & lắp đặt] Giường ngủ cao cấp gỗ công nghiệp thiết kế hiện đại tích hợp 2 hộc kéo thông minh Ohaha - GC005 - Màu Trắng,275159345,tiki,Nhà Cửa - Đời Sống,Nội thất,Nội thất phòng ngủ,https://tiki.vn/product-p275159345.html?spid=275159347,5590000,5.0,1,4, OHAHA.VN,2026-04-29 13:51:00
[Miễn phí vận chuyển & lắp đặt] Giường ngủ thông minh cao cấp bọc nệm đầu giường gỗ công nghiệp Ohaha - GN008,275129285,tiki,Nhà Cửa - Đời Sống,Nội thất,Nội thất phòng ngủ,https://tiki.vn/product-p275129285.html?spid=275129300,12900000,0.0,0,0,OHAHA,2026-04-29 13:51:00
[Miễn phí lắp đặt & vận chuyển] Giường tầng trẻ em thông minh cao cấp 3 tầng có cầu trượt Ohaha - GTCC032,275121531,tiki,Nhà Cửa - Đời Sống,Nội thất,Nội thất phòng ngủ,https://tiki.vn/product-p275121531.html?spid=275121591,49590000,0.0,0,0,OHAHA,2026-04-29 13:51:00
[Kèm Ảnh Thực Tế - Miễn phí vận chuyển & Lắp đặt] Giường ngủ bệt thông minh kiểu Nhật cao cấp Ohaha - GB010,274720390,tiki,Nhà Cửa - Đời Sống,Nội thất,Nội thất phòng ngủ,https://tiki.vn/product-p274720390.html?spid=168325188,3790000,0.0,0,0, OHAHA.VN,2026-04-29 13:51:00
KỆ TRANG TRÍ PHÒNG KHÁCH ĐA NĂNG OHAHA - KTT008,273598559,tiki,Nhà Cửa - Đời Sống,Nội thất,Nội thất phòng ăn,https://tiki.vn/product-p273598559.html?spid=273598626,3000000,0.0,0,0,OHAHA,2026-04-29 13:51:00
"Kệ gỗ tổ ong đa năng, kệ sách nhiều tầng trang trí giá rẻ, lắp ghép tiện dụng",271312793,tiki,Nhà Cửa - Đời Sống,Nội thất,"Nội thất phòng học, làm việc",https://tiki.vn/product-p271312793.html?spid=271312803,173305,0.0,0,13,HUCHU,2026-04-29 13:51:00
"Bàn Học Sinh , Bàn Học Cho Bé Hiện Đại HC-049",271058212,tiki,Nhà Cửa - Đời Sống,Nội thất,"Nội thất phòng học, làm việc",https://tiki.vn/product-p271058212.html?spid=271058218,2213750,4.5,2,4,HUCHU,2026-04-29 13:51:00
Vách Ngăn Bình Phong Kín IG465,270663445,tiki,Nhà Cửa - Đời Sống,Nội thất,Nội thất phòng khách,https://tiki.vn/product-p270663445.html?spid=270663451,362000,4.5,2,78,HUCHU,2026-04-29 13:51:00
"Kệ kê màn hình máy tính bằng gỗ, Kệ gỗ kê màn hình máy tính Gaming Anzzar-03",270511025,tiki,Nhà Cửa - Đời Sống,Nội thất,"Nội thất phòng học, làm việc",https://tiki.vn/product-p270511025.html?spid=270511027,240000,4.8,4,47,anzzar,2026-04-29 13:51:00
Tủ quần áo ALALA236 gỗ HMR chống nước - www.ALALA.vn - 0939.622220,249659240,tiki,Nhà Cửa - Đời Sống,Nội thất,Nội thất phòng ngủ,https://tiki.vn/product-p249659240.html?spid=54849993,4999000,5.0,1,1,alala.vn,2026-04-29 13:51:00
Giường gấp kiểu dáng hàn quốc Nikita NKT,221272895,tiki,Nhà Cửa - Đời Sống,Nội thất,Nội thất phòng ngủ,https://tiki.vn/product-p221272895.html?spid=221272904,2369000,4.8,29,89,Nikita,2026-04-29 13:51:00
"Đệm Ngồi 2 Lớp 3D Thoáng Khí SILICON Cấu Trúc Tổ Ong, Nệm Ngồi Ghế Văn Phòng, Xe Hơi",214752791,tiki,Nhà Cửa - Đời Sống,Nội thất,"Nội thất phòng học, làm việc",https://tiki.vn/product-p214752791.html?spid=278677031,83000,0.0,0,1,OEM,2026-04-29 13:51:00
Ghế công thái học Nghia furniture LUMBAR - Ghế xoay văn phòng làm việc nhiều tính năng khủng,205985398,tiki,Nhà Cửa - Đời Sống,Nội thất,"Nội thất phòng học, làm việc",https://tiki.vn/product-p205985398.html?spid=271727444,2950000,4.8,36,157,Nghia Furniture Best choice for nicehome,2026-04-29 13:51:00
GIƯỜNG SẮT HỘP VUÔNG CHẮC CHẮN ĐỦ SIZE 1M6X2M,196576009,tiki,Nhà Cửa - Đời Sống,Nội thất,Nội thất phòng ngủ,https://tiki.vn/product-p196576009.html?spid=196576010,2300000,0.0,0,0,OEM,2026-04-29 13:51:00
Giường xếp lưới khung inox cỡ đại ĐẠI THÀNH-GX05,193100020,tiki,Nhà Cửa - Đời Sống,Nội thất,Nội thất phòng ngủ,https://tiki.vn/product-p193100020.html?spid=193100027,1090000,0.0,0,4,OEM,2026-04-29 13:51:00
GHẾ - GIƯỜNG XẾP  DUY LỢI THÉP CỠ ĐẠI (TẶNG 10 MÓC ÁO KÉP NHỰA CAO CẤP DUY LỢI),190737527,tiki,Nhà Cửa - Đời Sống,Nội thất,Nội thất phòng ngủ,https://tiki.vn/product-p190737527.html?spid=190737528,1069000,5.0,2,20,Duy Lợi,2026-04-29 13:51:00
Bộ bàn ăn mặt đá Cẩm thạch nhân tạo khung inox mạ vàng kết hợp ghế Monet phong cách Bắc Âu,186605745,tiki,Nhà Cửa - Đời Sống,Nội thất,Nội thất phòng ăn,https://tiki.vn/product-p186605745.html?spid=186605747,15500000,0.0,0,0,ADORA,2026-04-29 13:51:00
"Bàn làm việc bàn hoc chữ k 40x100,60x120cm",185843602,tiki,Nhà Cửa - Đời Sống,Nội thất,"Nội thất phòng học, làm việc",https://tiki.vn/product-p185843602.html?spid=185843624,490000,4.3,19,80,HG FURNITURE H i G,2026-04-29 13:51:00
Bàn ăn mặt đá ceramic bóng chân chéo x cong kết hợp ghế Sheraton sọc,177549134,tiki,Nhà Cửa - Đời Sống,Nội thất,Nội thất phòng ăn,https://tiki.vn/product-p177549134.html?spid=177549138,15100000,0.0,0,0,ADORA,2026-04-29 13:51:00
Giường tầng Asaka size( 1m4 và 1m6),154365780,tiki,Nhà Cửa - Đời Sống,Nội thất,Nội thất trẻ em,https://tiki.vn/product-p154365780.html?spid=247428000,4150000,0.0,0,1,OEM,2026-04-29 13:51:00
"Đệm Vuông Ngồi Bệt, Đệm Lót Ghế Xinh Xắn MINIIN Kích Cỡ 45x45x5cm- Hàng Loại 1",150093123,tiki,Nhà Cửa - Đời Sống,Nội thất,Nội thất phòng khách,https://tiki.vn/product-p150093123.html?spid=150093172,109000,3.8,10,61,MINIIN,2026-04-29 13:51:00
Siêu Phẩm Độc Quyền Ghế Văn Phòng Thông Minh Tay Cất Gọn AZP FURNITURE Ergonomic AZP-98723 XÁM - Style Đương Đại,145971794,tiki,Nhà Cửa - Đời Sống,Nội thất,"Nội thất phòng học, làm việc",https://tiki.vn/product-p145971794.html?spid=145971795,1290000,4.5,150,488,AZP,2026-04-29 13:51:00
Ghế nhựa đúc 100% cao cấp phù hợp mọi phong cách như ghế ăn ghế cafe ghế tiếp khách,119252992,tiki,Nhà Cửa - Đời Sống,Nội thất,Nội thất phòng khách,https://tiki.vn/product-p119252992.html?spid=119252998,980000,0.0,0,0,Capta,2026-04-29 13:51:00
Tủ quần áo nhựa đài loan 2 cánh 5 ngăn _TN25-01,75326215,tiki,Nhà Cửa - Đời Sống,Nội thất,Nội thất phòng ngủ,https://tiki.vn/product-p75326215.html?spid=93365059,1710000,4.2,18,52,OEM,2026-04-29 13:51:00
Tủ quần áo Baby Jang Mi,54887679,tiki,Nhà Cửa - Đời Sống,Nội thất,Nội thất phòng ngủ,https://tiki.vn/product-p54887679.html?spid=54887685,1290000,4.5,9,27,Juno Sofa,2026-04-29 13:51:00
"Bàn học gấp gọn Thông minh, có khe cắm",53467695,tiki,Nhà Cửa - Đời Sống,Nội thất,"Nội thất phòng học, làm việc",https://tiki.vn/product-p53467695.html?spid=68966241,96000,3.8,73,267,OEM,2026-04-29 13:51:00
Ghế sofa bật thành giường đa năng DP-SGB12,26847882,tiki,Nhà Cửa - Đời Sống,Nội thất,Nội thất phòng khách,https://tiki.vn/product-p26847882.html?spid=56702244,4950000,4.5,17,73,OEM,2026-04-29 13:51:00
Tủ quần áo làm bằng nhựa đài loan dành cho người lớn và trẻ em kích thước 1.25m x 1.45mx 45cm,20884533,tiki,Nhà Cửa - Đời Sống,Nội thất,Nội thất phòng ngủ,https://tiki.vn/product-p20884533.html?spid=36905098,1921000,4.0,6,66,OEM,2026-04-29 13:51:00
[KoSuyTu] Giá Đỡ Điện Thoại 3 Trong 1 Kèm Pin Dự Phòng & Loa Bluetooth - Đa Năng Tiện Lợi Di Động Điều Chỉnh Góc 360 Độ Tương Thích Nhiều Thiết Bị,278851715,tiki,Nhà Cửa - Đời Sống,Nội thất,"Nội thất phòng học, làm việc",https://tiki.vn/product-p278851715.html?spid=278851716,79000,0.0,0,2,OEM,2026-04-29 13:51:00
Bàn ăn thông minh gấp gọn HC-419,278351516,tiki,Nhà Cửa - Đời Sống,Nội thất,Nội thất phòng ăn,https://tiki.vn/product-p278351516.html?spid=278351519,1884850,0.0,0,2,HUCHU,2026-04-29 13:51:00
Ghế chỉnh dáng ngồi đúng Roichen Giant,277998282,tiki,Nhà Cửa - Đời Sống,Nội thất,Nội thất phòng ngủ,https://tiki.vn/product-p277998282.html?spid=278042843,900000,0.0,0,0,Roichen,2026-04-29 13:51:00
Giường ngủ gỗ công nghiệp cao cấp OHAHA  - GC034,277557821,tiki,Nhà Cửa - Đời Sống,Nội thất,Nội thất phòng ngủ,https://tiki.vn/product-p277557821.html?spid=277557823,5999000,0.0,0,0,OHAHA,2026-04-29 13:51:00
Giá đỡ treo ổ cắm điện đa năng DandiHome không cần đục lỗ - Máng treo dây điện decor phòng làm việc,277504898,tiki,Nhà Cửa - Đời Sống,Nội thất,"Nội thất phòng học, làm việc",https://tiki.vn/product-p277504898.html?spid=277504902,275000,0.0,0,3,DandiHome,2026-04-29 13:51:00
ống inox nhỏ liền mạch 1mm. 2mm. 3mm. 4mm. 5mm. 6mm. (SU304),276988986,tiki,Nhà Cửa - Đời Sống,Nội thất,Nội thất khác,https://tiki.vn/product-p276988986.html?spid=133921243,150000,0.0,0,2,Hadu ,2026-04-29 13:51:00
Tủ quần áo ALALA1001/ Miễn phí vận chuyển và lắp đặt/ Đổi trả 30 ngày/ Sản phẩm được bảo hành 5 năm từ thương hiệu ALALA,276464068,tiki,Nhà Cửa - Đời Sống,Nội thất,Nội thất phòng ngủ,https://tiki.vn/product-p276464068.html?spid=276464070,2999000,0.0,0,0,alala.vn,2026-04-29 13:51:00
"[Kèm Ảnh Thực Tế - Miễn phí vận chuyển & Lắp đặt] Bộ Bàn Ăn Thông Minh Xếp Gọn OHAHA 4 Ghế, Không Bánh Xe - BA002",276275365,tiki,Nhà Cửa - Đời Sống,Nội thất,Nội thất phòng ăn,https://tiki.vn/product-p276275365.html?spid=120313342,3450000,4.8,10,28, OHAHA.VN,2026-04-29 13:51:00
BỘ BÀN ĂN GẤP GỌN THÔNG MINH OHAHA 4 GHẾ CÓ BÁNH XE 360 ĐỘ - BA001,276275339,tiki,Nhà Cửa - Đời Sống,Nội thất,Nội thất phòng ăn,https://tiki.vn/product-p276275339.html?spid=273986961,2590000,0.0,0,0,OHAHA,2026-04-29 13:51:00
Bàn nâng hạ 2 motor 3 phân đoạn MAH-D23 - Mặt bàn MDF,276157987,tiki,Nhà Cửa - Đời Sống,Nội thất,"Nội thất phòng học, làm việc",https://tiki.vn/product-p276157987.html?spid=276157990,5900000,0.0,0,0,Minh Anh House,2026-04-29 13:51:00
"mặt bàn gỗ thông, gỗ sồi, gỗ tự nhiên",276152924,tiki,Nhà Cửa - Đời Sống,Nội thất,"Nội thất phòng học, làm việc",https://tiki.vn/product-p276152924.html?spid=276152928,2000000,0.0,0,0,Minh Anh House,2026-04-29 13:51:00
"Mặt bàn Acrylic nhiều kích thước, màu đen, trắng",276152506,tiki,Nhà Cửa - Đời Sống,Nội thất,"Nội thất phòng học, làm việc",https://tiki.vn/product-p276152506.html?spid=276152542,2500000,0.0,0,0,Minh Anh House,2026-04-29 13:51:00
"Khay Đựng Son , Đồ Trang Điểm 24 Ô Bằng Mica Chắc Chắn - PaKaSa",275418344,tiki,Nhà Cửa - Đời Sống,Nội thất,Nội thất phòng ngủ,https://tiki.vn/product-p275418344.html?spid=275418345,39000,5.0,3,10,PaKaSa,2026-04-29 13:51:00
Giường gỗ pallet Tatana MDF029,274574605,tiki,Nhà Cửa - Đời Sống,Nội thất,Nội thất phòng ngủ,https://tiki.vn/product-p274574605.html?spid=274574607,2800000,0.0,0,0,Tatana,2026-04-29 13:51:00
"Ghế Thư Giãn Bập Bênh, Ghế Lười Đọc Sách Nghỉ Ngơi Có Kê Chân, Ghế Bập Bênh Giải Trí Xem Phim Bảo Hành 3 Năm",273692331,tiki,Nhà Cửa - Đời Sống,Nội thất,Nội thất phòng khách,https://tiki.vn/product-p273692331.html?spid=273692335,2500000,5.0,2,8,Office Chill,2026-04-29 13:51:00
[Kèm Ảnh Thực Tế - Miễn phí vận chuyển & Lắp đặt] Tủ giày thông minh siêu mỏng cao cấp Ohaha - TGCC022,272874560,tiki,Nhà Cửa - Đời Sống,Nội thất,Nội thất phòng khách,https://tiki.vn/product-p272874560.html?spid=272874564,1500000,0.0,0,0,OHAHA,2026-04-29 13:51:00
GIƯỜNG TẦNG THÔNG MINH CAO CẤP OHAHA - GTCC007,270749768,tiki,Nhà Cửa - Đời Sống,Nội thất,Nội thất phòng ngủ,https://tiki.vn/product-p270749768.html?spid=270749770,15990000,0.0,0,0,OHAHA,2026-04-29 13:51:00
Tủ ngăn kéo HC-420,270494182,tiki,Nhà Cửa - Đời Sống,Nội thất,Nội thất phòng khách,https://tiki.vn/product-p270494182.html?spid=270494186,1467400,0.0,0,1,HUCHU,2026-04-29 13:51:00
Bộ bàn ăn ALALA941 gỗ HMR chống nước - ww.ALALA.vn - 0939.622220,252176273,tiki,Nhà Cửa - Đời Sống,Nội thất,Nội thất phòng ăn,https://tiki.vn/product-p252176273.html?spid=252176275,2999000,5.0,1,1,alala.vn,2026-04-29 13:51:00
Giá Treo Quần Áo Cao Cấp- Giá Treo Đồ Đứng Nội Thất Kiểu Hàn - Màu Gỗ Tự Nhiên,251520141,tiki,Nhà Cửa - Đời Sống,Nội thất,Nội thất phòng khách,https://tiki.vn/product-p251520141.html?spid=249697335,530000,4.3,7,82,GACCO,2026-04-29 13:51:00
Giường Ngủ Gỗ Hiện Đại OHAHA - GN106,248754650,tiki,Nhà Cửa - Đời Sống,Nội thất,Nội thất phòng ngủ,https://tiki.vn/product-p248754650.html?spid=273501439,3999000,0.0,0,0,OHAHA,2026-04-29 13:51:00
"Bộ kệ gỗ treo tường trang trí, kệ trang trí Anzzar, decor phòng ngủ, phòng khách,bộ thanh gỗ treo tường",197590136,tiki,Nhà Cửa - Đời Sống,Nội thất,Nội thất phòng ăn,https://tiki.vn/product-p197590136.html?spid=197590138,540000,4.6,7,33,anzzar,2026-04-29 13:51:00
"Rèm Dính-Không Cần Khoan Vô Cùng Tiện Lợi, Chất Liệu Vải Cản Sáng Tốt-Nhiều Màu, Kích Thước",196565969,tiki,Nhà Cửa - Đời Sống,Nội thất,Nội thất phòng khách,https://tiki.vn/product-p196565969.html?spid=196565975,70000,4.8,4,16,MODERO,2026-04-29 13:51:00
"Rèm Tự Dính-Không Cần Khoan Vô Cùng Tiện Lợi, Chất Liệu Vải Cản Sáng Tốt-Nhiều Màu,Kích Thước",196565537,tiki,Nhà Cửa - Đời Sống,Nội thất,Nội thất phòng khách,https://tiki.vn/product-p196565537.html?spid=196565560,70000,5.0,2,38,MODERO,2026-04-29 13:51:00
KỆ SÁCH BẮC ÂU CHÂN GỖ CÁNH LẬT SIZE LỚN - HC1256,195970507,tiki,Nhà Cửa - Đời Sống,Nội thất,"Nội thất phòng học, làm việc",https://tiki.vn/product-p195970507.html?spid=195970508,1757085,0.0,0,0,HUCHU,2026-04-29 13:51:00
Bàn Học Thông Minh Chống Gù MAH-25032401,191123385,tiki,Nhà Cửa - Đời Sống,Nội thất,Nội thất trẻ em,https://tiki.vn/product-p191123385.html?spid=191123386,5779000,0.0,0,0,Minh Anh House,2026-04-29 13:51:00
"Giường bệnh Y tế, đa chức năng hỗ trợ chăm sóc người bệnh - Hàng chính hãng NIKITA",187010156,tiki,Nhà Cửa - Đời Sống,Nội thất,Nội thất phòng ngủ,https://tiki.vn/product-p187010156.html?spid=187010158,5400000,4.5,2,8,Nikita,2026-04-29 13:51:00
"Ghế Ăn, Ghế Cafe, Ghế Làm Việc, Ghế Thư Giản Relax, XẾP CHỒNG / CẤT GỌN AZP-ND02 - Dòng Đương Đại, Phân Khúc Trung Lưu.",176710349,tiki,Nhà Cửa - Đời Sống,Nội thất,Nội thất phòng khách,https://tiki.vn/product-p176710349.html?spid=176710353,690000,0.0,0,2,AZP,2026-04-29 13:51:00
"Thùng Đa Năng Đựng Quần Áo , Đồ Chơi Trẻ Em , Vật Dụng Linh Tinh Có Nắp Và Chốt Khóa Thông Minh Notoro Hàng Xuất Nhật - Chính Hãng ( Tặng kèm khăn lau pakasa)",176688088,tiki,Nhà Cửa - Đời Sống,Nội thất,Nội thất khác,https://tiki.vn/product-p176688088.html?spid=176688090,145950,5.0,2,29,Inochi,2026-04-29 13:51:00
"Bộ Giá Đỡ Ke Bàn Gấp Treo Tường KUNBE, Bản Lề Gập Thông Minh Tiết Kiệm Không Gian, Chịu Tải Tốt",145750524,tiki,Nhà Cửa - Đời Sống,Nội thất,"Nội thất phòng học, làm việc",https://tiki.vn/product-p145750524.html?spid=145750544,155000,4.7,58,332,KUNBE,2026-04-29 13:51:00
"Giường Tầng chất lượng Juno Sofa Tầng trên 1m, Tầng dưới 1m4",144230683,tiki,Nhà Cửa - Đời Sống,Nội thất,Nội thất phòng ngủ,https://tiki.vn/product-p144230683.html?spid=144230684,6360000,5.0,1,1,Juno Sofa,2026-04-29 13:51:00
Bàn làm việc kệ lửng,131407908,tiki,Nhà Cửa - Đời Sống,Nội thất,"Nội thất phòng học, làm việc",https://tiki.vn/product-p131407908.html?spid=131407922,650000,3.8,5,12,HG FURNITURE H i G,2026-04-29 13:51:00
Ghế tập ngồi cho bé,90473521,tiki,Nhà Cửa - Đời Sống,Nội thất,Nội thất trẻ em,https://tiki.vn/product-p90473521.html?spid=135093138,350000,0.0,0,0,OEM,2026-04-29 13:51:00
Bàn Xếp Gọn Chân Tiện (50cm x 70cm) Gỗ Tự Nhiên 100%- TN,90072185,tiki,Nhà Cửa - Đời Sống,Nội thất,"Nội thất phòng học, làm việc",https://tiki.vn/product-p90072185.html?spid=247855530,480000,0.0,0,0,OEM,2026-04-29 13:51:00
1 HỘP ĐỰNG GIÀY NHỰA CỨNG CAO CẤP -NẮP TRONG SUỐT TÍCH HỢP NAM CHÂM HÍT-MÀU ĐEN,67808306,tiki,Nhà Cửa - Đời Sống,Nội thất,Nội thất phòng khách,https://tiki.vn/product-p67808306.html?spid=108903251,88000,3.5,2,30,OEM,2026-04-29 13:51:00
Kệ Sách Gỗ Treo Tường 4 Tầng Đơn Giản Mà Đẹp SIB DECOR (Nhiều màu),52173227,tiki,Nhà Cửa - Đời Sống,Nội thất,"Nội thất phòng học, làm việc",https://tiki.vn/product-p52173227.html?spid=52173231,1269000,4.7,274,897,SIB DECOR,2026-04-29 13:51:00
bàn làm việc chân sắt - nâu,36461829,tiki,Nhà Cửa - Đời Sống,Nội thất,"Nội thất phòng học, làm việc",https://tiki.vn/product-p36461829.html?spid=117730412,799000,0.0,0,0,OEM,2026-04-29 13:51:00
Kệ Sách 5 Tầng Rộng 60cm,21172404,tiki,Nhà Cửa - Đời Sống,Nội thất,"Nội thất phòng học, làm việc",https://tiki.vn/product-p21172404.html?spid=248185699,730000,0.0,0,1,OEM,2026-04-29 13:51:00
Giường ngủ đẹp ( Mẫu 02 ),17009444,tiki,Nhà Cửa - Đời Sống,Nội thất,Nội thất phòng ngủ,https://tiki.vn/product-p17009444.html?spid=60808744,3220000,0.0,0,0,OEM,2026-04-29 13:51:00
Giường ngủ đẹp ( mẫu 01 ),17009342,tiki,Nhà Cửa - Đời Sống,Nội thất,Nội thất phòng ngủ,https://tiki.vn/product-p17009342.html?spid=60814972,3220000,4.0,1,4,OEM,2026-04-29 13:51:00
BỘ HẸN GIỜ KG316 TỰ ĐỘNG BẬT TẮT CÁC THIẾT BỊ ĐIỆN GIA ĐÌNH THÔNG MINH,278453135,tiki,Nhà Cửa - Đời Sống,Nội thất,"Nội thất phòng học, làm việc",https://tiki.vn/product-p278453135.html?spid=278453136,219000,0.0,0,0,OEM,2026-04-29 13:51:00
"Gối Massage Vai, Cổ, Gáy Cột Sống Đa Chức Năng 24W",278441219,tiki,Nhà Cửa - Đời Sống,Nội thất,Nội thất khác,https://tiki.vn/product-p278441219.html?spid=278744978,395000,0.0,0,1,OEM,2026-04-29 13:51:00
"Cuộn 3 mét Gioăng Ron Cách Âm Khung Cửa Màu Nâu Loại 10*6, *8, *10, *12, *15mm",278217488,tiki,Nhà Cửa - Đời Sống,Nội thất,Nội thất khác,https://tiki.vn/product-p278217488.html?spid=278217499,59000,0.0,0,0,OEM,2026-04-29 13:51:00
"Viên Pin nút Panasonic 3V CR-2016/5BE - 2032, 2025, 1632, 1620, 1616, 1220, 2450 pin cúc áo Cao cấp",278068846,tiki,Nhà Cửa - Đời Sống,Nội thất,Nội thất khác,https://tiki.vn/product-p278068846.html?spid=278068854,28314,0.0,0,0,OEM,2026-04-29 13:51:00
Đèn Học Kẹp Bàn Uốn Dẻo (Chưa Bao Gồm Bóng),277998641,tiki,Nhà Cửa - Đời Sống,Nội thất,Nội thất khác,https://tiki.vn/product-p277998641.html?spid=277998642,141000,0.0,0,0,OEM,2026-04-29 13:51:00
Đèn Pin Cầm Tay Siêu Sáng 4 Bóng Toma S03,277928638,tiki,Nhà Cửa - Đời Sống,Nội thất,Nội thất khác,https://tiki.vn/product-p277928638.html?spid=277928639,83000,5.0,1,3,OEM,2026-04-29 13:51:00
Bàn Ăn uống Xoay 360 Độ Bàn máy tính Bàn gấp chức năng Kết nối Bàn hình chữ L Bản lề,277479064,tiki,Nhà Cửa - Đời Sống,Nội thất,"Nội thất phòng học, làm việc",https://tiki.vn/product-p277479064.html?spid=277479065,2656500,0.0,0,0,HUCHU,2026-04-29 13:51:00
"Mặt Bàn Học Thông Minh, Bàn Học Chống Gù Cho Bé Tiểu Học, Mặt Bàn Nghiêng 12° Đa Năng 3 in 1 Cho Trẻ từ 5-12 tuổi",276481673,tiki,Nhà Cửa - Đời Sống,Nội thất,"Nội thất phòng học, làm việc",https://tiki.vn/product-p276481673.html?spid=276481677,425000,5.0,1,13,DORON,2026-04-29 13:51:00
Combo 10 Đế Để Giày Dép Thông Minh Tiết Kiệm Diện Tích Giao Màu Ngẫu Nhiên,276275804,tiki,Nhà Cửa - Đời Sống,Nội thất,Nội thất phòng khách,https://tiki.vn/product-p276275804.html?spid=276275826,90000,0.0,0,6,fofaHome,2026-04-29 13:51:00
"Tủ Đựng Mỹ Phẩm Cao Cấp HOKORI 4 Tầng, Kệ Đựng Mỹ Phẩm, Đồ Trang Điểm Nhiều Ngăn - Hàng Việt Nam",276275194,tiki,Nhà Cửa - Đời Sống,Nội thất,Nội thất phòng ngủ,https://tiki.vn/product-p276275194.html?spid=276275196,250950,5.0,1,5,Hokori,2026-04-29 13:51:00
"Bàn Làm Việc Nâng Hạ MAH-ARL23 , mặt bàn acrylic màu đen nhẵn",276251538,tiki,Nhà Cửa - Đời Sống,Nội thất,"Nội thất phòng học, làm việc",https://tiki.vn/product-p276251538.html?spid=276251604,8400000,0.0,0,0,Minh Anh House,2026-04-29 13:51:00
[ Miễn phí vận chuyển & lắp đặt]  Tủ quần áo cánh kính Ohaha - TCK009,276126226,tiki,Nhà Cửa - Đời Sống,Nội thất,Nội thất phòng ngủ,https://tiki.vn/product-p276126226.html?spid=276126312,8900000,0.0,0,0,OHAHA,2026-04-29 13:51:00
"Ghế công thái học nâng hạ độ cao, ghế xoay văn phòng, ghế làm việc công sở, nội thất công sở việt, newbeginning",275961199,tiki,Nhà Cửa - Đời Sống,Nội thất,"Nội thất phòng học, làm việc",https://tiki.vn/product-p275961199.html?spid=275961201,1852500,0.0,0,3,New BeGinning,2026-04-29 13:51:00
[Miễn phí vận chuyển & lắp đặt] Giường ngủ bệt thông minh kiểu Nhật cao cấp có vách ốp đầu giường Ohaha - GB005,275140397,tiki,Nhà Cửa - Đời Sống,Nội thất,Nội thất phòng ngủ,https://tiki.vn/product-p275140397.html?spid=275140551,5960000,0.0,0,0,OHAHA,2026-04-29 13:51:00
[Miễn phí vận chuyển & lắp đặt] Giường ngủ thông minh cao cấp bọc nệm đầu giường có hộc kéo gỗ công nghiệp Ohaha - GN021,275132669,tiki,Nhà Cửa - Đời Sống,Nội thất,Nội thất phòng ngủ,https://tiki.vn/product-p275132669.html?spid=275132733,7290000,0.0,0,0,OHAHA,2026-04-29 13:51:00
TỦ DÁN TƯỜNG ĐA NĂNG HOKORI - Tủ Mỹ Phẩm Treo Tường nhựa Việt Nhật,274583008,tiki,Nhà Cửa - Đời Sống,Nội thất,Nội thất phòng khách,https://tiki.vn/product-p274583008.html?spid=274625616,249000,5.0,1,2,Hokori,2026-04-29 13:51:00
"Tủ đựng mỹ phẩm, đồ dùng trang điểm, trang sức 2 tầng nhựa Hokori Việt Nhật",274581134,tiki,Nhà Cửa - Đời Sống,Nội thất,Nội thất phòng ngủ,https://tiki.vn/product-p274581134.html?spid=276309211,169200,5.0,1,4,Hokori,2026-04-29 13:51:00
Giường xếp Ngọc Hoàng cỡ đại kiểu Long Sàng,273496176,tiki,Nhà Cửa - Đời Sống,Nội thất,Nội thất phòng ngủ,https://tiki.vn/product-p273496176.html?spid=273496178,1800000,5.0,1,1,Ngọc Hoàng,2026-04-29 13:51:00
[Kèm Ảnh Thực Tế - Miễn phí vận chuyển & Lắp đặt] BÀN ĂN GẤP GỌN THÔNG MINH CÓ GHẾ VÀ BÁNH XE OHAHA - BA025,273314546,tiki,Nhà Cửa - Đời Sống,Nội thất,Nội thất phòng ăn,https://tiki.vn/product-p273314546.html?spid=273502378,5190000,0.0,0,1,OHAHA,2026-04-29 13:51:00
"Giường tầng cho Bé (Trên, dưới 1m2) ALALA118/ Miễn phí vận chuyển và lắp đặt/ Đổi trả 30 ngày/ Sản phẩm được bảo hành 5 năm từ thương hiệu ALALA/ Chịu lực 700kg",272103937,tiki,Nhà Cửa - Đời Sống,Nội thất,Nội thất trẻ em,https://tiki.vn/product-p272103937.html?spid=272103938,13999000,0.0,0,0,alala.vn,2026-04-29 13:51:00
Ghế nhựa đúc liền khối tựa lưng dạng lưới,270874213,tiki,Nhà Cửa - Đời Sống,Nội thất,Nội thất phòng khách,https://tiki.vn/product-p270874213.html?spid=270874217,999000,0.0,0,0,COBI Home,2026-04-29 13:51:00
Kệ Xếp Chia Ngăn Kéo Tủ Quần Áo KUNBE Đựng Đồ Đa Năng Gấp Gọn Thông Minh,270461507,tiki,Nhà Cửa - Đời Sống,Nội thất,Nội thất phòng ngủ,https://tiki.vn/product-p270461507.html?spid=270461521,115000,5.0,1,19,KUNBE,2026-04-29 13:51:00
Ổ khóa chống cắt I Ổ khóa Byland 50mm,204820660,tiki,Nhà Cửa - Đời Sống,Nội thất,Nội thất khác,https://tiki.vn/product-p204820660.html?spid=205943563,49000,5.0,2,8,OEM,2026-04-29 13:51:00
KỆ GIÀY DÉP NHIỀU TẦNG CHỮ X,204430342,tiki,Nhà Cửa - Đời Sống,Nội thất,Nội thất phòng khách,https://tiki.vn/product-p204430342.html?spid=277869112,65000,0.0,0,7,OEM,2026-04-29 13:51:00
Tủ quần áo gỗ sồi cửa lùa Tundo 120 x 60 x 200 cm,202385279,tiki,Nhà Cửa - Đời Sống,Nội thất,Nội thất phòng ngủ,https://tiki.vn/product-p202385279.html?spid=202385280,14461000,0.0,0,0,Tundo,2026-04-29 13:51:00
[Mua 4 giảm 20%] Kệ Thanh Ngang Treo Tường Kết Cấu Giấu Chân Màu Vân Gỗ Sồi 719 Thương Hiệu KT001,198822441,tiki,Nhà Cửa - Đời Sống,Nội thất,Nội thất phòng khách,https://tiki.vn/product-p198822441.html?spid=198822443,108000,0.0,0,2,SIB DECOR,2026-04-29 13:51:00
"Rèm Dán Tường Cửa Sổ,Trang Trí-Không Cần Khoan Vô Cùng Tiện Lợi, Chất Liệu Vải Cản Sáng Tốt",196569945,tiki,Nhà Cửa - Đời Sống,Nội thất,Nội thất phòng khách,https://tiki.vn/product-p196569945.html?spid=196569967,70000,0.0,0,0,MODERO,2026-04-29 13:51:00
Rèm đẹp DIGA HOME Chống Nắng Màu ghi tối - Nhiều Kích Thước,196567564,tiki,Nhà Cửa - Đời Sống,Nội thất,Nội thất phòng khách,https://tiki.vn/product-p196567564.html?spid=196567575,68000,0.0,0,0,MODERO,2026-04-29 13:51:00
"Rèm cửa giá rẻ-Chống nắng tốt-Nhiều màu,kích thước",196566317,tiki,Nhà Cửa - Đời Sống,Nội thất,Nội thất phòng khách,https://tiki.vn/product-p196566317.html?spid=196566323,65000,5.0,4,23,MODERO,2026-04-29 13:51:00
Ghế Juno Sofa mini 1.2m Sofa Bed thông minh cho phòng nhỏ,192920376,tiki,Nhà Cửa - Đời Sống,Nội thất,Nội thất phòng khách,https://tiki.vn/product-p192920376.html?spid=192920380,1670000,0.0,0,0,Juno Sofa,2026-04-29 13:51:00
"Ghế Giám Đốc, Ghế Văn Phòng, Ghế Công Thái Học 98332-TX hàng Nhập Khẩu với thiết kế Ergonomic hỗ trợ lưng, bán chạy nhất thị trường 2022",189174392,tiki,Nhà Cửa - Đời Sống,Nội thất,"Nội thất phòng học, làm việc",https://tiki.vn/product-p189174392.html?spid=189174393,1990000,0.0,0,4,AZP FURNITURE IN YOUR LIFE,2026-04-29 13:51:00
Bàn làm việc liền giá sách BLV20 100x50cm.,185843628,tiki,Nhà Cửa - Đời Sống,Nội thất,"Nội thất phòng học, làm việc",https://tiki.vn/product-p185843628.html?spid=185843630,599000,4.5,4,13,HG FURNITURE H i G,2026-04-29 13:51:00
"Ghế Ăn, Ghế Cafe, Ghế Làm Việc, Ghế Thư Giản Relax, XẾP CHỒNG / CẤT GỌN AZP-ND01 - Dòng Đương Đại, Phân Khúc Trung Lưu.",176709461,tiki,Nhà Cửa - Đời Sống,Nội thất,Nội thất phòng ăn,https://tiki.vn/product-p176709461.html?spid=176709467,510000,0.0,0,6,AZP,2026-04-29 13:51:00
"Ghế DXRACER Gaming CG3001-P dành cho Game thủ ngồi lâu một chỗ trong thời gian dài tốt cho cột sống có kèm gối tựa bọc nệm PVC 3 màu thể thao năng động (Trắng đen, đỏ đen, xanh đen)",146642471,tiki,Nhà Cửa - Đời Sống,Nội thất,Nội thất phòng khách,https://tiki.vn/product-p146642471.html?spid=146642475,3060000,0.0,0,0,Capta,2026-04-29 13:51:00
Bàn làm việc bànhọc Bàn máy tính,131407911,tiki,Nhà Cửa - Đời Sống,Nội thất,"Nội thất phòng học, làm việc",https://tiki.vn/product-p131407911.html?spid=131407955,220000,0.0,0,1,HG FURNITURE H i G,2026-04-29 13:51:00
Kệ Sách 4 Tầng Rộng 50cm Gỗ Tự Nhiên- Nâu,90072151,tiki,Nhà Cửa - Đời Sống,Nội thất,"Nội thất phòng học, làm việc",https://tiki.vn/product-p90072151.html?spid=247938287,660000,0.0,0,3,OEM,2026-04-29 13:51:00
"Ghế Sofa Tình Yêu, Tình Nhân DP-TY23",67270284,tiki,Nhà Cửa - Đời Sống,Nội thất,Nội thất phòng ngủ,https://tiki.vn/product-p67270284.html?spid=73241142,3130000,0.0,0,0,OEM,2026-04-29 13:51:00
"Sofa giường đa năng, ghế sofa giường nằm thông minh DP-SGK12 (KT: 1.8x1.9m) + Tặng 3 gối",36745593,tiki,Nhà Cửa - Đời Sống,Nội thất,Nội thất phòng khách,https://tiki.vn/product-p36745593.html?spid=99426643,7870000,4.8,11,14,OEM,2026-04-29 13:51:00
BÀN ĂN CABIN 4 GHẾ,25734562,tiki,Nhà Cửa - Đời Sống,Nội thất,Nội thất phòng ăn,https://tiki.vn/product-p25734562.html?spid=67869786,2470000,0.0,0,6,OEM,2026-04-29 13:51:00
Giường Hộp 2 Tầng Gỗ Tự Nhiên 092 (Vàng),12218003,tiki,Nhà Cửa - Đời Sống,Nội thất,Nội thất phòng ngủ,https://tiki.vn/product-p12218003.html?spid=12218004,4322500,5.0,1,1,NOLULU,2026-04-29 13:51:00
"TENMA Hộp Nhựa Ngăn Kéo Cao Cấp Sang Trọng Nội Thất FC40 JAPAN QUALITY, Xếp Chồng, Bánh Xe Bán Rời.",278873091,tiki,Nhà Cửa - Đời Sống,Nội thất,"Nội thất phòng học, làm việc",https://tiki.vn/product-p278873091.html?spid=278873093,544000,0.0,0,0,Tenma,2026-04-29 13:51:00
"Bộ Chỉnh Sửa Tư Thế Ngồi Bàn Học Chống Cận,Chống Gù, Chống Ngủ Gật Cao Cấp – Thiết Kế Mặt Bàn Nghiêng 12 Độ",278731949,tiki,Nhà Cửa - Đời Sống,Nội thất,"Nội thất phòng học, làm việc",https://tiki.vn/product-p278731949.html?spid=278731950,545000,0.0,0,0,OEM,2026-04-29 13:51:00
Bình Xịt Tạo Bọt Tuyết Rửa Xe 2L Chuyên Dụng,278437388,tiki,Nhà Cửa - Đời Sống,Nội thất,Nội thất khác,https://tiki.vn/product-p278437388.html?spid=278437389,190000,0.0,0,0,OEM,2026-04-29 13:51:00
Kệ Sách Để Bàn Gỗ Công Nghiệp Cao Cấp Thiết Kế Nhỏ Gọn Phù Hợp Nhiều Không Gian KS-92,278131283,tiki,Nhà Cửa - Đời Sống,Nội thất,"Nội thất phòng học, làm việc",https://tiki.vn/product-p278131283.html?spid=278131290,240350,0.0,0,1,HUCHU,2026-04-29 13:51:00
"Rèm che nắng ô tô, Rèm che cửa sổ chống tia UV có thể gấp gọn",278000194,tiki,Nhà Cửa - Đời Sống,Nội thất,Nội thất khác,https://tiki.vn/product-p278000194.html?spid=278000197,63000,0.0,0,2,OEM,2026-04-29 13:51:00
Kéo Cắt Cành Cây Nhật Bản Cao Cấp - Kéo SK cắt cây đa năng,277928992,tiki,Nhà Cửa - Đời Sống,Nội thất,Nội thất khác,https://tiki.vn/product-p277928992.html?spid=277928993,93000,0.0,0,1,OEM,2026-04-29 13:51:00
Cuộn Dây Điện Nối Dài Kèm Ổ Điện 6 Lỗ Cắm Dây Dài 5M Công Suất 2500W,277867083,tiki,Nhà Cửa - Đời Sống,Nội thất,Nội thất khác,https://tiki.vn/product-p277867083.html?spid=277867086,120000,0.0,0,0,OEM,2026-04-29 13:51:00
Phễu Lọc Rác Gấp Gọn Gắn Bồn Rửa Chén,277845484,tiki,Nhà Cửa - Đời Sống,Nội thất,Nội thất khác,https://tiki.vn/product-p277845484.html?spid=277845485,24000,0.0,0,7,OEM,2026-04-29 13:51:00
"Đồng Hồ LED Để Bàn Báo Thức Cảm Biến Âm Thanh, Màn Hình LCD Có Báo Nhiệt Độ & Lịch Siêu Tiện Lợi – Đẹp, Độc, Dễ Dùng",277744512,tiki,Nhà Cửa - Đời Sống,Nội thất,Nội thất khác,https://tiki.vn/product-p277744512.html?spid=277744513,226000,0.0,0,0,OEM,2026-04-29 13:51:00
Kệ đa năng Kệ gỗ treo tường trang trí hình hàng rào gỗ thông KT D32xC25cm,277539492,tiki,Nhà Cửa - Đời Sống,Nội thất,Nội thất khác,https://tiki.vn/product-p277539492.html?spid=277539493,240350,0.0,0,0,HUCHU,2026-04-29 13:51:00
Ghế sofa bập bênh kèm đôn thư giãn tại nhà GH01,277444342,tiki,Nhà Cửa - Đời Sống,Nội thất,Nội thất phòng ngủ,https://tiki.vn/product-p277444342.html?spid=277444343,2909500,0.0,0,0,HUCHU,2026-04-29 13:51:00
"Bộ bàn ăn mặt đá nhập khẩu sang trọng, hiện đại CTL03 Juno Sofa nhiều lựa chọn",277344422,tiki,Nhà Cửa - Đời Sống,Nội thất,Nội thất phòng ăn,https://tiki.vn/product-p277344422.html?spid=277344425,5380000,0.0,0,0,Tundo,2026-04-29 13:51:00
Tủ quần áo nhựa 3 cánh kèm kệ và ngăn kéo ĐV Tundo 164 x 185 x 47 cm nhiều màu lựa chọn,277275584,tiki,Nhà Cửa - Đời Sống,Nội thất,Nội thất phòng ngủ,https://tiki.vn/product-p277275584.html?spid=277275585,3402000,0.0,0,0,Tundo,2026-04-29 13:51:00
Tủ 4 cánh nhựa đài loan cao cấp 1m80x1m45x50cm,276601869,tiki,Nhà Cửa - Đời Sống,Nội thất,Nội thất phòng ngủ,https://tiki.vn/product-p276601869.html?spid=276601879,2640000,0.0,0,0,OEM,2026-04-29 13:51:00
Bàn nâng hạ 1 motor 2 phân đoạn MAH-D12 Mặt bàn MDF dày 25mm,276143868,tiki,Nhà Cửa - Đời Sống,Nội thất,"Nội thất phòng học, làm việc",https://tiki.vn/product-p276143868.html?spid=276143939,4300000,0.0,0,0,MAH,2026-04-29 13:51:00
[Miễn phí vận chuyển & lắp đặt] Giường tầng trẻ em thông minh xếp gọn có bàn học và tủ Ohaha - GTXG011,275093587,tiki,Nhà Cửa - Đời Sống,Nội thất,Nội thất phòng ngủ,https://tiki.vn/product-p275093587.html?spid=275093601,17890000,4.0,1,1,OHAHA,2026-04-29 13:51:00
Giường ngủ gỗ CT17 Tundo màu gỗ tự nhiên,274689830,tiki,Nhà Cửa - Đời Sống,Nội thất,Nội thất phòng ngủ,https://tiki.vn/product-p274689830.html?spid=274689832,3360000,0.0,0,0,Tundo,2026-04-29 13:51:00
Giường gỗ Juno Sofa đầu giường bọc nệm nhiều màu lựa chọn giá rẻ KT 1m6/1m8 x 2m,274188076,tiki,Nhà Cửa - Đời Sống,Nội thất,Nội thất phòng ngủ,https://tiki.vn/product-p274188076.html?spid=274188078,4050000,0.0,0,0,Tundo,2026-04-29 13:51:00
TỦ GIÀY THÔNG MINH CÁNH LẬT OHAHA - TG001,273983030,tiki,Nhà Cửa - Đời Sống,Nội thất,Nội thất phòng khách,https://tiki.vn/product-p273983030.html?spid=273983031,1590000,0.0,0,0,OHAHA,2026-04-29 13:51:00
TỦ QUẦN ÁO GỖ CÔNG NGHIỆP 2 CÁNH LÙA OHAHA - CL002,273950887,tiki,Nhà Cửa - Đời Sống,Nội thất,Nội thất phòng ngủ,https://tiki.vn/product-p273950887.html?spid=273950889,3390000,0.0,0,2,OHAHA,2026-04-29 13:51:00
KỆ TRANG TRÍ PHÒNG KHÁCH ĐA NĂNG OHAHA - KTT010,273601893,tiki,Nhà Cửa - Đời Sống,Nội thất,Nội thất phòng ăn,https://tiki.vn/product-p273601893.html?spid=273601895,3280000,0.0,0,0,OHAHA,2026-04-29 13:51:00
"[GIÁ RẺ - Miễn phí vận chuyển & Lắp đặt tại TP.HCM] Ghế Sofa giường gấp gọn đa năng thông minh, kiểu dáng hiện đại có hộc kéo tiện lợi - SFG001 - Hàng chính hãng",273499425,tiki,Nhà Cửa - Đời Sống,Nội thất,Nội thất phòng khách,https://tiki.vn/product-p273499425.html?spid=273499644,7790000,0.0,0,0,OHAHA,2026-04-29 13:51:00
[Kèm Ảnh Thực Tế - Miễn phí vận chuyển & Lắp đặt] BÀN ĂN GẤP GỌN THÔNG MINH CÓ GHẾ BỌC NỆM VÀ BÁNH XE OHAHA - BA024,273315010,tiki,Nhà Cửa - Đời Sống,Nội thất,Nội thất phòng ăn,https://tiki.vn/product-p273315010.html?spid=274061650,3590000,0.0,0,0,OHAHA,2026-04-29 13:51:00
Mặt Bàn Gỗ Nguyên Tấm KOHAFU - Dài 1.2m KL20566-567-568 - Hình Mặt BànThực Tế Y hình,273206305,tiki,Nhà Cửa - Đời Sống,Nội thất,Nội thất phòng khách,https://tiki.vn/product-p273206305.html?spid=273206319,2990000,0.0,0,0,KOHAFU,2026-04-29 13:51:00
Kệ tủ giày  HC 415,262870733,tiki,Nhà Cửa - Đời Sống,Nội thất,Nội thất phòng khách,https://tiki.vn/product-p262870733.html?spid=262795397,1158740,0.0,0,0,HUCHU,2026-04-29 13:51:00
Bàn tròn inox 304 rộng 1m2 chân cao Bảo An chống gỉ,196575628,tiki,Nhà Cửa - Đời Sống,Nội thất,Nội thất phòng ăn,https://tiki.vn/product-p196575628.html?spid=196575632,2000000,0.0,0,0,OEM,2026-04-29 13:51:00
Bộ salon phòng khách Tundo 6 món tay 12,195973287,tiki,Nhà Cửa - Đời Sống,Nội thất,Nội thất phòng khách,https://tiki.vn/product-p195973287.html?spid=195973288,31957000,0.0,0,0,Tundo,2026-04-29 13:51:00
"Hộp đựng đồ chia ngăn 9 và 16 ngăn sắp xếp quần áo Danido - Khay đựng đồ chia ngăn tiện ích, chất liệu cao cấp",173768367,tiki,Nhà Cửa - Đời Sống,Nội thất,Nội thất phòng ngủ,https://tiki.vn/product-p173768367.html?spid=276164604,116000,4.8,46,413,miDoctor,2026-04-29 13:51:00
"KELNI, giá sách gỗ, tủ đồ trang trí. cao cấp Chính hãng VAV",130049829,tiki,Nhà Cửa - Đời Sống,Nội thất,"Nội thất phòng học, làm việc",https://tiki.vn/product-p130049829.html?spid=130049831,599000,0.0,0,0,VAV ,2026-04-29 13:51:00
"Khoen Tròn Nhựa| Khoen Treo Có Móc Gài Dùng Treo Rèm Màn Móc Rèm, Khoen Treo Vòng Handmade, Treo Chậu Cây, Dùng Trong May Mặc Đời Sống- Kin Shop Handmade",117774217,tiki,Nhà Cửa - Đời Sống,Nội thất,Nội thất phòng khách,https://tiki.vn/product-p117774217.html?spid=117774219,15000,5.0,1,12,OEM,2026-04-29 13:51:00
"Giá sách treo tường , kệ sách gỗ treo tường trang trí Anzzar",116393119,tiki,Nhà Cửa - Đời Sống,Nội thất,"Nội thất phòng học, làm việc",https://tiki.vn/product-p116393119.html?spid=116393120,500000,4.5,4,19,anzzar,2026-04-29 13:51:00
BÀN ĂN THÔNG MINH XẾP GỌN GIÁ CHƯA KÈM GHẾ,109355259,tiki,Nhà Cửa - Đời Sống,Nội thất,Nội thất phòng ăn,https://tiki.vn/product-p109355259.html?spid=109355261,1037300,5.0,1,2,HUCHU,2026-04-29 13:51:00
"Biển báo bằng nhựa , biển cảnh báo - 4 lựa chọn",103047066,tiki,Nhà Cửa - Đời Sống,Nội thất,Nội thất khác,https://tiki.vn/product-p103047066.html?spid=222676634,209000,0.0,0,2,Trust,2026-04-29 13:51:00
Bàn học laptop gấp gọn làm bằng nhựa cao cấp dùng cho sinh viên học sinh D901,76271457,tiki,Nhà Cửa - Đời Sống,Nội thất,"Nội thất phòng học, làm việc",https://tiki.vn/product-p76271457.html?spid=108904811,136000,2.0,1,9,OEM,2026-04-29 13:51:00
Ghế thư giãn - Ghế bập bênh NAVICOM,56751925,tiki,Nhà Cửa - Đời Sống,Nội thất,Nội thất phòng khách,https://tiki.vn/product-p56751925.html?spid=56751931,3500000,4.7,3,6,NAVICOM,2026-04-29 13:51:00
Giường ngủ cao cấp phong cách Nhật Bản - Thương hiệu alala.vn (1m6x2m),56398358,tiki,Nhà Cửa - Đời Sống,Nội thất,Nội thất phòng ngủ,https://tiki.vn/product-p56398358.html?spid=56398359,9990000,5.0,1,1,alala.vn,2026-04-29 13:51:00
Tủ quần áo 1.25m x 1.45mx 45cm (màu trắng hồng),51061927,tiki,Nhà Cửa - Đời Sống,Nội thất,Nội thất phòng ngủ,https://tiki.vn/product-p51061927.html?spid=51305593,1820000,5.0,1,4,Juno Sofa,2026-04-29 13:51:00
Tủ nhựa đài loan cao 1m25 ngang 1m06 sâu 45cm nhiều màu,22779963,tiki,Nhà Cửa - Đời Sống,Nội thất,Nội thất phòng ngủ,https://tiki.vn/product-p22779963.html?spid=36895935,1600000,4.7,3,16,OEM,2026-04-29 13:51:00
"Tấm Lưới Tựa Lưng Ghế Oto ,Văn Phòng",17944643,tiki,Nhà Cửa - Đời Sống,Nội thất,"Nội thất phòng học, làm việc",https://tiki.vn/product-p17944643.html?spid=62841284,45000,4.5,33,194,OEM,2026-04-29 13:51:00
Giường Tầng Logan (Nâu),12620731,tiki,Nhà Cửa - Đời Sống,Nội thất,Nội thất phòng ngủ,https://tiki.vn/product-p12620731.html?spid=12620732,5967000,0.0,0,0,NOLULU,2026-04-29 13:51:00
Tủ rượu góc gỗ mdf phủ min,279096531,tiki,Nhà Cửa - Đời Sống,Nội thất,Nội thất phòng khách,https://tiki.vn/product-p279096531.html?spid=279096533,2590000,0.0,0,0,HUCHU,2026-04-29 13:51:00
"SB Furniture, Koncept, Tomo Storage Shelf C63x63, Cashew Oak Color, W63xD29xH63 cm.",279062808,tiki,Nhà Cửa - Đời Sống,Nội thất,Nội thất phòng khách,https://tiki.vn/product-p279062808.html?spid=279062809,777600,0.0,0,0,SB Furniture,2026-04-29 13:51:00
"TENMA Kệ Nhựa Ngăn Kéo Đa Năng 3 Tầng Skipita JAPAN QUALITY, Chắc Chắn, Có Bánh Xe, Có Ngăn Phụ",278881020,tiki,Nhà Cửa - Đời Sống,Nội thất,Nội thất phòng ăn,https://tiki.vn/product-p278881020.html?spid=278881023,1405000,0.0,0,0,Tenma,2026-04-29 13:51:00
"Gioăng cách âm khung cửa, Ron chịu lực cao cấp dày 10-15mm đàn hồi cao ngăn bụi côn trùng phù hợp mọi loại Gioăng cộng",278217270,tiki,Nhà Cửa - Đời Sống,Nội thất,Nội thất khác,https://tiki.vn/product-p278217270.html?spid=278217281,46000,0.0,0,0,OEM,2026-04-29 13:51:00
"Kệ treo quần áo, túi xách, giày dép 3-4 tầng đa năng - Kệ treo đồ tiện lợi, tiết kiệm không gian, sang trọng",277867262,tiki,Nhà Cửa - Đời Sống,Nội thất,Nội thất khác,https://tiki.vn/product-p277867262.html?spid=277867263,135000,0.0,0,0,OEM,2026-04-29 13:51:00
Bếp Cồn Mini Inox Chống Rỉ Chịu Nhiệt Sang Trọng Cho Nhà Hàng,277866994,tiki,Nhà Cửa - Đời Sống,Nội thất,Nội thất khác,https://tiki.vn/product-p277866994.html?spid=277866995,180000,0.0,0,4,OEM,2026-04-29 13:51:00
Nước Hoa Nam Sexy Man Paris Parfum 55Ml,277866970,tiki,Nhà Cửa - Đời Sống,Nội thất,Nội thất khác,https://tiki.vn/product-p277866970.html?spid=277866971,70000,5.0,1,5,OEM,2026-04-29 13:51:00
Kệ sách xoay có ngăn kéo Giá bán buôn Tủ sách gỗ nguyên khối,277465627,tiki,Nhà Cửa - Đời Sống,Nội thất,"Nội thất phòng học, làm việc",https://tiki.vn/product-p277465627.html?spid=277465637,2770350,0.0,0,0,HUCHU,2026-04-29 13:51:00
Ghế chân quỳ lưng trung màu đen CV4554-M Nội thất Capta Ghế phòng họp lưng lưới nệm vải khung nhựa tay nhựa office chair hcm chắc chắn chân cố định sắt sơn tĩnh điện màu đen black office chair hcm,277459058,tiki,Nhà Cửa - Đời Sống,Nội thất,"Nội thất phòng học, làm việc",https://tiki.vn/product-p277459058.html?spid=277459060,1495000,0.0,0,0,Capta,2026-04-29 13:51:00
Giường ngủ ALALA1209 + 3 hộc kéo / Miễn phí vận chuyển và lắp đặt/ Đổi trả 30 ngày/ Sản phẩm được bảo hành 5 năm từ thương hiệu ALALA/ Chịu lực 700kg,276746616,tiki,Nhà Cửa - Đời Sống,Nội thất,Nội thất phòng ngủ,https://tiki.vn/product-p276746616.html?spid=276746634,2999000,0.0,0,0,alala.vn,2026-04-29 13:51:00
Tủ quần áo ALALA1002/ Miễn phí vận chuyển và lắp đặt/ Đổi trả 30 ngày/ Sản phẩm được bảo hành 5 năm từ thương hiệu ALALA,276464168,tiki,Nhà Cửa - Đời Sống,Nội thất,Nội thất phòng ngủ,https://tiki.vn/product-p276464168.html?spid=276464170,3999000,0.0,0,0,alala.vn,2026-04-29 13:51:00
[Miễn phí vận chuyển & lắp đặt] Giường tầng trẻ em thông minh cao cấp Ohaha - GTCC030,275094039,tiki,Nhà Cửa - Đời Sống,Nội thất,Nội thất phòng ngủ,https://tiki.vn/product-p275094039.html?spid=275096451,32390000,0.0,0,0,OHAHA,2026-04-29 13:51:00
Ghế Bench Tulip Thương Hiệu Tago,274884723,tiki,Nhà Cửa - Đời Sống,Nội thất,Nội thất khác,https://tiki.vn/product-p274884723.html?spid=274884724,2965000,0.0,0,0,Tago ,2026-04-29 13:51:00
[Kèm Video Thực Tế - Miễn phí vận chuyển & Lắp đặt] Giườn ngủ gỗ công nghiệp cao cấp kiểu hộp 4 hộc kéo chuẩn Bắc Âu - GC044 - 03,274729815,tiki,Nhà Cửa - Đời Sống,Nội thất,Nội thất phòng ngủ,https://tiki.vn/product-p274729815.html?spid=274730263,3790000,0.0,0,0,OHAHA,2026-04-29 13:51:00
MEC10 - 20x10x5 cm - Combo 20 thùng hộp carton trơn siêu tiết kiệm ECONO,274291200,tiki,Nhà Cửa - Đời Sống,Nội thất,Nội thất phòng ngủ,https://tiki.vn/product-p274291200.html?spid=274291201,34000,0.0,0,1,MAGIX,2026-04-29 13:51:00
"Bộ bàn ăn mặt gỗ IBIE Concord 4-6-8 ghế Praha gỗ cao su, tùy chọn màu sắc, hàng xuất khẩu loại 1",273523795,tiki,Nhà Cửa - Đời Sống,Nội thất,Nội thất phòng ăn,https://tiki.vn/product-p273523795.html?spid=273523799,6290000,0.0,0,0,IBIE,2026-04-29 13:51:00
Tủ quần áo ALALA cánh kính cao cấp/ Miễn phí vận chuyển và lắp đặt/ Đổi trả 30 ngày/ Sản phẩm được bảo hành 5 năm từ thương hiệu ALALA,273281544,tiki,Nhà Cửa - Đời Sống,Nội thất,Nội thất phòng ngủ,https://tiki.vn/product-p273281544.html?spid=273281546,9990000,0.0,0,0,alala.vn,2026-04-29 13:51:00
Giường ngủ cho Bé thông minh ALALA đa năng/ Miễn phí vận chuyển và lắp đặt/ Đổi trả 30 ngày/ Sản phẩm được bảo hành 5 năm từ thương hiệu ALALA/ Chịu lực 700kg,273241264,tiki,Nhà Cửa - Đời Sống,Nội thất,Nội thất trẻ em,https://tiki.vn/product-p273241264.html?spid=273241266,10999000,0.0,0,0,alala.vn,2026-04-29 13:51:00
[Kèm Video Thực Tế - Miễn phí vận chuyển & Lắp đặt] TỦ GIÀY THÔNG MINH CAO CẤP - TGCC001,272877979,tiki,Nhà Cửa - Đời Sống,Nội thất,Nội thất phòng khách,https://tiki.vn/product-p272877979.html?spid=272877983,3290000,0.0,0,0,OHAHA,2026-04-29 13:51:00
"Kệ gỗ sách Ziczac, kệ sách nghệ thuật 3-4-5 tầng. Gỗ MDF phủ melatium cao cấp HC-99",271424854,tiki,Nhà Cửa - Đời Sống,Nội thất,"Nội thất phòng học, làm việc",https://tiki.vn/product-p271424854.html?spid=271424856,242750,4.0,1,1,HUCHU,2026-04-29 13:51:00
Giường ngủ gỗ CT05 Juno Sofa màu vàng nhạt,249270052,tiki,Nhà Cửa - Đời Sống,Nội thất,Nội thất phòng ngủ,https://tiki.vn/product-p249270052.html?spid=249270054,2380000,0.0,0,0,Tundo,2026-04-29 13:51:00
Giường ngủ gỗ CT02 Juno Sofa màu vàng nhạt,249262786,tiki,Nhà Cửa - Đời Sống,Nội thất,Nội thất phòng ngủ,https://tiki.vn/product-p249262786.html?spid=249262788,2650000,0.0,0,0,Tundo,2026-04-29 13:51:00
"Ghế sofa văn phòng Tundo sang trọng, hiện đại",242430868,tiki,Nhà Cửa - Đời Sống,Nội thất,Nội thất phòng khách,https://tiki.vn/product-p242430868.html?spid=242430870,7560000,0.0,0,0,Tundo,2026-04-29 13:51:00
Sofa bed giường Tundo vải nhung ngang 1m7 nhiều màu,200710334,tiki,Nhà Cửa - Đời Sống,Nội thất,Nội thất phòng khách,https://tiki.vn/product-p200710334.html?spid=200710335,2376000,0.0,0,1,Tundo,2026-04-29 13:51:00
BÀN TRÀ CHÂN GỖ CÁCH ĐIỆU ECOFURNIX BG2141,194440480,tiki,Nhà Cửa - Đời Sống,Nội thất,Nội thất phòng khách,https://tiki.vn/product-p194440480.html?spid=194440482,2590000,0.0,0,0,ECOFURNIX,2026-04-29 13:51:00
Giường sắt hai tầng hộp cao cấp,193100324,tiki,Nhà Cửa - Đời Sống,Nội thất,Nội thất phòng ngủ,https://tiki.vn/product-p193100324.html?spid=193100345,2100000,0.0,0,1,OEM,2026-04-29 13:51:00
Giường sắt xếp gấp gọn có bánh xe 1m2x1m9 Đại Thành,193099893,tiki,Nhà Cửa - Đời Sống,Nội thất,Nội thất phòng ngủ,https://tiki.vn/product-p193099893.html?spid=193099896,1450000,0.0,0,0,OEM,2026-04-29 13:51:00
"Ghế Gỗ Gấp Gọn Dùng Để Quay Phim, Trang Điểm, Làm Talkshow",190701694,tiki,Nhà Cửa - Đời Sống,Nội thất,Nội thất phòng ngủ,https://tiki.vn/product-p190701694.html?spid=190701700,1800000,0.0,0,0,NAVIVU,2026-04-29 13:51:00
Bàn ăn mặt đá ceramic bóng chân chéo chữ X kết hợp ghế Vila,176749789,tiki,Nhà Cửa - Đời Sống,Nội thất,Nội thất phòng ăn,https://tiki.vn/product-p176749789.html?spid=176749791,14500000,5.0,1,1,ADORA,2026-04-29 13:51:00
"Ghế Ăn, Ghế Cafe, Ghế Làm Việc, Ghế Thư Giản Relax, AZP-DSNUT-NEW - Dòng Đương Đại, Phân Khúc Trung Lưu.",176441410,tiki,Nhà Cửa - Đời Sống,Nội thất,Nội thất phòng khách,https://tiki.vn/product-p176441410.html?spid=176441424,690000,0.0,0,0,AZP,2026-04-29 13:51:00
"Đệm ngồi 3D cao cấp thoáng khí - Nệm lót ghế gel silicon tổ ong chống ê mông, mỏi lưng",153581131,tiki,Nhà Cửa - Đời Sống,Nội thất,Nội thất phòng khách,https://tiki.vn/product-p153581131.html?spid=278681814,200000,0.0,0,1,OEM,2026-04-29 13:51:00
Ghế Tình Yêu Đệm Bơm Hơi Lên Có Tay Vịn Tặng Kèm Bơm Tay + Quà Tặng Trong Bơm (Có Hàng Sẵn) (Chọn Mẫu Yêu Thích),153527785,tiki,Nhà Cửa - Đời Sống,Nội thất,Nội thất phòng ngủ,https://tiki.vn/product-p153527785.html?spid=153527795,210000,4.8,6,24,Bilaha,2026-04-29 13:51:00
"Kệ để đồ chơi, đồ dùng đa năng cho bé Toys House WM21E085, hàng chính hãng cao cấp",127364287,tiki,Nhà Cửa - Đời Sống,Nội thất,Nội thất trẻ em,https://tiki.vn/product-p127364287.html?spid=127364307,1250000,5.0,3,8,Toys House,2026-04-29 13:51:00
Sofa Giường Cao Cấp Juno Sofa,99491763,tiki,Nhà Cửa - Đời Sống,Nội thất,Nội thất phòng khách,https://tiki.vn/product-p99491763.html?spid=99491765,4950000,0.0,0,0,Juno Sofa,2026-04-29 13:51:00
Tủ áo chất lượng bằng nhựa tốt 1m2 x 1m8 x 48 cm,79116283,tiki,Nhà Cửa - Đời Sống,Nội thất,Nội thất phòng ngủ,https://tiki.vn/product-p79116283.html?spid=79116285,2370000,0.0,0,0,Juno Sofa,2026-04-29 13:51:00
Tủ nhựa Đài Loan đựng giày dép 3 cánh - TG3C,50699927,tiki,Nhà Cửa - Đời Sống,Nội thất,Nội thất phòng khách,https://tiki.vn/product-p50699927.html?spid=53199848,1390000,4.6,12,40,OEM,2026-04-29 13:51:00
"[Miễn phí vận chuyển & Lắp đặt tại TP. Hồ Chí Minh] Tủ quần áo gỗ cao cấp thiết kế thông minh 3 cánh, nhiều ngăn hộc phong cách sang trọng Ohaha - TQA032 - Màu D/Màu Trắng",38120476,tiki,Nhà Cửa - Đời Sống,Nội thất,Nội thất phòng ngủ,https://tiki.vn/product-p38120476.html?spid=38120477,7990000,5.0,1,9, OHAHA.VN,2026-04-29 13:51:00
bộ bàn ghế ăn hiện đại,20460210,tiki,Nhà Cửa - Đời Sống,Nội thất,Nội thất phòng ăn,https://tiki.vn/product-p20460210.html?spid=67844585,3500000,5.0,2,3,OEM,2026-04-29 13:51:00
Ghế đơn làm Nail cao cấp Juno Sofa sản phẩm chỉ là ghế sofa không bao gồm phụ kiện khác,20085855,tiki,Nhà Cửa - Đời Sống,Nội thất,Nội thất phòng khách,https://tiki.vn/product-p20085855.html?spid=100030886,4410000,0.0,0,0,OEM,2026-04-29 13:51:00
Bàn Sofa Hiện Đại Twitter,7196301,tiki,Nhà Cửa - Đời Sống,Nội thất,Nội thất phòng khách,https://tiki.vn/product-p7196301.html?spid=56444993,1130000,4.0,1,1,OEM,2026-04-29 13:51:00
Sofa băng thuyền Tundo kèm đôn và bàn,279004863,tiki,Nhà Cửa - Đời Sống,Nội thất,Nội thất phòng khách,https://tiki.vn/product-p279004863.html?spid=279004864,12000000,0.0,0,0,Tundo,2026-04-29 13:51:00
