title,product_id,platform,category_l1,category_l2,category_l3,product_url,price,rating_score,review_count,sold_count,brand,time_stamp
"Bao da Xiaomi Redmi Pad 2 Pro , Pocoo Pad M1 12.1 inch viền dẻo, xoay 360 độ, có khay để bút (màu đen)",278971315,tiki,Thiết Bị Số - Phụ Kiện Số,Phụ Kiện Điện Thoại và Máy Tính Bảng,Bao Da - Ốp Lưng,https://tiki.vn/product-p278971315.html?spid=278971323,120000,0.0,0,0,OEM,2026-04-28 10:06:10
Đẳng Cấp Sim Mobifone Đẹp Đuôi Phát Tài 8383 Làm Ăn Thuận Lợi,278963284,tiki,Thiết Bị Số - Phụ Kiện Số,Phụ Kiện Điện Thoại và Máy Tính Bảng,SIM Điện Thoại,https://tiki.vn/product-p278963284.html?spid=278963288,299000,0.0,0,0,Mobifone,2026-04-28 10:06:10
Bao Case Ốp Double Lock Có Khóa Chống Thất Lạc Rơi Tai Nghe cho Airpods Pro 3 - Hàng Chính Hãng,278903589,tiki,Thiết Bị Số - Phụ Kiện Số,Phụ Kiện Điện Thoại và Máy Tính Bảng,Hộp Đựng - Túi Đựng Phụ Kiện,https://tiki.vn/product-p278903589.html?spid=278903593,149000,0.0,0,0,DEVO,2026-04-28 10:06:10
"Ốp lưng LIKGUS độ giống iPhone 17 Pro Max, dành cho iPhone 13 Pro Max, 14 Pro Max, 15 Pro Max, 16 Pro Max cao cấp - Hàng Chính Hãng",278746158,tiki,Thiết Bị Số - Phụ Kiện Số,Phụ Kiện Điện Thoại và Máy Tính Bảng,Bao Da - Ốp Lưng,https://tiki.vn/product-p278746158.html?spid=278746155,160000,0.0,0,5,CA,2026-04-28 10:06:10
"Ốp lưng cho iPhone Air, iPhone 17, iPhone 17 Pro, iPhone 17 Pro Max Memumi Slim Case Magnetic siêu mỏng - Hàng Chính Hãng",278718966,tiki,Thiết Bị Số - Phụ Kiện Số,Phụ Kiện Điện Thoại và Máy Tính Bảng,Bao Da - Ốp Lưng,https://tiki.vn/product-p278718966.html?spid=278719029,250000,0.0,0,0,CA,2026-04-28 10:06:10
"Cáp Sạc Nhanh C to C ANKER 543 A80E5 240W (0.9m, 480Mbps, Nylon Braided Cable)- Hàng Chính Hãng",278639202,tiki,Thiết Bị Số - Phụ Kiện Số,Phụ Kiện Điện Thoại và Máy Tính Bảng,Dây Sạc - Dây Cáp,https://tiki.vn/product-p278639202.html?spid=278639204,239000,0.0,0,8,ANKER,2026-04-28 10:06:10
"Kính Cường Lực Dành Cho iPhone 17, iPhone Air, iPhone 17 Pro, iPhone 17 Pro Max Wi WU GT-008 Trong Suốt, Chống Vân Tay - Hàng Chính Hãng",278575703,tiki,Thiết Bị Số - Phụ Kiện Số,Phụ Kiện Điện Thoại và Máy Tính Bảng,Miếng dán màn hình,https://tiki.vn/product-p278575703.html?spid=278575728,59000,0.0,0,0,CA,2026-04-28 10:06:10
"Ốp Dẻo Chống Sốc Cho Samsung Tab S10 FE, S10 FE Plus, S10 Plus - Trong Suốt Chống Sốc 4 góc",278001565,tiki,Thiết Bị Số - Phụ Kiện Số,Phụ Kiện Điện Thoại và Máy Tính Bảng,Bao Da - Ốp Lưng,https://tiki.vn/product-p278001565.html?spid=278001567,90000,0.0,0,0,OEM,2026-04-28 10:06:10
Kamera Nội Soi 6 LED Cắm Điện Thoại - MáyTính 3in1 Dài 2m Siêu Nét – Hàng Cao Cấp Đa Năng Giá Tốt,277944848,tiki,Thiết Bị Số - Phụ Kiện Số,Phụ Kiện Điện Thoại và Máy Tính Bảng,Dụng Cụ Sửa Chữa và Vệ Sinh,https://tiki.vn/product-p277944848.html?spid=277944849,256000,5.0,1,3,OEM,2026-04-28 10:06:10
"Bao da dạng ví dành cho Samsung Galaxy S25 , S25 Plus , S25 Ultra hiệu Forwenw cao cấp - Hàng chính hãng",277867466,tiki,Thiết Bị Số - Phụ Kiện Số,Phụ Kiện Điện Thoại và Máy Tính Bảng,Bao Da - Ốp Lưng,https://tiki.vn/product-p277867466.html?spid=277589702,165000,5.0,1,1,GREENCASE,2026-04-28 10:06:10
"Ốp lưng trong suốt siêu mỏng 0.3mm cho Samsung Galaxy S26 Ultra / S25 Ultra / S24 Ultra / S23 Ultra / S22 Ultra hiệu Memumi Slim - Chống ố vàng, ôm sát máy - Hàng chính hãng",277589688,tiki,Thiết Bị Số - Phụ Kiện Số,Phụ Kiện Điện Thoại và Máy Tính Bảng,Bao Da - Ốp Lưng,https://tiki.vn/product-p277589688.html?spid=277589746,125000,5.0,1,1,GREENCASE,2026-04-28 10:06:10
Kính Cường Lực Mipow Kingbull HD Premium Silk Samsung Galaxy S26 Ultra/ S26 Plus/ S26/ S25 Ultra/ S25 Plus/ S25_ Hàng Chính Hãng,277238465,tiki,Thiết Bị Số - Phụ Kiện Số,Phụ Kiện Điện Thoại và Máy Tính Bảng,Miếng dán màn hình,https://tiki.vn/product-p277238465.html?spid=277250945,390000,0.0,0,1,MIPOW,2026-04-28 10:06:10
Dây đeo điện thoại Zagg - dây đeo điều chỉnh ngắn dài - Hàng chính hãng,277173698,tiki,Thiết Bị Số - Phụ Kiện Số,Phụ Kiện Điện Thoại và Máy Tính Bảng,Dây Đeo và Phụ Kiện Trang Trí,https://tiki.vn/product-p277173698.html?spid=277173702,390000,0.0,0,6,ZAGG,2026-04-28 10:06:10
"Ốp Lưng Dành Cho Samsung Galaxy A73 , A53 , A13 , A23 , A33 , A03s Silicone Dẻo Lót Nhung Nỉ Chống Sốc chống bẩn hạn chế bám vân tay - Hàng chính hãng",276323207,tiki,Thiết Bị Số - Phụ Kiện Số,Phụ Kiện Điện Thoại và Máy Tính Bảng,Bao Da - Ốp Lưng,https://tiki.vn/product-p276323207.html?spid=276323271,80000,0.0,0,1,GREENCASE,2026-04-28 10:06:10
Phụ kiện giữ dây cáp sạc Giá Silicon mini cố định dây cáp sạc cho các thiết bị điện tử trên bàn làm việc - Hàng Chính Hãng,276318070,tiki,Thiết Bị Số - Phụ Kiện Số,Phụ Kiện Điện Thoại và Máy Tính Bảng,Phụ Kiện Di Động Khác,https://tiki.vn/product-p276318070.html?spid=276318071,90000,0.0,0,4,LuckyJQR,2026-04-28 10:06:10
"Bộ miếng dán kính cường lực bảo vệ Camera cho iPhone 16 / 16 Plus / 16 Pro / 16 Pro Max hiệu Totu Kuzoom Lens mang lại khả năng chụp hình sắc nét full HD (độ cứng 9H, tặng kèm khung tự dán) - Hàng nhập khẩu",276304873,tiki,Thiết Bị Số - Phụ Kiện Số,Phụ Kiện Điện Thoại và Máy Tính Bảng,Miếng dán màn hình,https://tiki.vn/product-p276304873.html?spid=276304998,118999,0.0,0,2,Totu,2026-04-28 10:06:10
Túi Đựng Thinfit Chống Shock Bảo Vệ Cho Tai Nghe Airpods Max - Hàng Chính Hãng,276279749,tiki,Thiết Bị Số - Phụ Kiện Số,Phụ Kiện Điện Thoại và Máy Tính Bảng,Hộp Đựng - Túi Đựng Phụ Kiện,https://tiki.vn/product-p276279749.html?spid=276279750,290000,0.0,0,2,DEVO,2026-04-28 10:06:10
Kính Cường Lực Chống Nhìn Trộm KingKong Dành Cho iPhone - Full Hộp - Dán Full Màn - Hàng Chính Hãng,276248164,tiki,Thiết Bị Số - Phụ Kiện Số,Phụ Kiện Điện Thoại và Máy Tính Bảng,Miếng dán màn hình,https://tiki.vn/product-p276248164.html?spid=276252764,125000,5.0,1,1,Unipha,2026-04-28 10:06:10
"Ốp lưng sạc từ tính dành cho iPhone 16 Promax/ 16 Pro/ 16 Plus/ Iphone 16 Dux Ducis Yind Series, Chống Vân tay, chống sốc_ Hàng chính hãng",276227359,tiki,Thiết Bị Số - Phụ Kiện Số,Phụ Kiện Điện Thoại và Máy Tính Bảng,Bao Da - Ốp Lưng,https://tiki.vn/product-p276227359.html?spid=276232556,199000,0.0,0,1,UNIQ,2026-04-28 10:06:10
"Ốp lưng da cho Samsung Galaxy Note 20, Note 20 Ultra hãng X-level cao cấp viền mềm chống sốc - Hàng chính hãng",275876884,tiki,Thiết Bị Số - Phụ Kiện Số,Phụ Kiện Điện Thoại và Máy Tính Bảng,Bao Da - Ốp Lưng,https://tiki.vn/product-p275876884.html?spid=275876892,99000,0.0,0,0,ICASE,2026-04-28 10:06:10
Bao da dạng ví dành cho SamSung Galaxy S22/ S22 Plus/ S22 Ultra chính hãng Hanman dada có ngăn đựng thẻ - Hàng chính hãng,275831091,tiki,Thiết Bị Số - Phụ Kiện Số,Phụ Kiện Điện Thoại và Máy Tính Bảng,Bao Da - Ốp Lưng,https://tiki.vn/product-p275831091.html?spid=275831093,148999,0.0,0,1,wekome,2026-04-28 10:06:10
SIM CHÂU ÂU 40 NƯỚC - KHÔNG GIỚI HẠN DATA (HÀNG CHÍNH HÃNG),275210088,tiki,Thiết Bị Số - Phụ Kiện Số,Phụ Kiện Điện Thoại và Máy Tính Bảng,SIM Điện Thoại,https://tiki.vn/product-p275210088.html?spid=275210090,259000,0.0,0,1,GlobalSIM,2026-04-28 10:06:10
Cáp sạc nhanh Baseus Cafule Metal Series Type C to Type C 100W CATJK (Fast charge & Data Cable)- Hàng chính hãng,275044848,tiki,Thiết Bị Số - Phụ Kiện Số,Phụ Kiện Điện Thoại và Máy Tính Bảng,Dây Sạc - Dây Cáp,https://tiki.vn/product-p275044848.html?spid=275045226,160000,0.0,0,0,Baseus,2026-04-28 10:06:10
Cáp Sạc Nhanh Baseus Display Fast Charging Data Cable USB to Type-C 66W CASX -Hàng chính hãng,275030177,tiki,Thiết Bị Số - Phụ Kiện Số,Phụ Kiện Điện Thoại và Máy Tính Bảng,Dây Sạc - Dây Cáp,https://tiki.vn/product-p275030177.html?spid=275030198,176000,0.0,0,4,Baseus,2026-04-28 10:06:10
Ốp Lưng cho iPhone 15 / 15 Plus / 15 Pro / 15 Pro Max Nillkin Super Frosted Shield Pro Case - Hàng Chính Hãng,272369705,tiki,Thiết Bị Số - Phụ Kiện Số,Phụ Kiện Điện Thoại và Máy Tính Bảng,Bao Da - Ốp Lưng,https://tiki.vn/product-p272369705.html?spid=272454217,198999,2.5,2,5,Nillkin,2026-04-28 10:06:10
Miếng Dán Cường Lực Dành Cho iPhone 15 / iPhone 15 Plus/ iPhone 15 Pro/ iPhone 15 ProMax Mipow Kingbull Premium Silk HD (2.7D) _ Hàng Chính Hãng,271963892,tiki,Thiết Bị Số - Phụ Kiện Số,Phụ Kiện Điện Thoại và Máy Tính Bảng,Miếng dán màn hình,https://tiki.vn/product-p271963892.html?spid=271963900,390000,0.0,0,9,MIPOW,2026-04-28 10:06:10
"Miếng dán kính cường lực cho Samsung Galaxy S22, S22 Plus Nillkin Amazing H+ Pro (mỏng 0.2 mm, vát cạnh 2.5D, chống trầy, chống va đập) - hàng nhập khẩu",215296702,tiki,Thiết Bị Số - Phụ Kiện Số,Phụ Kiện Điện Thoại và Máy Tính Bảng,Miếng dán màn hình,https://tiki.vn/product-p215296702.html?spid=221233131,154999,0.0,0,2,Nillkin,2026-04-28 10:06:10
"Bao Wiwu Protective Case cho Ipad 10.2/10.5 inch, 109/11 inch chất liệu TPU silicon chống trầy xước, chống va đập - Hàng chính hãng",214504875,tiki,Thiết Bị Số - Phụ Kiện Số,Phụ Kiện Điện Thoại và Máy Tính Bảng,Bao Da - Ốp Lưng,https://tiki.vn/product-p214504875.html?spid=235730749,113508,0.0,0,0,WIWU,2026-04-28 10:06:10
"Ốp lưng cho iPhone 11 / 11 Pro / 11 Pro Max chống sốc trong suốt siêu mỏng 0.88mm hiệu X-Level Sparkling Series độ trong tuyệt đối, chống trầy xước, chống ố vàng, tản nhiệt tốt - hàng nhập khẩu",214075632,tiki,Thiết Bị Số - Phụ Kiện Số,Phụ Kiện Điện Thoại và Máy Tính Bảng,Bao Da - Ốp Lưng,https://tiki.vn/product-p214075632.html?spid=214075638,107900,5.0,2,9,x-level,2026-04-28 10:06:10
"Case Bao da chống sốc cho iPad Pro 11 2022 Chip M2 / 2021 Chip M1 / 2020 hiệu Mutural Yashi Series mặt lưng canvas  có ngăn đựng bút, thiết kế tản nhiệt, cơ chế smartsleep - hàng nhập khẩu",202512862,tiki,Thiết Bị Số - Phụ Kiện Số,Phụ Kiện Điện Thoại và Máy Tính Bảng,Bao Da - Ốp Lưng,https://tiki.vn/product-p202512862.html?spid=210938340,328000,0.0,0,2,Mutural,2026-04-28 10:06:10
"Sim 4G Mobifone chuyên data vào mạng, nhiều lựa chọn thời gian sử dụng - Hàng chính hãng",200678912,tiki,Thiết Bị Số - Phụ Kiện Số,Phụ Kiện Điện Thoại và Máy Tính Bảng,SIM Điện Thoại,https://tiki.vn/product-p200678912.html?spid=271443994,720000,4.8,445,782,Mobifone,2026-04-28 10:06:10
"Thẻ nhớ MicroSD Lexar 32/64/128 GB Class 10, U1, V10, A1 633X Tốc Độ 100mb/s - Hàng Chính Hãng",199121244,tiki,Thiết Bị Số - Phụ Kiện Số,Phụ Kiện Điện Thoại và Máy Tính Bảng,Thẻ Nhớ và Bộ Nhớ Mở Rộng,https://tiki.vn/product-p199121244.html?spid=272396292,430000,5.0,1,2,Lexar,2026-04-28 10:06:10
Ốp Lưng ESR Classic Kickstand Case dành cho iPhone 14 / 14 Plus/ 14 Pro / 14 Pro Max- Kèm Kính Cường Lực Màn Hình- Hàng Chính Hãng,197339569,tiki,Thiết Bị Số - Phụ Kiện Số,Phụ Kiện Điện Thoại và Máy Tính Bảng,Bao Da - Ốp Lưng,https://tiki.vn/product-p197339569.html?spid=197339571,390000,4.5,4,32,ESR,2026-04-28 10:06:10
Ốp lưng dẻo trong phong cách mới dành cho iPhone 12 / 13 / 14 / 12 Pro / 12 Pro Max / 13 Pro / 13 Pro Max / 13 Mini / 14 / 14 Max / 14 Pro / 14 Pro Max  - Hàng chính hãng,191477357,tiki,Thiết Bị Số - Phụ Kiện Số,Phụ Kiện Điện Thoại và Máy Tính Bảng,Bao Da - Ốp Lưng,https://tiki.vn/product-p191477357.html?spid=191477371,139000,4.8,292,1686,Photodesign VN,2026-04-28 10:06:10
Case Ốp Bảo Vệ Vịt Cute Ducht dành cho AIRPODS 3/ Airpods Pro/ Airpods 1/2- Hàng chính hãng,188044562,tiki,Thiết Bị Số - Phụ Kiện Số,Phụ Kiện Điện Thoại và Máy Tính Bảng,Hộp Đựng - Túi Đựng Phụ Kiện,https://tiki.vn/product-p188044562.html?spid=188044564,99000,4.0,2,50,Kai Nguyễn,2026-04-28 10:06:10
[Dài 2M] Cáp Sạc Baseus 100W Type-C to Type-C - Hàng Chính Hãng,157504731,tiki,Thiết Bị Số - Phụ Kiện Số,Phụ Kiện Điện Thoại và Máy Tính Bảng,Dây Sạc - Dây Cáp,https://tiki.vn/product-p157504731.html?spid=185007041,129000,4.8,13,135,Baseus,2026-04-28 10:06:10
"Case, Bao da móc khoá bảo vệ AirTag Lucas - Hàng Chính Hãng",94416475,tiki,Thiết Bị Số - Phụ Kiện Số,Phụ Kiện Điện Thoại và Máy Tính Bảng,Hộp Đựng - Túi Đựng Phụ Kiện,https://tiki.vn/product-p94416475.html?spid=102602779,138999,5.0,1,6,Lucas,2026-04-28 10:06:10
Bao Da Case Cover Dành Cho iPad Mini 5/ iPad Pro 11 inch/ iPad Air 3 / iPad Pro 3/ iPad Air 4 / iPad 7/8 / iPad Pro 12.9 inch - Hàng Chính Hãng Có Khe Cắm Apple Pencil,82033657,tiki,Thiết Bị Số - Phụ Kiện Số,Phụ Kiện Điện Thoại và Máy Tính Bảng,Bao Da - Ốp Lưng,https://tiki.vn/product-p82033657.html?spid=180993344,168999,3.3,20,63,Meliya accessories,2026-04-28 10:06:10
Ốp Lưng Case TPU Dẻo Chống Sốc Dành Cho iPhone 12/12Pro / iPhone 12 Promax / iPhone 12 Mini - Hàng Chính Hãng Meliya accessories,74305795,tiki,Thiết Bị Số - Phụ Kiện Số,Phụ Kiện Điện Thoại và Máy Tính Bảng,Bao Da - Ốp Lưng,https://tiki.vn/product-p74305795.html?spid=91860723,38999,3.3,3,7,Meliya accessories,2026-04-28 10:06:10
Bao Da Smart Case Gen2 TPU Dành Cho iPad Air 2 - Hàng nhập khẩu,15174570,tiki,Thiết Bị Số - Phụ Kiện Số,Phụ Kiện Điện Thoại và Máy Tính Bảng,Bao Da - Ốp Lưng,https://tiki.vn/product-p15174570.html?spid=111858023,144995,4.5,14,53,Smart Case,2026-04-28 10:06:10
"Bao da cho iPad Air 11inch M3 2025 / Air6 11inch M2 / Air 4 / Air 5 lưng dẻo silicon chống sốc, có khay chứa bút tiện lợi chính hãng MUTURAL - Hàng chính hãng",278930511,tiki,Thiết Bị Số - Phụ Kiện Số,Phụ Kiện Điện Thoại và Máy Tính Bảng,Bao Da - Ốp Lưng,https://tiki.vn/product-p278930511.html?spid=277815115,289000,0.0,0,0,GREENCASE,2026-04-28 10:06:10
Ốp lưng dành cho iPhone 17 Nillkin Super Frosted Shield Pro Matte dạng sần - Hàng chính hãng,278627162,tiki,Thiết Bị Số - Phụ Kiện Số,Phụ Kiện Điện Thoại và Máy Tính Bảng,Bao Da - Ốp Lưng,https://tiki.vn/product-p278627162.html?spid=278627468,160000,5.0,1,2,CA,2026-04-28 10:06:10
"KÍNH CƯỜNG LỰC cho IPAD A16 Gen 11 , Pro 11 M4 M5 , iPad Air 11 M2 M3 , Air 13 M2 M3 NILLKIN H+ CHÍNH HÃNG - Hàng chính hãng",277935971,tiki,Thiết Bị Số - Phụ Kiện Số,Phụ Kiện Điện Thoại và Máy Tính Bảng,Bao Da - Ốp Lưng,https://tiki.vn/product-p277935971.html?spid=278929093,250000,0.0,0,2,GREENCASE,2026-04-28 10:06:10
"Ốp lưng silicon case cho Samsung Galaxy A06 4G , A06 5G mỏng 0.3mm chống bám bẩn mặt lưng siêu mềm mịn, có gờ bảo vệ camera - Hàng chính hãng",277935878,tiki,Thiết Bị Số - Phụ Kiện Số,Phụ Kiện Điện Thoại và Máy Tính Bảng,Bao Da - Ốp Lưng,https://tiki.vn/product-p277935878.html?spid=277942526,80000,0.0,0,0,GREENCASE,2026-04-28 10:06:10
"Kính Cường Lực Nillkin CP+ Pro Dành Cho Samsung A26 / A36 / A56 – Bảo Vệ Màn Hình, Chống Trầy Xước - Hàng Chính Hãng",277881625,tiki,Thiết Bị Số - Phụ Kiện Số,Phụ Kiện Điện Thoại và Máy Tính Bảng,Miếng dán màn hình,https://tiki.vn/product-p277881625.html?spid=277881940,250000,0.0,0,0,CA,2026-04-28 10:06:10
"Ốp lưng silicon case cho iPhone 7 Plus , 8 Plus chống bám bẩn mặt lưng siêu mềm mịn, có gờ bảo vệ camera - hàng nhập khẩu",277511737,tiki,Thiết Bị Số - Phụ Kiện Số,Phụ Kiện Điện Thoại và Máy Tính Bảng,Bao Da - Ốp Lưng,https://tiki.vn/product-p277511737.html?spid=277511739,84000,0.0,0,4,GREENCASE,2026-04-28 10:06:10
"Case vỏ ốp bọc tai nghe dành cho Airpods 4, airpod Pro 2 silicon kèm dây đeo - HÀNG CHÍNH HÃNG",277489489,tiki,Thiết Bị Số - Phụ Kiện Số,Phụ Kiện Điện Thoại và Máy Tính Bảng,Hộp Đựng - Túi Đựng Phụ Kiện,https://tiki.vn/product-p277489489.html?spid=277489493,49000,5.0,1,4,SUZIN,2026-04-28 10:06:10
Cáp USB Type-C to Type-C Anker 2 in 1 USB-C 1.2m 140W A8895 - Hàng chính hãng,277364875,tiki,Thiết Bị Số - Phụ Kiện Số,Phụ Kiện Điện Thoại và Máy Tính Bảng,Dây Sạc - Dây Cáp,https://tiki.vn/product-p277364875.html?spid=277364876,450000,0.0,0,8,ANKER,2026-04-28 10:06:10
"Ốp lưng chống sốc vân kim loại cho Samsung Galaxy A7 2018 , A9 2018 hiệu Likgus (chuẩn quân đội, chống va đập) - hàng nhập khẩu",277004816,tiki,Thiết Bị Số - Phụ Kiện Số,Phụ Kiện Điện Thoại và Máy Tính Bảng,Bao Da - Ốp Lưng,https://tiki.vn/product-p277004816.html?spid=277004820,60000,0.0,0,0,GREENCASE,2026-04-28 10:06:10
Bao Da Mutural Dành Cho iPad Mini 7 Tích Hợp Khay Đựng Bút – Hàng Chính Hãng,276681111,tiki,Thiết Bị Số - Phụ Kiện Số,Phụ Kiện Điện Thoại và Máy Tính Bảng,Bao Da - Ốp Lưng,https://tiki.vn/product-p276681111.html?spid=276681133,310000,0.0,0,0,CA,2026-04-28 10:06:10
Bao Case ESR Orbit Hybrid Case with HaloLock cho AirPods 4 - Hàng Chính Hãng,276552547,tiki,Thiết Bị Số - Phụ Kiện Số,Phụ Kiện Điện Thoại và Máy Tính Bảng,Bao Da - Ốp Lưng,https://tiki.vn/product-p276552547.html?spid=276552553,590000,5.0,1,3,DEVO,2026-04-28 10:06:10
"Ốp nhám siêu mỏng 0.3mm cho iPhone 17 Pro Max / 17 Pro / 17 Air / 17 / 16 Pro Max / 16 Pro /16 Plus / iphone16 hiệu Memumi, mặt lưng chống trượt, chống bám bẩn - hàng nhập khẩu",276412411,tiki,Thiết Bị Số - Phụ Kiện Số,Phụ Kiện Điện Thoại và Máy Tính Bảng,Bao Da - Ốp Lưng,https://tiki.vn/product-p276412411.html?spid=276416029,130000,5.0,1,12,GREENCASE,2026-04-28 10:06:10
"Bao da dạng ví dành cho iPhone 16, 16 Pro, 16 Plus, 16 Pro Max hiệu Forwenw - Hàng nhập khẩu",276411883,tiki,Thiết Bị Số - Phụ Kiện Số,Phụ Kiện Điện Thoại và Máy Tính Bảng,Bao Da - Ốp Lưng,https://tiki.vn/product-p276411883.html?spid=276411885,165000,5.0,1,7,GREENCASE,2026-04-28 10:06:10
"Bộ Tua Vít Đa Năng Hàng chính hãng Kapusi Nhật Bản 26 chi tiết sửa điện thoại, laptop",276349471,tiki,Thiết Bị Số - Phụ Kiện Số,Phụ Kiện Điện Thoại và Máy Tính Bảng,Dụng Cụ Sửa Chữa và Vệ Sinh,https://tiki.vn/product-p276349471.html?spid=276349472,180000,0.0,0,10,KAPUSI,2026-04-28 10:06:10
Ốp Silicon bảo vệ cho Airpods 4 kèm khoá treo_ Hàng chính hãng,276289535,tiki,Thiết Bị Số - Phụ Kiện Số,Phụ Kiện Điện Thoại và Máy Tính Bảng,Hộp Đựng - Túi Đựng Phụ Kiện,https://tiki.vn/product-p276289535.html?spid=276289541,79000,5.0,4,33,Kai Nguyễn,2026-04-28 10:06:10
[iPad Pro M4] Bao da Kakusiga dành cho iPad Pro M4 -11 inch 2024. iPad Pro M4 - 13 inch 2024 - Hàng chính hãng,275429742,tiki,Thiết Bị Số - Phụ Kiện Số,Phụ Kiện Điện Thoại và Máy Tính Bảng,Bao Da - Ốp Lưng,https://tiki.vn/product-p275429742.html?spid=275429746,160000,0.0,0,0,Kaku,2026-04-28 10:06:10
USB KIOXIA 32GB/64GB U366 100MB/s USB 3.2 Gen 1 - Hàng chính hãng,275271241,tiki,Thiết Bị Số - Phụ Kiện Số,Phụ Kiện Điện Thoại và Máy Tính Bảng,Thẻ Nhớ và Bộ Nhớ Mở Rộng,https://tiki.vn/product-p275271241.html?spid=274953641,390000,0.0,0,2,KIOXIA,2026-04-28 10:06:10
Ví Da Leather Wallet with Nam Châm Từ Tính Dành Cho iPhone 12 / iPhone 12 Pro / iPhone 12 Promax/ 13 Promax/ 13/ 13 Pro/ 14 Promax/ 14 pro/ 14 Plus/ 14/ 15 Promax/ 15/ iphone 16 (có Logo Táo )_ Hàng chính hãng,275240814,tiki,Thiết Bị Số - Phụ Kiện Số,Phụ Kiện Điện Thoại và Máy Tính Bảng,Bao Da - Ốp Lưng,https://tiki.vn/product-p275240814.html?spid=275240853,129000,4.0,2,9,Kai Nguyễn,2026-04-28 10:06:10
Củ sạc Baseus GaN5 Fast Charger 1C  20W nhanh cho điện thoại - Hàng chính hãng,275132967,tiki,Thiết Bị Số - Phụ Kiện Số,Phụ Kiện Điện Thoại và Máy Tính Bảng,Adapter - Củ Sạc,https://tiki.vn/product-p275132967.html?spid=275133362,320000,0.0,0,1,Baseus,2026-04-28 10:06:10
"Ốp Lưng Da cho Samsung Galaxy A56 , A36 , A26 , A16 , A55 A35 A25 A15 Hiệu X-Level Cao Cấp - hàng nhập khẩu",275113554,tiki,Thiết Bị Số - Phụ Kiện Số,Phụ Kiện Điện Thoại và Máy Tính Bảng,Bao Da - Ốp Lưng,https://tiki.vn/product-p275113554.html?spid=275113556,110000,5.0,1,13,x-level,2026-04-28 10:06:10
"Đầu Chuyển 2 Chấu dùng Cho Củ Sạc iPad 10w/ 12w/ 30w/ 60w MACBOOK, IPAD, IPHONE- hàng nhập khẩu QUATECH",275105924,tiki,Thiết Bị Số - Phụ Kiện Số,Phụ Kiện Điện Thoại và Máy Tính Bảng,Adapter - Củ Sạc,https://tiki.vn/product-p275105924.html?spid=275105925,69000,0.0,0,20,QUATECH,2026-04-28 10:06:10
Bao da ESR Rebound Magnetic Case cho iPad Pro 11/ Pro 13 inch M4 (2024)_ Hàng Chính Hãng,275090706,tiki,Thiết Bị Số - Phụ Kiện Số,Phụ Kiện Điện Thoại và Máy Tính Bảng,Bao Da - Ốp Lưng,https://tiki.vn/product-p275090706.html?spid=275090708,750000,5.0,4,13,ESR,2026-04-28 10:06:10
Bút cảm ứng 6 trong 1 đa năng cho / iPad Android/ Điện Thoại/ Máy Tính Bảng/ Ipad Bút 6 Trong 1 Công Dụng Cảm Ứng Và Di Chuyển Trên Mọi Bề Mặt Điện Thoại - Hàng Nhập Khẩu,274781049,tiki,Thiết Bị Số - Phụ Kiện Số,Phụ Kiện Điện Thoại và Máy Tính Bảng,Bàn Phím Rời - Bút Cảm Ứng,https://tiki.vn/product-p274781049.html?spid=274781050,100000,0.0,0,6,Rihatech,2026-04-28 10:06:10
"Ốp lưng trong viền màu cao cấp cho Samsung Galaxy S24 Plus, Ốp có hỗ trợ sạc không dây Maq Safe - Hàng nhập khẩu",274410670,tiki,Thiết Bị Số - Phụ Kiện Số,Phụ Kiện Điện Thoại và Máy Tính Bảng,Bao Da - Ốp Lưng,https://tiki.vn/product-p274410670.html?spid=274410674,148999,0.0,0,1,Totu,2026-04-28 10:06:10
"Ốp lưng trong viền màu cho Samsung S23Ultra | S24+ | Galaxy S24 Plus, Ốp có hỗ trợ sạc không dây Maq Safe - Hàng nhập khẩu",274115850,tiki,Thiết Bị Số - Phụ Kiện Số,Phụ Kiện Điện Thoại và Máy Tính Bảng,Bao Da - Ốp Lưng,https://tiki.vn/product-p274115850.html?spid=274115852,148000,2.0,1,3,Totu,2026-04-28 10:06:10
Ốp lưng cho Samsung Galaxy Tab A11 / Tab A9 2023 silicon dẻo trong suốt chống sốc  - hàng nhập khẩu,273767677,tiki,Thiết Bị Số - Phụ Kiện Số,Phụ Kiện Điện Thoại và Máy Tính Bảng,Bao Da - Ốp Lưng,https://tiki.vn/product-p273767677.html?spid=273767678,75000,4.5,5,47,GREENCASE,2026-04-28 10:06:10
"Kính cường lực kingkong dành cho iPhone 15/ 15 Pro Max/ 14 Pro/ 14 Pro Max/ iPhone 13/ 13 Pro/ 13 Pro Max/ iPhone 12/ 12 Pro/ 12 Pro Max/ iPhone 11/ 11 Pro Max/ iPhone XS MAX, XR, XS cường lực tự dán hiệu WEKOME - Hàng chính hãng",273237704,tiki,Thiết Bị Số - Phụ Kiện Số,Phụ Kiện Điện Thoại và Máy Tính Bảng,Miếng dán màn hình,https://tiki.vn/product-p273237704.html?spid=273299833,114999,0.0,0,1,Kingkong,2026-04-28 10:06:10
"Ốp lưng nhám siêu mỏng 0.3mm cho iPhone 15, 15 Plus, 15 Pro, 15 Pro Max hiệu Memumi Slim - mặt lưng chống trượt, chống bám bẩn - Hàng nhập khẩu",271961849,tiki,Thiết Bị Số - Phụ Kiện Số,Phụ Kiện Điện Thoại và Máy Tính Bảng,Bao Da - Ốp Lưng,https://tiki.vn/product-p271961849.html?spid=272337369,118999,2.5,2,37,Memumi,2026-04-28 10:06:10
Dây sạc nhanh ip PD 33W Rockspace Z21 typeC to IP sạc nhanh dây dù Hàng chính hãng bảo hành 1 năm 1 đổi 1,252799746,tiki,Thiết Bị Số - Phụ Kiện Số,Phụ Kiện Điện Thoại và Máy Tính Bảng,Dây Sạc - Dây Cáp,https://tiki.vn/product-p252799746.html?spid=252799748,115000,5.0,12,95,RockSpace,2026-04-28 10:06:10
Ốp Lưng dành cho iPhone 14 Pro Max/ 14 Pro Spigen Ultra Hybrid Crystal Clear Case - Hàng Chính Hãng,202961145,tiki,Thiết Bị Số - Phụ Kiện Số,Phụ Kiện Điện Thoại và Máy Tính Bảng,Bao Da - Ốp Lưng,https://tiki.vn/product-p202961145.html?spid=275240214,350000,4.5,4,37,Spigen,2026-04-28 10:06:10
Case Vỏ Ốp Dành Cho Tai Nghe Samsung Galaxy Buds 2 Pro/ Buds 2/ Buds Live/ Buds Pro Gấu Nâu Đội Khăn- Hàng chính hãng,198378722,tiki,Thiết Bị Số - Phụ Kiện Số,Phụ Kiện Điện Thoại và Máy Tính Bảng,Hộp Đựng - Túi Đựng Phụ Kiện,https://tiki.vn/product-p198378722.html?spid=198378726,109000,5.0,2,20,Kai Nguyễn,2026-04-28 10:06:10
"Ốp Lưng Màu Đen Cho Samsung S21 FE Hiệu Ou Case, không bám vân tay- Hàng Chính Hãng",178945125,tiki,Thiết Bị Số - Phụ Kiện Số,Phụ Kiện Điện Thoại và Máy Tính Bảng,Bao Da - Ốp Lưng,https://tiki.vn/product-p178945125.html?spid=248331266,80000,0.0,0,7,OU Case,2026-04-28 10:06:10
Bao Da Dành Cho iPad Pro 12.9 inch 2021/ 2022 ESR Rebound Magnetic Slim Case - Hàng Chính Hãng,172342458,tiki,Thiết Bị Số - Phụ Kiện Số,Phụ Kiện Điện Thoại và Máy Tính Bảng,Bao Da - Ốp Lưng,https://tiki.vn/product-p172342458.html?spid=172342465,850000,5.0,13,72,ESR,2026-04-28 10:06:10
"Dây cáp sạc dành cho iPhone, iPad Hoco X14, cáp bọc dù dài 1m/2m có truyền tải dữ liệu, hàng chính hãng",119078017,tiki,Thiết Bị Số - Phụ Kiện Số,Phụ Kiện Điện Thoại và Máy Tính Bảng,Dây Sạc - Dây Cáp,https://tiki.vn/product-p119078017.html?spid=269890111,59000,0.0,0,17,Hoco,2026-04-28 10:06:10
Cáp sạc Baseus 60W USB C sang Type-C cho điện thoại -Hàng Chính Hãng,116962541,tiki,Thiết Bị Số - Phụ Kiện Số,Phụ Kiện Điện Thoại và Máy Tính Bảng,Dây Sạc - Dây Cáp,https://tiki.vn/product-p116962541.html?spid=271135886,59000,5.0,1,8,Baseus,2026-04-28 10:06:10
"Giá đỡ điện thoại, máy tính bảng Hoco PH15 - Hàng Chính hãng",91256632,tiki,Thiết Bị Số - Phụ Kiện Số,Phụ Kiện Điện Thoại và Máy Tính Bảng,Giá Đỡ - Chân Đế - Móc Dán,https://tiki.vn/product-p91256632.html?spid=248004063,139000,0.0,0,4,Hoco,2026-04-28 10:06:10
Pin sạc dự phòng Nakagami công nghệ Nhật Bản tích hợp đèn Flash  5000 - 10000 mAh -  2 cổng sạc (1 sạc nhanh) - Hàng chính hãng - Màu ngẫu nhiên,84566059,tiki,Thiết Bị Số - Phụ Kiện Số,Phụ Kiện Điện Thoại và Máy Tính Bảng,Pin Sạc Dự Phòng,https://tiki.vn/product-p84566059.html?spid=84566063,149000,3.7,12,42,Nakagami,2026-04-28 10:06:10
Ốp lưng cao cấp dành cho iPhone  - Photodesign VN - Hàng chính hãng,81224454,tiki,Thiết Bị Số - Phụ Kiện Số,Phụ Kiện Điện Thoại và Máy Tính Bảng,Bao Da - Ốp Lưng,https://tiki.vn/product-p81224454.html?spid=81224478,119000,4.7,16,53,Photodesign VN,2026-04-28 10:06:10
Giá Đỡ Điện Thoại Ô Tô Xe Hơi Hợp Kim Nhôm Hàng Không – Tự Động – Thông Minh - Xoay Chuyển Đa Góc Độ -– Mini Hàng Chính Hãng,77558147,tiki,Thiết Bị Số - Phụ Kiện Số,Phụ Kiện Điện Thoại và Máy Tính Bảng,Giá Đỡ - Chân Đế - Móc Dán,https://tiki.vn/product-p77558147.html?spid=77558148,599000,4.6,88,281,MIREN,2026-04-28 10:06:10
Bao Da Smart Case Gen2 TPU Dành Cho iPad 2/ 3/ 4 - Hàng nhập khẩu,46107397,tiki,Thiết Bị Số - Phụ Kiện Số,Phụ Kiện Điện Thoại và Máy Tính Bảng,Bao Da - Ốp Lưng,https://tiki.vn/product-p46107397.html?spid=111859480,168000,5.0,2,11,Smart Case,2026-04-28 10:06:10
Cáp Sạc Nhanh Anker PowerLine III Flow Type-C to C 100W 5A –  A8553 Chính Hãng.Hàng Nhập Khẩu,279128080,tiki,Thiết Bị Số - Phụ Kiện Số,Phụ Kiện Điện Thoại và Máy Tính Bảng,Dây Sạc - Dây Cáp,https://tiki.vn/product-p279128080.html?spid=279128082,388888,0.0,0,1,Gucase,2026-04-28 10:06:10
Kính cường lực Nillkin Amazing Guardian Chống Nhìn Trộm cho iPhone 15 / iPhone 15 Plus / iPhone 15 Pro / iPhone 15 Pro Max - Hàng Chính Hãng,278938637,tiki,Thiết Bị Số - Phụ Kiện Số,Phụ Kiện Điện Thoại và Máy Tính Bảng,Bao Da - Ốp Lưng,https://tiki.vn/product-p278938637.html?spid=272373345,231000,5.0,2,2,Nillkin,2026-04-28 10:06:10
"Miếng Dán PPF Full Lưng Viền Khắc Táo Cho Các Dòng iPhone 11 đến 17 Series – Nhám chống vân tay, Chống Trầy, Ôm Sát Máy.Hàng Nhập Khẩu",278870694,tiki,Thiết Bị Số - Phụ Kiện Số,Phụ Kiện Điện Thoại và Máy Tính Bảng,Phụ Kiện Di Động Khác,https://tiki.vn/product-p278870694.html?spid=278870762,59999,0.0,0,0,Gucase,2026-04-28 10:06:10
Combo Củ Sạc Nhanh 1C+1A Kèm Cáp C to C ANKER B2348 20W- Hàng Chính Hãng,278638143,tiki,Thiết Bị Số - Phụ Kiện Số,Phụ Kiện Điện Thoại và Máy Tính Bảng,Adapter - Củ Sạc,https://tiki.vn/product-p278638143.html?spid=278638144,375000,4.0,1,6,ANKER,2026-04-28 10:06:10
"Bao da cho Samsung Galaxy Tab S10 Lite , S10 Fe , S10 Fe Plus , S10 Plus chính hãng Dux Ducis Domo - Hàng nhập khẩu",278001842,tiki,Thiết Bị Số - Phụ Kiện Số,Phụ Kiện Điện Thoại và Máy Tính Bảng,Bao Da - Ốp Lưng,https://tiki.vn/product-p278001842.html?spid=278005066,320000,0.0,0,5,GREENCASE,2026-04-28 10:06:10
VIETMAP W20 - Thiết bị chuyển đổi CarPlay/ A.ndroid Auto không dây - Hàng chính hãng,277776200,tiki,Thiết Bị Số - Phụ Kiện Số,Phụ Kiện Điện Thoại và Máy Tính Bảng,Phụ Kiện Di Động Khác,https://tiki.vn/product-p277776200.html?spid=277776201,790000,5.0,8,302,VietMap,2026-04-28 10:06:10
"Ốp lưng chống sốc cho Samsung Galaxy A17 , A07 , A56 , A36 , A26 , A16 , A55 , A35 , A25 , A15 , A54 , A34 , A24 , A14 hiệu Xundd Fitted Armor Case trang bị túi khí bảo vệ góc, gờ bảo vệ camera - hàng nhập khẩu",277738613,tiki,Thiết Bị Số - Phụ Kiện Số,Phụ Kiện Điện Thoại và Máy Tính Bảng,Bao Da - Ốp Lưng,https://tiki.vn/product-p277738613.html?spid=263060243,105000,5.0,1,3,Xundd,2026-04-28 10:06:10
Ốp lưng cho Iphone 11/11pro/11promax - Ốp dẻo trong - Hàng Nhập Khẩu,277567811,tiki,Thiết Bị Số - Phụ Kiện Số,Phụ Kiện Điện Thoại và Máy Tính Bảng,Bao Da - Ốp Lưng,https://tiki.vn/product-p277567811.html?spid=277567817,59888,0.0,0,0,Gucase,2026-04-28 10:06:10
"Ốp Case Bao Trong Suốt Dành Cho Galaxy Buds 3/ Buds 3 Pro, Khoá An Toàn, Chống Sốc, Kai.N Crystal Lock, Kèm Móc Treo_Hàng Chính Hãng",277479626,tiki,Thiết Bị Số - Phụ Kiện Số,Phụ Kiện Điện Thoại và Máy Tính Bảng,Hộp Đựng - Túi Đựng Phụ Kiện,https://tiki.vn/product-p277479626.html?spid=277479894,149000,0.0,0,1,Dux Ducis,2026-04-28 10:06:10
"Bao da dạng ví cho SamSung Galaxy A36 5G/ A56 5G hiệu Hanman, DaDa có quai cài có ngăn để thẻ ATM và để tiền, bao da may viền - Hàng nhập khẩu",276945707,tiki,Thiết Bị Số - Phụ Kiện Số,Phụ Kiện Điện Thoại và Máy Tính Bảng,Bao Da - Ốp Lưng,https://tiki.vn/product-p276945707.html?spid=276945713,179999,0.0,0,3,Gucase,2026-04-28 10:06:10
Bộ Sạc Nhanh Cho Iphone PD20W Hoco C80/C80A/C109 2 cổng Usb và Type-C kèm dây sạc Type-C sang iPhone 1M Sạc 0-50% Pin trong 30 phút - Hàng chính hãng,276827665,tiki,Thiết Bị Số - Phụ Kiện Số,Phụ Kiện Điện Thoại và Máy Tính Bảng,Adapter - Củ Sạc,https://tiki.vn/product-p276827665.html?spid=278519589,179000,4.7,155,120,Hoco,2026-04-28 10:06:10
"Ốp lưng chống sốc vân kim loại cho Samsung Galaxy S23 Fe , S24 Fe , S21 Fe , S20 Fe hiệu Likgus (chuẩn quân đội, chống va đập, chống vân tay) - Hàng chính hãng",276705674,tiki,Thiết Bị Số - Phụ Kiện Số,Phụ Kiện Điện Thoại và Máy Tính Bảng,Bao Da - Ốp Lưng,https://tiki.vn/product-p276705674.html?spid=274454018,85000,0.0,0,0,Likgus,2026-04-28 10:06:10
"Sạc dự phòng 50.000mAh trong suốt, có sạc nhanh PD 120W, kèm 4 cáp sạc, tích hợp đèn ngủ - FTAKY Hàng Nhập Khẩu",276483587,tiki,Thiết Bị Số - Phụ Kiện Số,Phụ Kiện Điện Thoại và Máy Tính Bảng,Pin Sạc Dự Phòng,https://tiki.vn/product-p276483587.html?spid=276483592,299000,4.5,15,63,FTAKY,2026-04-28 10:06:10
Cáp sạc thay thế cho các dòng đồng hồ Garmin - Hàng chính hãng / Hàng nhập khẩu,276371150,tiki,Thiết Bị Số - Phụ Kiện Số,Phụ Kiện Điện Thoại và Máy Tính Bảng,Dây Sạc - Dây Cáp,https://tiki.vn/product-p276371150.html?spid=276371151,78000,0.0,0,9,CAVARA,2026-04-28 10:06:10
"Ốp lưng da cho iPhone 6, 6s, 6 Plus, 6s Plus, iPhone 7, 7 Plus, iPhone 8 , 8 Plus hãng X-level cao cấp viền mềm chống sốc - Hàng chính hãng",275880338,tiki,Thiết Bị Số - Phụ Kiện Số,Phụ Kiện Điện Thoại và Máy Tính Bảng,Bao Da - Ốp Lưng,https://tiki.vn/product-p275880338.html?spid=275880340,99000,5.0,2,7,ICASE,2026-04-28 10:06:10
"Ốp lưngdành cho Samsung Galaxy A02, A02s, A03, A03s, A03 Core, A04, A04E, dẻo trong chống sốc 4 góc cao cấp - Hàng chính hãng",275688672,tiki,Thiết Bị Số - Phụ Kiện Số,Phụ Kiện Điện Thoại và Máy Tính Bảng,Bao Da - Ốp Lưng,https://tiki.vn/product-p275688672.html?spid=275688674,39000,4.5,2,8,ICASE,2026-04-28 10:06:10
Case Airtag Chống sốc Vỏ Bảo Vệ AirTag Silicon Kai.N Nhiều Màu- Hàng chính Hãng,275379146,tiki,Thiết Bị Số - Phụ Kiện Số,Phụ Kiện Điện Thoại và Máy Tính Bảng,Hộp Đựng - Túi Đựng Phụ Kiện,https://tiki.vn/product-p275379146.html?spid=275379158,45000,0.0,0,5,Kai Nguyễn,2026-04-28 10:06:10
"Ốp lưng dẻo cho Samsung Galaxy A56 , A26 , A36 , A15 , A16 , A55 , A35 , A25 , A15 , A05, A05s, A04, A04s, A06 mỏng 0.6mm độ trong tuyệt đối chống trầy xước - hàng nhập khẩu",274580067,tiki,Thiết Bị Số - Phụ Kiện Số,Phụ Kiện Điện Thoại và Máy Tính Bảng,Bao Da - Ốp Lưng,https://tiki.vn/product-p274580067.html?spid=274580069,35000,0.0,0,3,Ultra Thin,2026-04-28 10:06:10
"Giá Đỡ Ipad Hợp Kim Nhôm Để Bàn Xoay 360 Độ Cho Điện Thoại, Máy Tính Bảng L01 - Hàng chính hãng",273916258,tiki,Thiết Bị Số - Phụ Kiện Số,Phụ Kiện Điện Thoại và Máy Tính Bảng,Giá Đỡ - Chân Đế - Móc Dán,https://tiki.vn/product-p273916258.html?spid=273916259,99000,4.2,21,133,TiMa.lala,2026-04-28 10:06:10
Ốp lưng chống vân tay cho iPhone 15 Pro Max / 15pro / 14ProMax / 14 Pro / 13 Pro Max ốp chống sốc hỗ trợ sạc không dây Likgus TUAN – hàng chính hãng,273711984,tiki,Thiết Bị Số - Phụ Kiện Số,Phụ Kiện Điện Thoại và Máy Tính Bảng,Bao Da - Ốp Lưng,https://tiki.vn/product-p273711984.html?spid=274761345,194000,0.0,0,1,Likgus,2026-04-28 10:06:10
Dây Sạc Siêu Nhanh Type C to Type C PD 60W X89 dây dù siêu bền chống đứt chống rối dài 1m hỗ trợ truyền dữ liệu - Hàng Chính hãng,272126263,tiki,Thiết Bị Số - Phụ Kiện Số,Phụ Kiện Điện Thoại và Máy Tính Bảng,Dây Sạc - Dây Cáp,https://tiki.vn/product-p272126263.html?spid=275191195,89000,5.0,3,20,Hoco,2026-04-28 10:06:10
Miếng Dán Kính Cường Lực Màn Hình Chống Nhìn Trộm MIPOW KINGBULL Dành Cho iPhone 15 Pro Max / 15 Pro / 15 Plus / 15 - HÀNG CHÍNH HÃNG,271992999,tiki,Thiết Bị Số - Phụ Kiện Số,Phụ Kiện Điện Thoại và Máy Tính Bảng,Miếng dán màn hình,https://tiki.vn/product-p271992999.html?spid=271993077,449000,0.0,0,9,MIPOW,2026-04-28 10:06:10
"Thẻ nhớ Micro SD SanDisk Ultra 256Gb-128G UHS-I - 100MB/s Class 10, Thẻ nhớ camera, Thẻ nhớ điện thoại - hàng chính hãng",263754620,tiki,Thiết Bị Số - Phụ Kiện Số,Phụ Kiện Điện Thoại và Máy Tính Bảng,Thẻ Nhớ và Bộ Nhớ Mở Rộng,https://tiki.vn/product-p263754620.html?spid=263754623,625000,5.0,14,83,SanDisk,2026-04-28 10:06:10
"Ốp lưng trong suốt viền màu cho Samsung Galaxy S23 Ultra hiệu Likgus Simple But Unique chống sốc, chống chịu mọi va đập- Hàng nhập khẩu",247432057,tiki,Thiết Bị Số - Phụ Kiện Số,Phụ Kiện Điện Thoại và Máy Tính Bảng,Bao Da - Ốp Lưng,https://tiki.vn/product-p247432057.html?spid=247432059,99000,0.0,0,8,Likgus,2026-04-28 10:06:10
"Ốp lưng silicon case chống sốc cho iPhone XS Max chống bám bẩn siêu mỏng mịn hiệu HOTCASE vật liệu cao cấp, dễ lau chùi - hàng nhập khẩu",194483156,tiki,Thiết Bị Số - Phụ Kiện Số,Phụ Kiện Điện Thoại và Máy Tính Bảng,Bao Da - Ốp Lưng,https://tiki.vn/product-p194483156.html?spid=204418250,98000,0.0,0,3,HOTCASE,2026-04-28 10:06:10
Bao Da cho Iphone 12 Pro Max Handmade Da Bò Thật,187184768,tiki,Thiết Bị Số - Phụ Kiện Số,Phụ Kiện Điện Thoại và Máy Tính Bảng,Bao Da - Ốp Lưng,https://tiki.vn/product-p187184768.html?spid=187184772,299000,0.0,0,4,IONECASE,2026-04-28 10:06:10
Thẻ Nhớ Micro SDXC SanDisk UHS-1 128GB Class 10 100MB/s - Hàng Chính Hãng,177334663,tiki,Thiết Bị Số - Phụ Kiện Số,Phụ Kiện Điện Thoại và Máy Tính Bảng,Thẻ Nhớ và Bộ Nhớ Mở Rộng,https://tiki.vn/product-p177334663.html?spid=204900519,625000,4.3,3,23,SanDisk,2026-04-28 10:06:10
"Baseus USB 3.1 OTG Bộ chuyển đổi USB C Male sang USB A Female Bộ chuyển đổi 10Gbps Đồng bộ hóa dữ liệu cho Macbook Samsung Xiaomi Oppo, v.v. - Hàng chính Hãng",165084020,tiki,Thiết Bị Số - Phụ Kiện Số,Phụ Kiện Điện Thoại và Máy Tính Bảng,Thẻ Nhớ và Bộ Nhớ Mở Rộng,https://tiki.vn/product-p165084020.html?spid=165084033,109000,5.0,8,60, Baseus,2026-04-28 10:06:10
Bao Case ESR Hybrid Protective Bounce Carrying Case dành cho AirPods 3 (2021) - Hàng Nhập Khẩu,139497640,tiki,Thiết Bị Số - Phụ Kiện Số,Phụ Kiện Điện Thoại và Máy Tính Bảng,Hộp Đựng - Túi Đựng Phụ Kiện,https://tiki.vn/product-p139497640.html?spid=139497646,290000,4.7,62,194,ESR,2026-04-28 10:06:10
Giá đỡ điện thoại trên ô tô Màu Đen Ugreen 80711 LP311 Hàng Chính Hãng,90220469,tiki,Thiết Bị Số - Phụ Kiện Số,Phụ Kiện Điện Thoại và Máy Tính Bảng,Giá Đỡ - Chân Đế - Móc Dán,https://tiki.vn/product-p90220469.html?spid=90220470,246000,0.0,0,1,UGREEN,2026-04-28 10:06:10
Củ sạc nhanh 18W QC3.0 màu Trắng cổng USB Ugreen 10133 CD122 Hàng chính hãng,90220225,tiki,Thiết Bị Số - Phụ Kiện Số,Phụ Kiện Điện Thoại và Máy Tính Bảng,Adapter - Củ Sạc,https://tiki.vn/product-p90220225.html?spid=90220226,217000,0.0,0,2,UGREEN,2026-04-28 10:06:10
"Adapter Củ Sạc CHOETECH PD5005 PD 20W Chuyên Sạc Nhanh iPhone, iPad - Hàng Chính Hãng",78010530,tiki,Thiết Bị Số - Phụ Kiện Số,Phụ Kiện Điện Thoại và Máy Tính Bảng,Adapter - Củ Sạc,https://tiki.vn/product-p78010530.html?spid=78010532,50000,4.8,504,1786,CHOETECH,2026-04-28 10:06:10
"Kính Cường Lực KingKong Chống Nhìn Trộm Dành Cho iPhone 12Mini, 12-12Pro, 12Pro Max - Dán Full Màn - Hàng chính hãng",76473301,tiki,Thiết Bị Số - Phụ Kiện Số,Phụ Kiện Điện Thoại và Máy Tính Bảng,Miếng dán màn hình,https://tiki.vn/product-p76473301.html?spid=179734739,99000,4.8,17,171,Kingkong,2026-04-28 10:06:10
"Ốp Lưng TPU Dẻo Viền Vuông Giả iPhone 12 Dành Cho iPhone 6,7,6 Plus,7Plus,X,Xr,Xs Max,11,11 Pro, 11 Pro Max- Hàng Chính Hãng",72217122,tiki,Thiết Bị Số - Phụ Kiện Số,Phụ Kiện Điện Thoại và Máy Tính Bảng,Bao Da - Ốp Lưng,https://tiki.vn/product-p72217122.html?spid=270909598,103500,1.0,1,2,Handtown,2026-04-28 10:06:10
Bộ Sạc MagSafe 25W,72008056,tiki,Thiết Bị Số - Phụ Kiện Số,Phụ Kiện Điện Thoại và Máy Tính Bảng,Adapter - Củ Sạc,https://tiki.vn/product-p72008056.html?spid=276399144,1250000,4.8,296,959,Apple,2026-04-28 10:06:10
Dây Cáp Sạc Nhanh USB Type-C Xiaomi 1m Cho Android - SJV4109GL - Hàng Chính Hãng,56515332,tiki,Thiết Bị Số - Phụ Kiện Số,Phụ Kiện Điện Thoại và Máy Tính Bảng,Dây Sạc - Dây Cáp,https://tiki.vn/product-p56515332.html?spid=72904863,85000,4.8,19,80,Xiaomi,2026-04-28 10:06:10
Ốp lưng chống sốc cao cấp Xundd cho các dòng iPhone 7 Plus / 8 Plus - X/XS - XR - XS Max - 11 - 11 Pro - 11 Pro Max Trong suốt - Hàng nhập khẩu,43683453,tiki,Thiết Bị Số - Phụ Kiện Số,Phụ Kiện Điện Thoại và Máy Tính Bảng,Bao Da - Ốp Lưng,https://tiki.vn/product-p43683453.html?spid=221519279,110000,5.0,3,12,Xundd,2026-04-28 10:06:10
Củ Sạc Điện Thoại Hoco C39 + Tặng kèm 01 Cáp Sạc Điện Thoại IPhone - HÀng Chính Hãng,25074724,tiki,Thiết Bị Số - Phụ Kiện Số,Phụ Kiện Điện Thoại và Máy Tính Bảng,Adapter - Củ Sạc,https://tiki.vn/product-p25074724.html?spid=272148180,129000,4.0,1,1,Hoco,2026-04-28 10:06:10
Bao da chống sốc cho Surface Pro cao cấp,20057631,tiki,Thiết Bị Số - Phụ Kiện Số,Phụ Kiện Điện Thoại và Máy Tính Bảng,Bao Da - Ốp Lưng,https://tiki.vn/product-p20057631.html?spid=63489104,399000,4.8,19,59,SUZIN,2026-04-28 10:06:10
Pin Sạc Dự Phòng Anker PowerCore 20100mAh - A1271H11 / A1271011 (Đen) - Hàng Chính Hãng,227386,tiki,Thiết Bị Số - Phụ Kiện Số,Phụ Kiện Điện Thoại và Máy Tính Bảng,Pin Sạc Dự Phòng,https://tiki.vn/product-p227386.html?spid=227388,750000,4.5,181,1554,ANKER,2026-04-28 10:06:10
Ốp lưng cứng viền dẻo trong cho iPhone 17 Pro Max / 17 Air / 12 / 13 / 14 / 12 Pro / 12 Pro Max / 13 Pro / 13 Pro Max / 13 Mini / 14 / 14 Pro / 14 Pro Max / 15 Plus/ 15 Pro/ 15 Pro Max / 16 /16 Plus/ 16 Pro / 16 Pro Max - Hàng chính hãng,278938246,tiki,Thiết Bị Số - Phụ Kiện Số,Phụ Kiện Điện Thoại và Máy Tính Bảng,Bao Da - Ốp Lưng,https://tiki.vn/product-p278938246.html?spid=276255600,85000,4.0,1,1,GREENCASE,2026-04-28 10:06:10
Bao Case Ốp TPU Trong Suốt Color cho Airpods Pro 3 (2025) - Hàng Chính Hãng,278731906,tiki,Thiết Bị Số - Phụ Kiện Số,Phụ Kiện Điện Thoại và Máy Tính Bảng,Hộp Đựng - Túi Đựng Phụ Kiện,https://tiki.vn/product-p278731906.html?spid=278731912,109000,0.0,0,5,DEVO,2026-04-28 10:06:10
"Túi Chống Sốc Đựng Ipad Teement, Máy Tính Bảng 2 Ngăn Kèm Khe Cắm Bút, Có Quai Xách Nhiều Size 8in, 9.7in, 10.2in, 10.5in, 11in - Hàng Chính Hãng",278723629,tiki,Thiết Bị Số - Phụ Kiện Số,Phụ Kiện Điện Thoại và Máy Tính Bảng,Bao Da - Ốp Lưng,https://tiki.vn/product-p278723629.html?spid=278214826,179000,5.0,3,8,TEEMENT,2026-04-28 10:06:10
Ốp Lưng Da cho Samsung S25 Fe / S24 Fe / S23 Fe / S21 Fe Hiệu X-Level Cao Cấp chống sốc tốt chống bụi bẩn chống mồ hôi dấu vân tay- hàng chính hãng,278634738,tiki,Thiết Bị Số - Phụ Kiện Số,Phụ Kiện Điện Thoại và Máy Tính Bảng,Bao Da - Ốp Lưng,https://tiki.vn/product-p278634738.html?spid=275048194,110000,0.0,0,5,x-level,2026-04-28 10:06:10
"Case vỏ ốp bọc tai nghe dành cho Airpods 4, airpod Pro 2 silicon kèm dây đeo - HÀNG CHÍNH HÃNG",277489257,tiki,Thiết Bị Số - Phụ Kiện Số,Phụ Kiện Điện Thoại và Máy Tính Bảng,Hộp Đựng - Túi Đựng Phụ Kiện,https://tiki.vn/product-p277489257.html?spid=277489277,49000,0.0,0,0,SUZIN,2026-04-28 10:06:10
"Bao da đựng điện thoại đeo ngang hông dùng được cho điện thoại từ 5inch dến 6,3 inch  , trên 6.7 inch - hàng nhập khẩu",277171829,tiki,Thiết Bị Số - Phụ Kiện Số,Phụ Kiện Điện Thoại và Máy Tính Bảng,Bao Da - Ốp Lưng,https://tiki.vn/product-p277171829.html?spid=273494447,210000,5.0,2,3,Ultra Thin,2026-04-28 10:06:10
"Giá đỡ điện thoại ,đa năng ,có thể gấp gọn để bàn hợp kim nhôm chắc chắn ,đế chống trơn trượt tiện dụng hàng nhập khẩu",276899173,tiki,Thiết Bị Số - Phụ Kiện Số,Phụ Kiện Điện Thoại và Máy Tính Bảng,Giá Đỡ - Chân Đế - Móc Dán,https://tiki.vn/product-p276899173.html?spid=276899174,99000,4.5,2,12,LYNUSAN,2026-04-28 10:06:10
CỐC SẠC NHANH 12W 2 CỔNG CHỐNG CHÁY NỔ HOCO C73 - CỦ SẠC ĐA NĂNG 2.4A CHO CÁC DÒNG ĐIỆN THOẠI CHÍNH HÃNG,276829576,tiki,Thiết Bị Số - Phụ Kiện Số,Phụ Kiện Điện Thoại và Máy Tính Bảng,Adapter - Củ Sạc,https://tiki.vn/product-p276829576.html?spid=276829581,39000,4.8,53,31,Hoco,2026-04-28 10:06:10
"Bao da dành cho iPhone 17 Pro Max / 17 Pro / 17 Air / 17 / 16 Pro Max , iPhone 16 Pro , iPhone 15 Pro Max , iPhone 15 Pro Dux Ducis Hivo Series dạng ví có ngăn đựng thẻ đựng tiền tiện lợi - hàng chính hãng",276412359,tiki,Thiết Bị Số - Phụ Kiện Số,Phụ Kiện Điện Thoại và Máy Tính Bảng,Bao Da - Ốp Lưng,https://tiki.vn/product-p276412359.html?spid=276412363,230000,0.0,0,5,GREENCASE,2026-04-28 10:06:10
Bao Case Silicon Grip Tay Cầm Bút Vẽ Chống Trơn Trượt cho Apple Pencil 1/2 / Pencil Pro - Hàng Chính Hãng,276393765,tiki,Thiết Bị Số - Phụ Kiện Số,Phụ Kiện Điện Thoại và Máy Tính Bảng,Hộp Đựng - Túi Đựng Phụ Kiện,https://tiki.vn/product-p276393765.html?spid=276723972,69000,0.0,0,5,DEVO,2026-04-28 10:06:10
"Miếng Dán Cường Lực JCPAL Preserver cho iPhone 16 / iPhone 16 Plus/ iPhone 16 Pro/ iPhone 16 ProMax, chính hãng Canada_ Hàng chính hãng",276259150,tiki,Thiết Bị Số - Phụ Kiện Số,Phụ Kiện Điện Thoại và Máy Tính Bảng,Miếng dán màn hình,https://tiki.vn/product-p276259150.html?spid=276381016,390000,0.0,0,0,JCPAL,2026-04-28 10:06:10
"Bao da dạng ví dành cho iPhone 13 Pro Max hiệu caseme chống sốc chống va đập bụi bẩn, có ngăn đựng tiền, đựng thẻ tiện dụng - Hàng chính hãng",276248329,tiki,Thiết Bị Số - Phụ Kiện Số,Phụ Kiện Điện Thoại và Máy Tính Bảng,Bao Da - Ốp Lưng,https://tiki.vn/product-p276248329.html?spid=276248363,145000,5.0,1,1,GREENCASE,2026-04-28 10:06:10
Củ sạc nhanh Baseus Palm Fast Charger 1C 20W- Hàng Chính Hãng,276164713,tiki,Thiết Bị Số - Phụ Kiện Số,Phụ Kiện Điện Thoại và Máy Tính Bảng,Adapter - Củ Sạc,https://tiki.vn/product-p276164713.html?spid=276164725,230000,0.0,0,1,Baseus,2026-04-28 10:06:10
"Ốp lưng dành cho iPhone 16 Pro Max, iPhone 16 Pro, iPhone 16 Plus, iPhone 16 hiệu X&M cứng trong siêu mỏng, không ố, bảo vệ máy cao cấp - Hàng chính hãng",276123835,tiki,Thiết Bị Số - Phụ Kiện Số,Phụ Kiện Điện Thoại và Máy Tính Bảng,Bao Da - Ốp Lưng,https://tiki.vn/product-p276123835.html?spid=276123837,90000,0.0,0,3,ICASE,2026-04-28 10:06:10
Miếng Dán Cường Lực Mipow Kingbull Premium iPhone 16 / iPhone 16 Plus/ iPhone 16 Pro/ iPhone 16 ProMax Chính hãng Mipow_ Hàng chính hãng,276116361,tiki,Thiết Bị Số - Phụ Kiện Số,Phụ Kiện Điện Thoại và Máy Tính Bảng,Miếng dán màn hình,https://tiki.vn/product-p276116361.html?spid=276116369,390000,0.0,0,0,MIPOW,2026-04-28 10:06:10
"Dây Sạc 3 Đầu, Dây Sạc Nhanh 100W Với 3 Đầu Sạc Phù Hợp Với Nhiều Dòng Điện Thoại Dài Khoảng 1 Mét - Hàng Nhập Khẩu",275542924,tiki,Thiết Bị Số - Phụ Kiện Số,Phụ Kiện Điện Thoại và Máy Tính Bảng,Dây Sạc - Dây Cáp,https://tiki.vn/product-p275542924.html?spid=275542925,99000,0.0,0,14,HT SYS,2026-04-28 10:06:10
Ốp lưng da cao cấp dành cho iPhone 15 / 15 Plus / 15 Pro / 15 Pro Max - Hàng chính hãng,272285194,tiki,Thiết Bị Số - Phụ Kiện Số,Phụ Kiện Điện Thoại và Máy Tính Bảng,Bao Da - Ốp Lưng,https://tiki.vn/product-p272285194.html?spid=272285200,179000,5.0,10,77,Photodesign VN,2026-04-28 10:06:10
"Thẻ Nhớ Micro SD imou 64Gb/32Gb Micro SD Class 10, Thẻ nhớ camera, Thẻ nhớ điện thoại - Hàng chính hãng",263752494,tiki,Thiết Bị Số - Phụ Kiện Số,Phụ Kiện Điện Thoại và Máy Tính Bảng,Thẻ Nhớ và Bộ Nhớ Mở Rộng,https://tiki.vn/product-p263752494.html?spid=273422426,375000,4.6,27,131,IMOU,2026-04-28 10:06:10
{Siêu sale}Túi đựng điện thoại thêu 2 cô gái Việt Nam,247657797,tiki,Thiết Bị Số - Phụ Kiện Số,Phụ Kiện Điện Thoại và Máy Tính Bảng,Phụ Kiện Di Động Khác,https://tiki.vn/product-p247657797.html?spid=247657800,60000,0.0,0,5,T B L,2026-04-28 10:06:10
Tẩu sạc nhanh PD 20W trên xe hơi ô tô Z46A QC 3.0 - Hàng nhập khẩu,214912454,tiki,Thiết Bị Số - Phụ Kiện Số,Phụ Kiện Điện Thoại và Máy Tính Bảng,Adapter - Củ Sạc,https://tiki.vn/product-p214912454.html?spid=221240895,189000,4.5,2,15,Hoco,2026-04-28 10:06:10
"Giá Đỡ Điện Thoại Khung Kim Loại Xoay 360 độ, Chân Đế Chống Lật, Tùy Chỉnh Nhiều Góc Độ, Dùng Để Livestream, Giải Trí, Học Online - HÀNG CHÍNH HÃNG",202919793,tiki,Thiết Bị Số - Phụ Kiện Số,Phụ Kiện Điện Thoại và Máy Tính Bảng,Giá Đỡ - Chân Đế - Móc Dán,https://tiki.vn/product-p202919793.html?spid=202919795,139000,5.0,11,79,DORON the best service,2026-04-28 10:06:10
"Cáp Sạc nhanh 20W tự ngắt Gen2 có đèn led báo Baseus Explorer Series cho iPhone13,12,11.....8plus/ iPad (Type C to IP Auto Power-Off, PD 20W Fast Charging Data Cable )- Hàng chính hãng",189701020,tiki,Thiết Bị Số - Phụ Kiện Số,Phụ Kiện Điện Thoại và Máy Tính Bảng,Dây Sạc - Dây Cáp,https://tiki.vn/product-p189701020.html?spid=189701027,279000,4.7,27,152,Baseus,2026-04-28 10:06:10
Ốp lưng silicon dẻo cho Samsung Galaxy A53 5G trong suốt mỏng 0.6mm hiệu Ultra Thin độ trong tuyệt đối chống trầy xước - Hàng nhập khẩu,186608866,tiki,Thiết Bị Số - Phụ Kiện Số,Phụ Kiện Điện Thoại và Máy Tính Bảng,Bao Da - Ốp Lưng,https://tiki.vn/product-p186608866.html?spid=215793817,38990,5.0,1,11,Ultra Thin,2026-04-28 10:06:10
"Giá Đỡ Điện Thoại , Máy Tính Bảng Có Thể Gấp Gọn, Chống Trượt, Tùy Chỉnh Độ Cao - Hàng CHÍNH HÃNG - LOẠI 1",152492437,tiki,Thiết Bị Số - Phụ Kiện Số,Phụ Kiện Điện Thoại và Máy Tính Bảng,Giá Đỡ - Chân Đế - Móc Dán,https://tiki.vn/product-p152492437.html?spid=180738942,45000,4.6,8,13,MINIIN,2026-04-28 10:06:10
"Cáp sạc nhanh 100W type c to type c Baseus Cafule Series Metal - dây sạc 2 đầu type c bọc dù dài 1m 2m cho androi samsung oppo,...vv - hàng chính hãng",130864784,tiki,Thiết Bị Số - Phụ Kiện Số,Phụ Kiện Điện Thoại và Máy Tính Bảng,Dây Sạc - Dây Cáp,https://tiki.vn/product-p130864784.html?spid=263327424,49000,5.0,6,70,Baseus,2026-04-28 10:06:10
Bao ốp bàn phím thông minh WIWU MagTouch dành cho iPad Gen 11 A16 - Hàng Chính Hãng,125753673,tiki,Thiết Bị Số - Phụ Kiện Số,Phụ Kiện Điện Thoại và Máy Tính Bảng,Bàn Phím Rời - Bút Cảm Ứng,https://tiki.vn/product-p125753673.html?spid=125753674,1245000,5.0,1,7,WIWU,2026-04-28 10:06:10
Củ Sạc Cho iPhone 1A Hoco UH102 - Sạc 1A - 5W Chuẩn - Hàng Chính Hãng,124088818,tiki,Thiết Bị Số - Phụ Kiện Số,Phụ Kiện Điện Thoại và Máy Tính Bảng,Adapter - Củ Sạc,https://tiki.vn/product-p124088818.html?spid=261947267,79000,4.0,1,7,Hoco,2026-04-28 10:06:10
"Thẻ nhớ chuyên camera Mirco SD HIKVISION  64G - 32GB - 92MB/s, chuyên ghi hình cho camera, máy ảnh, ... Hàng nhập khẩu",112087792,tiki,Thiết Bị Số - Phụ Kiện Số,Phụ Kiện Điện Thoại và Máy Tính Bảng,Thẻ Nhớ và Bộ Nhớ Mở Rộng,https://tiki.vn/product-p112087792.html?spid=270693849,255000,4.5,19,163,Hikvision,2026-04-28 10:06:10
"Đầu bút thay thế ngòi cao cấp dành cho Apple Pencil 1, 2, Pencil Pro - Apple Pencil Tips_ Hàng Chính Hãng",111726388,tiki,Thiết Bị Số - Phụ Kiện Số,Phụ Kiện Điện Thoại và Máy Tính Bảng,Bàn Phím Rời - Bút Cảm Ứng,https://tiki.vn/product-p111726388.html?spid=111726389,64000,4.5,66,604,Kai Nguyễn,2026-04-28 10:06:10
Giá đỡ Điện thoại/Máy tính bảng năng động UGREEN LP106 - Hàng chính hãng,91190227,tiki,Thiết Bị Số - Phụ Kiện Số,Phụ Kiện Điện Thoại và Máy Tính Bảng,Giá Đỡ - Chân Đế - Móc Dán,https://tiki.vn/product-p91190227.html?spid=24176336,79000,4.7,10,66,UGREEN,2026-04-28 10:06:10
Ốp lưng cho SamSung Galaxy Nte 20/ Note 20 Ultra chính hãng SULADA dạng da mềm,76203159,tiki,Thiết Bị Số - Phụ Kiện Số,Phụ Kiện Điện Thoại và Máy Tính Bảng,Bao Da - Ốp Lưng,https://tiki.vn/product-p76203159.html?spid=90989291,84999,2.5,2,15,sulada,2026-04-28 10:06:10
Thẻ Nhớ MicroSD SanDisk Ultra 32GB 100MB/s - Hàng Chính Hãng,73161165,tiki,Thiết Bị Số - Phụ Kiện Số,Phụ Kiện Điện Thoại và Máy Tính Bảng,Thẻ Nhớ và Bộ Nhớ Mở Rộng,https://tiki.vn/product-p73161165.html?spid=213562548,496000,5.0,8,102,SanDisk,2026-04-28 10:06:10
Cáp mạng LAN CAT6 dây dẹt Ugreen 102DD50177NW 8M màu Đen hàng chính hãng,72941178,tiki,Thiết Bị Số - Phụ Kiện Số,Phụ Kiện Điện Thoại và Máy Tính Bảng,Dây Sạc - Dây Cáp,https://tiki.vn/product-p72941178.html?spid=72941179,95000,4.6,5,30,UGREEN,2026-04-28 10:06:10
Ốp lưng iPhone 12/ 12 Pro Likgus viền màu - Hàng chính hãng,71985728,tiki,Thiết Bị Số - Phụ Kiện Số,Phụ Kiện Điện Thoại và Máy Tính Bảng,Bao Da - Ốp Lưng,https://tiki.vn/product-p71985728.html?spid=76058988,128999,5.0,4,10,Likgus,2026-04-28 10:06:10
Kính cường lực Kingkong chống nhìn trộm iPhone 12 series - Hàng chính hãng,71693488,tiki,Thiết Bị Số - Phụ Kiện Số,Phụ Kiện Điện Thoại và Máy Tính Bảng,Miếng dán màn hình,https://tiki.vn/product-p71693488.html?spid=72622161,108999,4.5,8,49,Kingkong,2026-04-28 10:06:10
Dây USB 3.0 đực sang đực mạ vàng dài UGREEN US116 (Đen) - Hàng chính hãng,52816123,tiki,Thiết Bị Số - Phụ Kiện Số,Phụ Kiện Điện Thoại và Máy Tính Bảng,Dây Sạc - Dây Cáp,https://tiki.vn/product-p52816123.html?spid=38494747,114000,5.0,4,36,UGREEN,2026-04-28 10:06:10
Bao da 360 độ Dada dành cho iPad Air - Hàng chính hãng,17509231,tiki,Thiết Bị Số - Phụ Kiện Số,Phụ Kiện Điện Thoại và Máy Tính Bảng,Bao Da - Ốp Lưng,https://tiki.vn/product-p17509231.html?spid=17509235,95000,4.5,13,82,Dada,2026-04-28 10:06:10
Tẩu Sạc Cho Oto 2 Cổng- 2 Hốc Hoco Z28 - Hàng Chính Hãng,10681519,tiki,Thiết Bị Số - Phụ Kiện Số,Phụ Kiện Điện Thoại và Máy Tính Bảng,Adapter - Củ Sạc,https://tiki.vn/product-p10681519.html?spid=248679932,209000,0.0,0,5,Hoco,2026-04-28 10:06:10
Giá đỡ Máy tính bảng năng động UGREEN LP115 50748 - Hàng Chính Hãng,8347237,tiki,Thiết Bị Số - Phụ Kiện Số,Phụ Kiện Điện Thoại và Máy Tính Bảng,Giá Đỡ - Chân Đế - Móc Dán,https://tiki.vn/product-p8347237.html?spid=38056215,89000,5.0,7,31,UGREEN,2026-04-28 10:06:10
Bao Da Ipad Air 2 Smart Case SMARTCASEAIR2-BK - Đen - Hàng Nhập Khẩu,698167,tiki,Thiết Bị Số - Phụ Kiện Số,Phụ Kiện Điện Thoại và Máy Tính Bảng,Bao Da - Ốp Lưng,https://tiki.vn/product-p698167.html?spid=167473545,168000,5.0,1,19,Smart Case,2026-04-28 10:06:10
"Bao da dạng ví cho Samsung S21 Fe , S23 Fe , S24 Fe , S25 Fe hiệu Forwent - Hàng chính hãng",278936420,tiki,Thiết Bị Số - Phụ Kiện Số,Phụ Kiện Điện Thoại và Máy Tính Bảng,Bao Da - Ốp Lưng,https://tiki.vn/product-p278936420.html?spid=276289920,165000,4.7,3,5,GREENCASE,2026-04-28 10:06:10
Sạc dự phòng Anker Zolo Power Bank Built-In 90° Cable 1USB 1Type-C 22.5W 20000mAh A110E - Hàng chính hãng,278765376,tiki,Thiết Bị Số - Phụ Kiện Số,Phụ Kiện Điện Thoại và Máy Tính Bảng,Pin Sạc Dự Phòng,https://tiki.vn/product-p278765376.html?spid=278765378,1150000,0.0,0,1,ANKER,2026-04-28 10:06:10
"Ốp Điện Thoại Chống Sốc WI WU Dùng Cho iPhone 17 Pro Max , 17 Air , 17 Pro , 16 Pro Max , 16 Pro , 16 Plus , 16",278706780,tiki,Thiết Bị Số - Phụ Kiện Số,Phụ Kiện Điện Thoại và Máy Tính Bảng,Bao Da - Ốp Lưng,https://tiki.vn/product-p278706780.html?spid=278706794,250000,0.0,0,0,OEM,2026-04-28 10:06:10
Ốp lưng cho iPhone 17 Pro Max RINGKE Rugged Gear - Hàng Chính Hãng,278668416,tiki,Thiết Bị Số - Phụ Kiện Số,Phụ Kiện Điện Thoại và Máy Tính Bảng,Bao Da - Ốp Lưng,https://tiki.vn/product-p278668416.html?spid=278668418,440000,0.0,0,0,Ringke,2026-04-28 10:06:10
"Ốp lưng silicon dẻo KST Design dành cho iPhone Air, iPhone 17, 17 Pro, 17 Pro Max - Hàng Chính Hãng",278659224,tiki,Thiết Bị Số - Phụ Kiện Số,Phụ Kiện Điện Thoại và Máy Tính Bảng,Bao Da - Ốp Lưng,https://tiki.vn/product-p278659224.html?spid=278659232,99000,5.0,1,0,CA,2026-04-28 10:06:10
Pin Dự Phòng Baseus Airpow Lite Power Bank 10000mAh 15W (Kèm Cáp Dữ Liệu Simple Series USB sang Type-C dài 30cm)- Hàng Chính Hãng,278463259,tiki,Thiết Bị Số - Phụ Kiện Số,Phụ Kiện Điện Thoại và Máy Tính Bảng,Pin Sạc Dự Phòng,https://tiki.vn/product-p278463259.html?spid=278463260,359000,5.0,1,8,Baseus,2026-04-28 10:06:10
"Sạc Dự Phòng trong suốt 30000mAh - sạc siêu nhanh, tích hợp 4 cáp, 2 cổng usb, sạc cùng lúc nhiều điện thoại - Hàng chính hãng",277811550,tiki,Thiết Bị Số - Phụ Kiện Số,Phụ Kiện Điện Thoại và Máy Tính Bảng,Pin Sạc Dự Phòng,https://tiki.vn/product-p277811550.html?spid=277811552,395000,4.6,5,32,CARECAM,2026-04-28 10:06:10
"Hdmi Không Dây Anycast M9 Plus Wifi Kết Nối Điện Thoại, Laptop, Máy Tính Bảng Sang Tivi Tốc Độ Cao",277569564,tiki,Thiết Bị Số - Phụ Kiện Số,Phụ Kiện Điện Thoại và Máy Tính Bảng,Miếng dán màn hình,https://tiki.vn/product-p277569564.html?spid=277569565,179000,0.0,0,5,OEM,2026-04-28 10:06:10
Ốp lưng cho iphone 16 promax / 16 Pro / 16 Plus / IP16 Iris sạc từ tính đính đá vòng kim tuyến rất đẹp - hàng chính hãng,277467991,tiki,Thiết Bị Số - Phụ Kiện Số,Phụ Kiện Điện Thoại và Máy Tính Bảng,Bao Da - Ốp Lưng,https://tiki.vn/product-p277467991.html?spid=276167762,225999,5.0,1,3,Gucase,2026-04-28 10:06:10
Củ sạc Baseus Compact 30W nhanh siêu nhỏ gọn USB dual port +Type C - Hàng Chính Hãng,276347075,tiki,Thiết Bị Số - Phụ Kiện Số,Phụ Kiện Điện Thoại và Máy Tính Bảng,Adapter - Củ Sạc,https://tiki.vn/product-p276347075.html?spid=276347090,379000,5.0,1,11,Baseus,2026-04-28 10:06:10
Cốc sạc Anker Zolo 1Type-C 30W PIQ 3.0 A2698 - Hàng chính hãng,276333448,tiki,Thiết Bị Số - Phụ Kiện Số,Phụ Kiện Điện Thoại và Máy Tính Bảng,Adapter - Củ Sạc,https://tiki.vn/product-p276333448.html?spid=277369258,289000,5.0,1,3,ANKER,2026-04-28 10:06:10
Ốp lưng dẻo trong phong cách mới dành cho iPhone 16 / 16 Plus / 16 Pro / 16 Pro Max - Hàng chính hãng,276273967,tiki,Thiết Bị Số - Phụ Kiện Số,Phụ Kiện Điện Thoại và Máy Tính Bảng,Bao Da - Ốp Lưng,https://tiki.vn/product-p276273967.html?spid=276273973,149000,5.0,10,41,Photodesign VN,2026-04-28 10:06:10
"Bao da dành cho iPad A16 Gen 11 2025 , Gen 10 2022 10.9 Có Khe Cắm Bút, Tự Động Tắt Mở - Hàng Chính Hãng",276272143,tiki,Thiết Bị Số - Phụ Kiện Số,Phụ Kiện Điện Thoại và Máy Tính Bảng,Bao Da - Ốp Lưng,https://tiki.vn/product-p276272143.html?spid=276272147,170000,0.0,0,5,GREENCASE,2026-04-28 10:06:10
Ốp lưng da khoét táo cao cấp dành cho iPhone 16 / 16 Plus / 16 Pro / 16 Pro Max - Hàng chính hãng,276248282,tiki,Thiết Bị Số - Phụ Kiện Số,Phụ Kiện Điện Thoại và Máy Tính Bảng,Bao Da - Ốp Lưng,https://tiki.vn/product-p276248282.html?spid=276248288,149000,5.0,8,21,Photodesign VN,2026-04-28 10:06:10
"Ốp Lưng Sạc Từ Tính cho iPhone 16 Pro/ 16 Pro Max/ iphone 16/ 16 Plus Dux Ducis Yind Series, chống sốc, chống vân tay_ Hàng chính hãng",276227450,tiki,Thiết Bị Số - Phụ Kiện Số,Phụ Kiện Điện Thoại và Máy Tính Bảng,Bao Da - Ốp Lưng,https://tiki.vn/product-p276227450.html?spid=276227466,199000,5.0,1,5,Kai Nguyễn,2026-04-28 10:06:10
Bộ sạc nhanh type-c cho ip15 ROCK Ice²Cube sạc nhanh 30W - Hàng chính hãng Rockspace bảo hành 12 tháng,276191752,tiki,Thiết Bị Số - Phụ Kiện Số,Phụ Kiện Điện Thoại và Máy Tính Bảng,Adapter - Củ Sạc,https://tiki.vn/product-p276191752.html?spid=276191753,299000,5.0,1,12,RockSpace,2026-04-28 10:06:10
"Ốp Lưng Siêu Mỏng Nhám cho iPhone 16 Pro/ 16 Pro Max/ 16/ 16 Plus MIPOW PREMIUM SLIM CASE, chống vân tay_ Hàng chính hãng",276173692,tiki,Thiết Bị Số - Phụ Kiện Số,Phụ Kiện Điện Thoại và Máy Tính Bảng,Bao Da - Ốp Lưng,https://tiki.vn/product-p276173692.html?spid=276173694,280000,5.0,2,12,MIPOW,2026-04-28 10:06:10
"Dán mắt camera cho Samsung Z Flip 7 / Z Fold 7 / Z Flip 6/ Z Fold 6 /Z Flip 5, Z Fold 5 hiệu Kuzoom  - Hàng chính hãng",276024053,tiki,Thiết Bị Số - Phụ Kiện Số,Phụ Kiện Điện Thoại và Máy Tính Bảng,Bao Da - Ốp Lưng,https://tiki.vn/product-p276024053.html?spid=276024190,85000,0.0,0,3,Kuzoom,2026-04-28 10:06:10
Tai nghe chụp tai Gamming A4 dây 3.5mm- hàng chính hãng,275947327,tiki,Thiết Bị Số - Phụ Kiện Số,Phụ Kiện Điện Thoại và Máy Tính Bảng,Phụ Kiện Di Động Khác,https://tiki.vn/product-p275947327.html?spid=275947328,150000,0.0,0,2,Baseus,2026-04-28 10:06:10
"Kệ kẹp điện thoại trên ô tô Rhino KP701, giá đỡ kẹp điện thoại trên xe tiện lợi - Hàng chính hãng",275249317,tiki,Thiết Bị Số - Phụ Kiện Số,Phụ Kiện Điện Thoại và Máy Tính Bảng,Giá Đỡ - Chân Đế - Móc Dán,https://tiki.vn/product-p275249317.html?spid=275249318,48020,3.9,10,94,Rhino Store,2026-04-28 10:06:10
Bao da 360 độ Dada dành cho iPad 2/ 3/ 4 - Hàng chính hãng,275064359,tiki,Thiết Bị Số - Phụ Kiện Số,Phụ Kiện Điện Thoại và Máy Tính Bảng,Bao Da - Ốp Lưng,https://tiki.vn/product-p275064359.html?spid=275064363,95000,0.0,0,20,Dada,2026-04-28 10:06:10
"Ốp Lưng Chống Sốc Cho Samsung Galaxy Z Flip 7 , Z Flip 6 , Z Flip 5 , Z Flip 4 , Z Flip 3 Mặt Lưng Trong Suốt Bảo Vệ  - Hàng Chính Hãng Xundd",274643334,tiki,Thiết Bị Số - Phụ Kiện Số,Phụ Kiện Điện Thoại và Máy Tính Bảng,Bao Da - Ốp Lưng,https://tiki.vn/product-p274643334.html?spid=214254818,130000,0.0,0,5,Xundd,2026-04-28 10:06:10
Pin sạc dự phòng không dây kèm giá đỡ điện thoại Rockspace P83 5000mAh sạc nhanh 15W - Hàng chính hãng bảo hành 12 tháng,274153107,tiki,Thiết Bị Số - Phụ Kiện Số,Phụ Kiện Điện Thoại và Máy Tính Bảng,Pin Sạc Dự Phòng,https://tiki.vn/product-p274153107.html?spid=274153108,145000,0.0,0,3,RockSpace,2026-04-28 10:06:10
Giá đỡ điện thoại hợp kim nhôm AT-1 gấp gọn tiện dụng - hàng chính hãng,273916264,tiki,Thiết Bị Số - Phụ Kiện Số,Phụ Kiện Điện Thoại và Máy Tính Bảng,Giá Đỡ - Chân Đế - Móc Dán,https://tiki.vn/product-p273916264.html?spid=273916265,79000,5.0,4,39,TiMa.lala,2026-04-28 10:06:10
"Ốp lưng chống sốc trong suốt bảo vệ camera cho iPhone 13 Pro Max / 13 Pro / iP 13 hiệu Likgus Camshield - Trang bị đệm khí 4 góc, viền TPU chống trầy xước, lưng PC cường lực chống sốc - Hàng nhập khẩu",273777574,tiki,Thiết Bị Số - Phụ Kiện Số,Phụ Kiện Điện Thoại và Máy Tính Bảng,Bao Da - Ốp Lưng,https://tiki.vn/product-p273777574.html?spid=273777576,129000,0.0,0,3,Likgus,2026-04-28 10:06:10
Dung dịch Vệ Sinh Màn Hình Macbook Kai.N Screen Cleaning Kit 200ml Kháng Khuẩn Điện Thoại Máy ảnh Đồng Hồ Laptop Tablet Ống kính Kèm Khăn Lau_ Hàng chính hãng,273404610,tiki,Thiết Bị Số - Phụ Kiện Số,Phụ Kiện Điện Thoại và Máy Tính Bảng,Dụng Cụ Sửa Chữa và Vệ Sinh,https://tiki.vn/product-p273404610.html?spid=273404611,96000,5.0,6,40,Kai Nguyễn,2026-04-28 10:06:10
Cốc sạc Anker 511 Nano Pro 1Type-C 20W PIQ 3.0 A2637 - Hàng chính hãng,271931578,tiki,Thiết Bị Số - Phụ Kiện Số,Phụ Kiện Điện Thoại và Máy Tính Bảng,Adapter - Củ Sạc,https://tiki.vn/product-p271931578.html?spid=271931586,350000,5.0,1,2,ANKER,2026-04-28 10:06:10
Ốp lưng silicon dẻo cho  Samsung Galaxy S23 / Galaxy S23+ / Galaxy S23 Plus / S23 Ultra hiệu Ultra Thin trong suốt mỏng 0.6mm độ trong tuyệt đối chống trầy xước - Hàng nhập khẩu,217164174,tiki,Thiết Bị Số - Phụ Kiện Số,Phụ Kiện Điện Thoại và Máy Tính Bảng,Bao Da - Ốp Lưng,https://tiki.vn/product-p217164174.html?spid=217164176,59000,4.7,7,48,Ultra Thin,2026-04-28 10:06:10
"Ốp lưng cho iPhone 13 / 13 Pro / 13 Pro Max chống sốc trong suốt siêu mỏng 0.88mm hiệu X-Level Sparkling Series độ trong tuyệt đối, chống trầy xước, chống ố vàng, tản nhiệt tốt - hàng nhập khẩu",214075966,tiki,Thiết Bị Số - Phụ Kiện Số,Phụ Kiện Điện Thoại và Máy Tính Bảng,Bao Da - Ốp Lưng,https://tiki.vn/product-p214075966.html?spid=214075970,109000,5.0,1,3,x-level,2026-04-28 10:06:10
Ốp lưng chống sốc trong suốt cho Samsung Galaxy S20 FE hiệu Likgus Crashproof giúp chống chịu mọi va đập - hàng nhập khẩu,195845231,tiki,Thiết Bị Số - Phụ Kiện Số,Phụ Kiện Điện Thoại và Máy Tính Bảng,Bao Da - Ốp Lưng,https://tiki.vn/product-p195845231.html?spid=262856943,83000,5.0,1,12,Likgus,2026-04-28 10:06:10
"Miếng dán kính cường lực dành cho iPhone 13 / iPhone 13 Pro (6.1 inch) hiệu HOTCASE HBO (độ cứng 9H, mỏng 0.3mm, hạn chế bám vân tay) - hàng nhập khẩu",147369570,tiki,Thiết Bị Số - Phụ Kiện Số,Phụ Kiện Điện Thoại và Máy Tính Bảng,Miếng dán màn hình,https://tiki.vn/product-p147369570.html?spid=147369572,39000,2.8,4,7,HOTCASE,2026-04-28 10:06:10
Dây cáp MFI sạc nhanh Rockspace A1 dành cho iphone - Hàng chính hãng,135284361,tiki,Thiết Bị Số - Phụ Kiện Số,Phụ Kiện Điện Thoại và Máy Tính Bảng,Dây Sạc - Dây Cáp,https://tiki.vn/product-p135284361.html?spid=135284374,159000,0.0,0,7,ROCK SPACE,2026-04-28 10:06:10
"Bộ cốc sạc nhanh kèm cáp C to C Baseus Super Si Quick Charger 1C 25W Sets（PD/ QC3.0 Quick charger, With Cable) dùng cho sam sung S20, S21- Hàng chính hãng",130043751,tiki,Thiết Bị Số - Phụ Kiện Số,Phụ Kiện Điện Thoại và Máy Tính Bảng,Adapter - Củ Sạc,https://tiki.vn/product-p130043751.html?spid=130043755,485000,5.0,7,37,Baseus,2026-04-28 10:06:10
Củ Sạc Adapter 1 Cổng Type C PD 20W Umetravel A6 - Hàng Chính Hãng,122143094,tiki,Thiết Bị Số - Phụ Kiện Số,Phụ Kiện Điện Thoại và Máy Tính Bảng,Adapter - Củ Sạc,https://tiki.vn/product-p122143094.html?spid=122143096,60000,4.8,6,14,UMETRAVEL,2026-04-28 10:06:10
Giá Đỡ Điện Thoại Máy Tính Bảng (4-12 inches) Đề Bàn Hoặc Treo Tường Hợp Kim Nhôm Nguyên Khối Cao Cấp – Gấp Gọn Tiện Lợi – Hàng Chính Hãng,120054636,tiki,Thiết Bị Số - Phụ Kiện Số,Phụ Kiện Điện Thoại và Máy Tính Bảng,Giá Đỡ - Chân Đế - Móc Dán,https://tiki.vn/product-p120054636.html?spid=120054638,299000,5.0,10,17,TRIỀU CƯƠNG TECH ,2026-04-28 10:06:10
"Cáp Sạc nhanh Baseus B01 (dài 1m 2.4A, Sạc nhanh, Siêu bền) có đèn LED Cho Iphone / Ipad - Hàng chính Hãng",118220588,tiki,Thiết Bị Số - Phụ Kiện Số,Phụ Kiện Điện Thoại và Máy Tính Bảng,Dây Sạc - Dây Cáp,https://tiki.vn/product-p118220588.html?spid=194082864,69000,4.5,16,128,Baseus,2026-04-28 10:06:10
"Củ sạc nhanh Baseus 30W, Củ sạc Baseus Si 30W, Củ sạc Baseus Super Si Quick Charger 30W dùng cho iPhone/ Samsung/ OPPO... (30W, Type C, PD/ QC3.0 Quick charger) - Hàng chính hãng",108633882,tiki,Thiết Bị Số - Phụ Kiện Số,Phụ Kiện Điện Thoại và Máy Tính Bảng,Adapter - Củ Sạc,https://tiki.vn/product-p108633882.html?spid=129736271,309000,5.0,23,160,Baseus,2026-04-28 10:06:10
Bao Case Vỏ Bảo Vệ ESR Cloud Silicone Keychain Case cho Apple AirTag (Bộ 2 Chiếc) - Hàng Nhập Khẩu,97445583,tiki,Thiết Bị Số - Phụ Kiện Số,Phụ Kiện Điện Thoại và Máy Tính Bảng,Hộp Đựng - Túi Đựng Phụ Kiện,https://tiki.vn/product-p97445583.html?spid=105239534,160000,5.0,17,51,ESR,2026-04-28 10:06:10
Adapter Sạc 2 Cổng Tích Hợp Type-C In/Out Hỗ Trợ Sạc Nhanh PD Power Delivery 61W RAVPower RP-PC105 - Hàng Chính Hãng,45579046,tiki,Thiết Bị Số - Phụ Kiện Số,Phụ Kiện Điện Thoại và Máy Tính Bảng,Adapter - Củ Sạc,https://tiki.vn/product-p45579046.html?spid=56321864,320000,4.6,109,549,RAVPower,2026-04-28 10:06:10
Cáp Nối Dài Ugreen USB 2.0 10321 (10m) - Hàng Chính Hãng,1998403,tiki,Thiết Bị Số - Phụ Kiện Số,Phụ Kiện Điện Thoại và Máy Tính Bảng,Dây Sạc - Dây Cáp,https://tiki.vn/product-p1998403.html?spid=12712799,240000,5.0,1,7,UGREEN,2026-04-28 10:06:10
Bao da smart cover Máy Tính bảng Xiaomi Mi Pad 6 – 11inch – 2022,278955249,tiki,Thiết Bị Số - Phụ Kiện Số,Phụ Kiện Điện Thoại và Máy Tính Bảng,Bao Da - Ốp Lưng,https://tiki.vn/product-p278955249.html?spid=278955256,199000,0.0,0,1,OEM,2026-04-28 10:06:10
"Ốp Lưng Carbon Slim Case Cho iPhone 14/15/ 16/ 17 Series – Siêu Mỏng Nhẹ, Kevlar Cao Cấp, Chính Hãng Likgus.Hàng Nhập Khẩu",278954945,tiki,Thiết Bị Số - Phụ Kiện Số,Phụ Kiện Điện Thoại và Máy Tính Bảng,Bao Da - Ốp Lưng,https://tiki.vn/product-p278954945.html?spid=278954947,248777,0.0,0,0,OEM,2026-04-28 10:06:10
Ốp Lưng Samsung Galaxy Tab A11/ A11 Plus / Tab S11 Kèm Chân Dựng và Khe Cắm Bút chống sốc va đập,278954863,tiki,Thiết Bị Số - Phụ Kiện Số,Phụ Kiện Điện Thoại và Máy Tính Bảng,Bao Da - Ốp Lưng,https://tiki.vn/product-p278954863.html?spid=278954866,150000,0.0,0,0,OEM,2026-04-28 10:06:10
Bao Case Da Bò cho Airpods Pro 3 - Hàng Chính Hãng,278854627,tiki,Thiết Bị Số - Phụ Kiện Số,Phụ Kiện Điện Thoại và Máy Tính Bảng,Hộp Đựng - Túi Đựng Phụ Kiện,https://tiki.vn/product-p278854627.html?spid=278854631,450000,0.0,0,0,DEVO,2026-04-28 10:06:10
"Ốp lưng chống sốc Samsung Galaxy A07, Samsung A17 chính hãng XUNDD cao cấp – Viền dày bảo vệ, mặt lưng trong suốt - Hàng chính hãng",278853727,tiki,Thiết Bị Số - Phụ Kiện Số,Phụ Kiện Điện Thoại và Máy Tính Bảng,Bao Da - Ốp Lưng,https://tiki.vn/product-p278853727.html?spid=278853729,119000,0.0,0,1,CA,2026-04-28 10:06:10
Kính Cường Lực GOR cho iPhone 17 / iPhone 17 Pro / iPhone 17 Pro Max / iPhone Air - Hàng Chính Hãng,278673230,tiki,Thiết Bị Số - Phụ Kiện Số,Phụ Kiện Điện Thoại và Máy Tính Bảng,Miếng dán màn hình,https://tiki.vn/product-p278673230.html?spid=278673247,199000,5.0,2,8,DEVO,2026-04-28 10:06:10
"Pin sạc dự phòng kiêm củ sạc nhanh 45W kèm dây sạc Type-C / L (iP/iPad) và Sạc Không Dây từ tính Magnetic, Pin 15000mAh, Jack cắm EU/UK hiệu WIWU 6 in 1 All-Round - Hỗ trợ sạc cho iPhone / iPad / Macbook / Laptop, đạt chuẩn hàng không - hàng nhập khẩu",278421220,tiki,Thiết Bị Số - Phụ Kiện Số,Phụ Kiện Điện Thoại và Máy Tính Bảng,Pin Sạc Dự Phòng,https://tiki.vn/product-p278421220.html?spid=278421222,1439000,5.0,1,2,HOTCASE,2026-04-28 10:06:10
"Pin dự phòng sạc nhanh ROCK P99 PD 22.5W 20000mAh có cáp tích hợp , hàng chính hãng bảo hành 1 năm",278242807,tiki,Thiết Bị Số - Phụ Kiện Số,Phụ Kiện Điện Thoại và Máy Tính Bảng,Pin Sạc Dự Phòng,https://tiki.vn/product-p278242807.html?spid=278242021,499000,5.0,3,11,RockSpace,2026-04-28 10:06:10
Cáp sạc nhanh USAMS SJ741 Type-C to Ln 30W màn hình hiển thị kỹ thuật số - Hàng Chính Hãng,278173123,tiki,Thiết Bị Số - Phụ Kiện Số,Phụ Kiện Điện Thoại và Máy Tính Bảng,Dây Sạc - Dây Cáp,https://tiki.vn/product-p278173123.html?spid=278173133,159000,4.0,1,5,Usams,2026-04-28 10:06:10
"Ốp Lưng Da cho iPhone 17E , iPhone 16e Hiệu X-Level Chính Hãng Cao Cấp - Hàng chính hãng",277912923,tiki,Thiết Bị Số - Phụ Kiện Số,Phụ Kiện Điện Thoại và Máy Tính Bảng,Bao Da - Ốp Lưng,https://tiki.vn/product-p277912923.html?spid=277916472,99000,0.0,0,2,GREENCASE,2026-04-28 10:06:10
[iPad Gen 11 2025] Bao Da Dành Cho iPad Gen 11 11 inch (2025) Hiệu ONJESS Lưng Silicon - Hàng Chính Hãng,277771255,tiki,Thiết Bị Số - Phụ Kiện Số,Phụ Kiện Điện Thoại và Máy Tính Bảng,Bao Da - Ốp Lưng,https://tiki.vn/product-p277771255.html?spid=277771257,290000,5.0,1,2,CA,2026-04-28 10:06:10
"Ốp lưng dẻo Silicon trong suốt cho iPhone 17e , 16e hiệu Ultra thin (mỏng 0.6mm) - Hàng nhập khẩu",277549704,tiki,Thiết Bị Số - Phụ Kiện Số,Phụ Kiện Điện Thoại và Máy Tính Bảng,Bao Da - Ốp Lưng,https://tiki.vn/product-p277549704.html?spid=277549705,29000,4.5,2,15,GREENCASE,2026-04-28 10:06:10
"Bộ Sạc Nhanh 30W WeKome WU-39 Dành Cho iPh, SS - Kèm Cáp Sạc Bọc Dù Chắc Chắn - Hàng Chính Hãng",276502830,tiki,Thiết Bị Số - Phụ Kiện Số,Phụ Kiện Điện Thoại và Máy Tính Bảng,Adapter - Củ Sạc,https://tiki.vn/product-p276502830.html?spid=276506151,250000,5.0,2,15,wekome,2026-04-28 10:06:10
"Ốp lưng lưới tản nhiệt dành cho iPhone 16 Pro , 16 Pro Max hỗ trợ sạc không dây hiệu Likgus - Hàng chính hãng",276490968,tiki,Thiết Bị Số - Phụ Kiện Số,Phụ Kiện Điện Thoại và Máy Tính Bảng,Bao Da - Ốp Lưng,https://tiki.vn/product-p276490968.html?spid=276490970,119000,0.0,0,3,GREENCASE,2026-04-28 10:06:10
"Ốp Lưng Ringke cho iPhone 16/ 16 Plus RINGKE Onyx, chống vân tay, chống sốc, chính hãng Ringke Hàn quốc_ Hàng chính hãng",276271063,tiki,Thiết Bị Số - Phụ Kiện Số,Phụ Kiện Điện Thoại và Máy Tính Bảng,Bao Da - Ốp Lưng,https://tiki.vn/product-p276271063.html?spid=276271075,329000,0.0,0,6,Kai Nguyễn,2026-04-28 10:06:10
Củ sạc Choetech PD5007 nhanh Type C 30w  (Hàng chính hãng),276257470,tiki,Thiết Bị Số - Phụ Kiện Số,Phụ Kiện Điện Thoại và Máy Tính Bảng,Adapter - Củ Sạc,https://tiki.vn/product-p276257470.html?spid=276257476,329000,0.0,0,1,Baseus,2026-04-28 10:06:10
Ốp Lưng Siêu mỏng sạc từ tính ESR ZERO CLEAR CASE (Halo lock) dành cho iPhone 16 Pro/ iPhone 16 Promax_ hàng chính hãng,276120379,tiki,Thiết Bị Số - Phụ Kiện Số,Phụ Kiện Điện Thoại và Máy Tính Bảng,Bao Da - Ốp Lưng,https://tiki.vn/product-p276120379.html?spid=276120383,359000,0.0,0,1,ESR,2026-04-28 10:06:10
"Ốp lưng cho iPhone 16 Pro / 16 Pro Max, 16, 16 Plus hiệu Nillkin Frosted Shield Pro chống sống chống vân tay - Hàng nhập khẩu",276114950,tiki,Thiết Bị Số - Phụ Kiện Số,Phụ Kiện Điện Thoại và Máy Tính Bảng,Bao Da - Ốp Lưng,https://tiki.vn/product-p276114950.html?spid=276114952,165000,0.0,0,6,Nillkin,2026-04-28 10:06:10
"Ốp lưng siêu mỏng 0.3mm chống ố cho iPhone 16 Pro Max / 16 Pro / 16 Plus / 16 hiệu HOTCASE Memumi Crystal thiết kế ôm sát máy, chống sốc , chống trầy xước - Hàng nhập khẩu",276082041,tiki,Thiết Bị Số - Phụ Kiện Số,Phụ Kiện Điện Thoại và Máy Tính Bảng,Bao Da - Ốp Lưng,https://tiki.vn/product-p276082041.html?spid=276095166,119000,0.0,0,2,HOTCASE,2026-04-28 10:06:10
"Ốp lưng dành cho iPad A16 Gen 11 2025 , Gen 10 10.9 inch 2022 dẻo trong chống sốc cao cấp - Hàng chính hãng.",275891351,tiki,Thiết Bị Số - Phụ Kiện Số,Phụ Kiện Điện Thoại và Máy Tính Bảng,Bao Da - Ốp Lưng,https://tiki.vn/product-p275891351.html?spid=275891352,89000,0.0,0,4,GREENCASE,2026-04-28 10:06:10
"Bao da cho Samsung A17 A07 A16 A26 A36 A56 A14 5G, A04, A04s, A23 5G, A24, A34 5G, A54 5G, A05, A05s A15, A25, A35, A55 dạng ví cao cấp, kiểu dáng sang trọng, ngăn đựng thẻ, bảo vệ toàn diện - Hàng nhập khẩu",275216327,tiki,Thiết Bị Số - Phụ Kiện Số,Phụ Kiện Điện Thoại và Máy Tính Bảng,Bao Da - Ốp Lưng,https://tiki.vn/product-p275216327.html?spid=275216329,165000,4.5,5,17,GREENCASE,2026-04-28 10:06:10
"Ốp Dành Cho Samsung Galaxy A55 Cao cấp, chống bẩn, chống bám vân tay, không trơn trượt, bảo vệ camera màu 3D Camera - Hàng nhập khẩu",274877875,tiki,Thiết Bị Số - Phụ Kiện Số,Phụ Kiện Điện Thoại và Máy Tính Bảng,Bao Da - Ốp Lưng,https://tiki.vn/product-p274877875.html?spid=274877877,80000,5.0,1,15,GREENCASE,2026-04-28 10:06:10
"Ốp Case bảo vệ Dux Ducis PECL Series cho Airpods 4/ Airpods 3 / Airpods Pro 2/ Airpods Pro, Khoá An Toàn, Chống Sốc_ Hàng chính hãng",274463371,tiki,Thiết Bị Số - Phụ Kiện Số,Phụ Kiện Điện Thoại và Máy Tính Bảng,Hộp Đựng - Túi Đựng Phụ Kiện,https://tiki.vn/product-p274463371.html?spid=274463377,199000,5.0,1,5,Dux Ducis,2026-04-28 10:06:10
Cốc sạc Anker 336 Charger 1USB 2Type-C 67W A2674 - Hàng chính hãng,274168338,tiki,Thiết Bị Số - Phụ Kiện Số,Phụ Kiện Điện Thoại và Máy Tính Bảng,Adapter - Củ Sạc,https://tiki.vn/product-p274168338.html?spid=276826599,625000,0.0,0,2,ANKER,2026-04-28 10:06:10
Pin dự phòng PD 20W Rockspace P91 sạc nhanh 10000mAh Hàng chính hãng bảo hành 12 tháng,273536891,tiki,Thiết Bị Số - Phụ Kiện Số,Phụ Kiện Điện Thoại và Máy Tính Bảng,Pin Sạc Dự Phòng,https://tiki.vn/product-p273536891.html?spid=276840311,279000,4.8,13,86,RockSpace,2026-04-28 10:06:10
"Kính Cường Lực Chống Nhìn Trộm KingKong Dành Cho iPhone 14 promax, 13 Promax, 12 Promax, 11 Promax, Xsmax - Dán Full Màn - Hàng chính hãng_B121",216219595,tiki,Thiết Bị Số - Phụ Kiện Số,Phụ Kiện Điện Thoại và Máy Tính Bảng,Miếng dán màn hình,https://tiki.vn/product-p216219595.html?spid=279208515,109999,4.7,3,22,Kingkong,2026-04-28 10:06:10
Ốp Lưng Dành Cho Iphone 14 Promax/ 14 Pro/ 14 Plus/ 14 hình Animal Cute_ Hàng Chính Hãng,203867958,tiki,Thiết Bị Số - Phụ Kiện Số,Phụ Kiện Điện Thoại và Máy Tính Bảng,Bao Da - Ốp Lưng,https://tiki.vn/product-p203867958.html?spid=203867968,90000,5.0,1,19,Kai Nguyễn,2026-04-28 10:06:10
Bao da dạng ví dành cho SamSung Galaxy S22/ S22 Plus/ S22 Ultra chính hãng Forwenw có ngăn đựng thẻ - Hàng chính hãng,200677197,tiki,Thiết Bị Số - Phụ Kiện Số,Phụ Kiện Điện Thoại và Máy Tính Bảng,Bao Da - Ốp Lưng,https://tiki.vn/product-p200677197.html?spid=200677215,165000,4.0,1,11,Forwenw,2026-04-28 10:06:10
Ốp Lưng ESR Air Armor Clear chống sốc chuẩn quân đội dành cho iPhone 14 / 14 Plus/ 14 Pro / 14 Pro Max - Hàng Chính Hãng,197327402,tiki,Thiết Bị Số - Phụ Kiện Số,Phụ Kiện Điện Thoại và Máy Tính Bảng,Bao Da - Ốp Lưng,https://tiki.vn/product-p197327402.html?spid=197327408,240000,5.0,5,20,ESR,2026-04-28 10:06:10
Ốp Case Silicon Bảo Vệ dành cho tai nghe Samsung Galaxy Buds 2 Pro/ Buds 2/ Buds Pro/ Buds Live/ Buds FE Hình Animal Kai_ Hàng Chính Hãng,195164331,tiki,Thiết Bị Số - Phụ Kiện Số,Phụ Kiện Điện Thoại và Máy Tính Bảng,Hộp Đựng - Túi Đựng Phụ Kiện,https://tiki.vn/product-p195164331.html?spid=200954481,99000,4.0,8,40,Kai Nguyễn,2026-04-28 10:06:10
Cáp sạc nhanh đa năng Remax RC-190 - Hỗ trợ sạc nhanh lên đến 60W - Hàng Chính Hãng,191757014,tiki,Thiết Bị Số - Phụ Kiện Số,Phụ Kiện Điện Thoại và Máy Tính Bảng,Dây Sạc - Dây Cáp,https://tiki.vn/product-p191757014.html?spid=191757018,169000,4.8,31,154,Remax,2026-04-28 10:06:10
"Cáp sạc nhanh đa năng cao cấp 60W, truyền tải dữ liệu với lõi dây đồng nguyên chất cho dòng điện ổn định OLAPLE - Hàng nhập khẩu",185243095,tiki,Thiết Bị Số - Phụ Kiện Số,Phụ Kiện Điện Thoại và Máy Tính Bảng,Dây Sạc - Dây Cáp,https://tiki.vn/product-p185243095.html?spid=185243099,199000,5.0,8,57,OLAPLE,2026-04-28 10:06:10
Case Silicon Dành Cho Airpods Pro In Hình Tai Nghe-Kèm Móc Khóa_ Hàng Chính Hãng,181922008,tiki,Thiết Bị Số - Phụ Kiện Số,Phụ Kiện Điện Thoại và Máy Tính Bảng,Hộp Đựng - Túi Đựng Phụ Kiện,https://tiki.vn/product-p181922008.html?spid=181922014,62000,4.5,27,158,Kai Nguyễn,2026-04-28 10:06:10
Ốp lưng da thời trang kết hợp MICA dành cho iPhone 13 / 13 Pro / 13 Pro Max / 13 Mini - Hàng nhập khẩu,160946538,tiki,Thiết Bị Số - Phụ Kiện Số,Phụ Kiện Điện Thoại và Máy Tính Bảng,Bao Da - Ốp Lưng,https://tiki.vn/product-p160946538.html?spid=160946540,149000,4.5,36,169,DELICATE,2026-04-28 10:06:10
Dây Cáp Sạc Mophie Chuẩn MFi Cho iPhone 1m - Hàng Chính Hãng,147259195,tiki,Thiết Bị Số - Phụ Kiện Số,Phụ Kiện Điện Thoại và Máy Tính Bảng,Dây Sạc - Dây Cáp,https://tiki.vn/product-p147259195.html?spid=147259201,390000,4.7,15,57,Mophie,2026-04-28 10:06:10
"Dây cáp sạc type C sạc nhanh 100W Type-C to Type-C chuẩn PD 3.0 hiệu CHOETECH XCC-GY-1002 dài 180cm truyền data tốc độ cao 480Mbps (20V/5A, QC 4.0 & PD 3.0) sạc cho iPhone 15 pro max 15 plus ipad pro macbook samsung huawei oppo laptop  - hàng nhập khẩu",137425557,tiki,Thiết Bị Số - Phụ Kiện Số,Phụ Kiện Điện Thoại và Máy Tính Bảng,Dây Sạc - Dây Cáp,https://tiki.vn/product-p137425557.html?spid=137426388,189000,5.0,4,17,CHOETECH,2026-04-28 10:06:10
Cáp sạc Baseus PD20W Baseus High Density kết nối Type-C sang iPhone dài 100CM ( 3 màu ) - Hàng chính hãng,110153980,tiki,Thiết Bị Số - Phụ Kiện Số,Phụ Kiện Điện Thoại và Máy Tính Bảng,Dây Sạc - Dây Cáp,https://tiki.vn/product-p110153980.html?spid=150342960,99000,4.8,13,104,Baseus,2026-04-28 10:06:10
Ốp cho iPhone 11/ 11 Pro/ 11 Pro Max - Silicon hãng Gor có gờ bảo vệ camera Hàng nhập khẩu,73770733,tiki,Thiết Bị Số - Phụ Kiện Số,Phụ Kiện Điện Thoại và Máy Tính Bảng,Bao Da - Ốp Lưng,https://tiki.vn/product-p73770733.html?spid=197386760,49998,5.0,7,27,Gor,2026-04-28 10:06:10
Ốp lưng cứng Nillkin cho Samsung Note 10 Plus (Đen) - Hàng chính hãng,26098635,tiki,Thiết Bị Số - Phụ Kiện Số,Phụ Kiện Điện Thoại và Máy Tính Bảng,Bao Da - Ốp Lưng,https://tiki.vn/product-p26098635.html?spid=241710476,135990,0.0,0,14,Nillkin,2026-04-28 10:06:10
Cáp Sata 3 Ugreen 30796 - Hàng Chính Hãng,2001883,tiki,Thiết Bị Số - Phụ Kiện Số,Phụ Kiện Điện Thoại và Máy Tính Bảng,Dây Sạc - Dây Cáp,https://tiki.vn/product-p2001883.html?spid=49194631,45000,5.0,6,49,UGREEN,2026-04-28 10:06:10
"Bao da Xiaomi Redmi Pad 2 11 inch 2025 viền dẻo, xoay 360 độ, có khay để bút (màu đen)",278932876,tiki,Thiết Bị Số - Phụ Kiện Số,Phụ Kiện Điện Thoại và Máy Tính Bảng,Bao Da - Ốp Lưng,https://tiki.vn/product-p278932876.html?spid=278932886,120000,0.0,0,2,OEM,2026-04-28 10:06:10
"Ốp lưng da cho iPhone 17 Pro Max , 17 Pro chính hãng Mentor VII LATUS (có ngăn để ATM) - Hàng chính hãng",278745160,tiki,Thiết Bị Số - Phụ Kiện Số,Phụ Kiện Điện Thoại và Máy Tính Bảng,Bao Da - Ốp Lưng,https://tiki.vn/product-p278745160.html?spid=278745249,230000,0.0,0,0,GREENCASE,2026-04-28 10:06:10
"Ốp lưng da SULADA dành cho iPhone 17, iPhone Air, iPhone 17 Pro, iPhone 17 Pro Max – Chống sốc, chống trầy xước, sang trọng - Hàng Chính Hãng",278676633,tiki,Thiết Bị Số - Phụ Kiện Số,Phụ Kiện Điện Thoại và Máy Tính Bảng,Bao Da - Ốp Lưng,https://tiki.vn/product-p278676633.html?spid=278676647,140000,0.0,0,0,GREENCASE,2026-04-28 10:06:10
"Tai Nghe Bluetooth 5.1 NOON EAST Y13 Cảm Ứng Vân Tay Siêu Nhạy, Điều Khiển Đa Chức Năng, Bass Ấm - Hàng Chính Hãng",278527252,tiki,Thiết Bị Số - Phụ Kiện Số,Phụ Kiện Điện Thoại và Máy Tính Bảng,Phụ Kiện Chơi Game,https://tiki.vn/product-p278527252.html?spid=278527254,150000,5.0,1,0,NBAYOU,2026-04-28 10:06:10
Bao Da dành cho Samsung Galaxy Z Fold 7 / Z Fold 6 hiệu Nillkin Aoge Leather Cao Cấp - Hàng nhập khẩu,278451008,tiki,Thiết Bị Số - Phụ Kiện Số,Phụ Kiện Điện Thoại và Máy Tính Bảng,Bao Da - Ốp Lưng,https://tiki.vn/product-p278451008.html?spid=275615535,365000,5.0,1,3,Nillkin,2026-04-28 10:06:10
"Bao Da cho iPad Gen 11 A16 2025 , Gen 10 Wi WU Classic III Case GF-003 – Bảo vệ hoàn hảo - Hàng Chính Hãng",278360005,tiki,Thiết Bị Số - Phụ Kiện Số,Phụ Kiện Điện Thoại và Máy Tính Bảng,Bao Da - Ốp Lưng,https://tiki.vn/product-p278360005.html?spid=278421438,230000,5.0,2,0,GREENCASE,2026-04-28 10:06:10
"Dây Sạc 3 Đầu, Dây Sạc Nhanh 120W Với 3 Đầu Sạc Phù Hợp Với Nhiều Dòng Điện Thoại Dài Khoảng 1.2 Mét - Hàng Nhập Khẩu - Giao Màu Ngẫu Nhiên",278131981,tiki,Thiết Bị Số - Phụ Kiện Số,Phụ Kiện Điện Thoại và Máy Tính Bảng,Dây Sạc - Dây Cáp,https://tiki.vn/product-p278131981.html?spid=278131982,100000,4.5,2,7,LuckyJQR,2026-04-28 10:06:10
Dock Sạc Không Dây Từ Tính 3 in 1 – Wi WU Wi-W038 Sạc cùng lúc 3 i Phone + A pple Watch + Air Pods chỉ với 1 thiết bị duy nhất - hàng nhập khẩu,278041598,tiki,Thiết Bị Số - Phụ Kiện Số,Phụ Kiện Điện Thoại và Máy Tính Bảng,Adapter - Củ Sạc,https://tiki.vn/product-p278041598.html?spid=278041599,850000,1.0,1,1,GREENCASE,2026-04-28 10:06:10
"Giá Đỡ Điện Thoại Máy Tính Bảng Hợp Kim Nhôm Xoay 360 Độ, Kiểu Dáng Công Nghệ, Gấp Gọn Tiện Lợi- hàng nhập khẩu",277263947,tiki,Thiết Bị Số - Phụ Kiện Số,Phụ Kiện Điện Thoại và Máy Tính Bảng,Giá Đỡ - Chân Đế - Móc Dán,https://tiki.vn/product-p277263947.html?spid=277263948,55000,4.0,4,16,TIEN ANH HOUSE,2026-04-28 10:06:10
"Dán cường lực dành cho Samsung Galaxy Tab A11 , A11 Plus , A9 Plus , Tab A9 chống xước chống vỡ - Hàng nhập khẩu",276625486,tiki,Thiết Bị Số - Phụ Kiện Số,Phụ Kiện Điện Thoại và Máy Tính Bảng,Miếng dán màn hình,https://tiki.vn/product-p276625486.html?spid=276625490,80000,0.0,0,1,Likgus,2026-04-28 10:06:10
[Combo 2] Dán cường lực Google Pixel 10 / Pixel 9 RINGKE Easy Slide Tempered Glass - Hàng Chính Hãng,276482984,tiki,Thiết Bị Số - Phụ Kiện Số,Phụ Kiện Điện Thoại và Máy Tính Bảng,Miếng dán màn hình,https://tiki.vn/product-p276482984.html?spid=278522940,450000,0.0,0,2,Ringke,2026-04-28 10:06:10
"Giá Đỡ Để Bàn Điện Thoại Di Động, Máy Tính Bảng, cho iPad Hợp Kim Nhôm Cao Cấp Hai Trục Xoay 180 Độ Chống Đổ - Hàng Chính Hãng",276375496,tiki,Thiết Bị Số - Phụ Kiện Số,Phụ Kiện Điện Thoại và Máy Tính Bảng,Giá Đỡ - Chân Đế - Móc Dán,https://tiki.vn/product-p276375496.html?spid=276962910,349000,4.5,2,6,DEVO,2026-04-28 10:06:10
"Bao da dạng ví hiệu Caseme dành cho iPhone 11 Pro Max , iPhone 11 , iPhone 11 Pro  chống sốc chống va đập, kèm ngăn đựng thẻ đựng tiền tiện lợi - Hàng chính hãng",276357654,tiki,Thiết Bị Số - Phụ Kiện Số,Phụ Kiện Điện Thoại và Máy Tính Bảng,Bao Da - Ốp Lưng,https://tiki.vn/product-p276357654.html?spid=276357662,165000,5.0,1,11,GREENCASE,2026-04-28 10:06:10
"Bao Da Smart Cho iPad 9.7inch Air, Air2, Pro9.7, Gen 5, Gen 6 TPU Silicon Mềm Có Khay Đựng Bút Pencil  - Hàng chính hãng",276272540,tiki,Thiết Bị Số - Phụ Kiện Số,Phụ Kiện Điện Thoại và Máy Tính Bảng,Bao Da - Ốp Lưng,https://tiki.vn/product-p276272540.html?spid=276272542,175000,2.0,3,10,GREENCASE,2026-04-28 10:06:10
"Ốp Lưng Trong Suốt cho iPhone 16 Pro/ 16 Pro Max/ iphone 16/ iphone 16 Plus RINGKE Fusion, chống ố vàng, chống sốc_ Hàng chính hãng",276267361,tiki,Thiết Bị Số - Phụ Kiện Số,Phụ Kiện Điện Thoại và Máy Tính Bảng,Bao Da - Ốp Lưng,https://tiki.vn/product-p276267361.html?spid=276268008,329000,0.0,0,10,Kai Nguyễn,2026-04-28 10:06:10
"Ốp Lưng Trong Suốt siêu mỏng cho iPhone 16 Pro/ 16 Pro Max/ 16/ 16 Plus/ iphone 17/ 17 Air/ 17 Pro/ 17 Pro max MIPOW SOFT TRANSPARENT CASE, chống ố vàng, Hàng chính hãng Mipow",276167480,tiki,Thiết Bị Số - Phụ Kiện Số,Phụ Kiện Điện Thoại và Máy Tính Bảng,Bao Da - Ốp Lưng,https://tiki.vn/product-p276167480.html?spid=276612086,249000,0.0,0,2,Spigen,2026-04-28 10:06:10
"Ốp lưng silicon case cho Samsung Galaxy A52, A52S, A72 , A32 4G chống bám bẩn mặt lưng siêu mềm mịn, có gờ bảo vệ camera - hàng nhập khẩu",275520514,tiki,Thiết Bị Số - Phụ Kiện Số,Phụ Kiện Điện Thoại và Máy Tính Bảng,Bao Da - Ốp Lưng,https://tiki.vn/product-p275520514.html?spid=275520661,80000,0.0,0,3,GREENCASE,2026-04-28 10:06:10
"Tấm Dán Màn Hình Nhám Paper Like Cho SamSung Galaxy Tab S10 Lite, S10 Fe , S10 Fe Plus , S10 Plus , S9 / S9 Fe / S9 Fe Plus / S9 Plus / A11 / Tab A9 Plus A11 Plus Chống Vân Tay Dễ Viết, Vẽ như trên giấy - hàng nhập khẩu",275291274,tiki,Thiết Bị Số - Phụ Kiện Số,Phụ Kiện Điện Thoại và Máy Tính Bảng,Bao Da - Ốp Lưng,https://tiki.vn/product-p275291274.html?spid=275291278,99000,0.0,0,5,Ultra Thin,2026-04-28 10:06:10
Dán cường lực dành cho Samsung Galaxy Tab S6 Lite 2024 chống xước chống vỡ - Hàng nhập khẩu,274917155,tiki,Thiết Bị Số - Phụ Kiện Số,Phụ Kiện Điện Thoại và Máy Tính Bảng,Bao Da - Ốp Lưng,https://tiki.vn/product-p274917155.html?spid=274917156,78999,1.0,1,1,GREENCASE,2026-04-28 10:06:10
"Ốp lưng nhám siêu mỏng 0.3mm cho iPhone 17 Pro Max , 17 Pro , 17 Air , 17 , 16 Pro Max , 16 Pro , 16 Plus ,16 , 15, 15 Plus, 15 Pro, 15 Pro Max hiệu Memumi Slim - mặt lưng chống trượt, chống bám bẩn - Hàng chính hãng",274554361,tiki,Thiết Bị Số - Phụ Kiện Số,Phụ Kiện Điện Thoại và Máy Tính Bảng,Bao Da - Ốp Lưng,https://tiki.vn/product-p274554361.html?spid=274554603,125000,5.0,1,7,Memumi,2026-04-28 10:06:10
"Cáp Sạc Wiwu cho Apple Watch Series 1,2,3,4,5,6,7,8,9,SE2 / đế sạc Apple Watch Ultra 1,2 Cổng Type C / USB A - Hàng Nhập Khẩu",274150831,tiki,Thiết Bị Số - Phụ Kiện Số,Phụ Kiện Điện Thoại và Máy Tính Bảng,Dây Sạc - Dây Cáp,https://tiki.vn/product-p274150831.html?spid=274150833,285000,5.0,1,21,Gucase,2026-04-28 10:06:10
Ốp Lưng Nillkin Nature TPU Pro Dành Cho Samsung Galaxy S24 Ultra / S24 Plus - Hàng Chính Hãng,273971754,tiki,Thiết Bị Số - Phụ Kiện Số,Phụ Kiện Điện Thoại và Máy Tính Bảng,Bao Da - Ốp Lưng,https://tiki.vn/product-p273971754.html?spid=274268622,128000,0.0,0,1,Nillkin,2026-04-28 10:06:10
Ốp Lưng GOR Trong Suốt Dành Cho iPhone 15 Pro Max / iPhone 15 Pro / iPhone 15 Plus / iPhone 15 - HÀNG CHÍNH HÃNG,272412382,tiki,Thiết Bị Số - Phụ Kiện Số,Phụ Kiện Điện Thoại và Máy Tính Bảng,Bao Da - Ốp Lưng,https://tiki.vn/product-p272412382.html?spid=272412386,69000,4.3,4,29,Gor,2026-04-28 10:06:10
Bộ sạc nhanh PD 20W cho iP Rockspace T18 củ sạc nhanh chống cháy nổ hàng chính hãng-Bảo hành 12 tháng,270748396,tiki,Thiết Bị Số - Phụ Kiện Số,Phụ Kiện Điện Thoại và Máy Tính Bảng,Adapter - Củ Sạc,https://tiki.vn/product-p270748396.html?spid=270748397,185000,5.0,4,39,RockSpace,2026-04-28 10:06:10
"Đế sạc không dây sạc nhanh 15W 2 in 1 hỗ trợ sạc cho Smartphone / Galaxy Watch / Tai nghe hiệu CHOETECH T570-S (Chuẩn Qi, Smartchip, chuyên dụng cho Galaxy Watch) - Hàng nhập khẩu",270135568,tiki,Thiết Bị Số - Phụ Kiện Số,Phụ Kiện Điện Thoại và Máy Tính Bảng,Adapter - Củ Sạc,https://tiki.vn/product-p270135568.html?spid=270135569,539000,5.0,3,5,CHOETECH,2026-04-28 10:06:10
"Bộ Sạc Nhanh PD 20W Cho iPhone, iPad Hoco C76 Plus - Chuẩn Type-C To IP - Hàng Chính Hãng",257902569,tiki,Thiết Bị Số - Phụ Kiện Số,Phụ Kiện Điện Thoại và Máy Tính Bảng,Adapter - Củ Sạc,https://tiki.vn/product-p257902569.html?spid=275156506,159000,4.5,4,10,Hoco,2026-04-28 10:06:10
"Ốp lưng chống sốc cho iPad Mini 6 , Mini 7 chính hãng XUNDD có giá đỡ 3 chế độ - Hàng chính hãng",249651777,tiki,Thiết Bị Số - Phụ Kiện Số,Phụ Kiện Điện Thoại và Máy Tính Bảng,Bao Da - Ốp Lưng,https://tiki.vn/product-p249651777.html?spid=249651778,220000,3.7,3,15,Xundd,2026-04-28 10:06:10
Bao da dành cho Galaxy S23 Ultra Nillkin Qin- Hàng chính hãng,222658819,tiki,Thiết Bị Số - Phụ Kiện Số,Phụ Kiện Điện Thoại và Máy Tính Bảng,Bao Da - Ốp Lưng,https://tiki.vn/product-p222658819.html?spid=274084049,210000,0.0,0,3,Nillkin,2026-04-28 10:06:10
Bao da cho Samsung Galaxy Z Fold4 chính hãng Nillkin Aoge Leather Cover - Hàng chính hãng,195219181,tiki,Thiết Bị Số - Phụ Kiện Số,Phụ Kiện Điện Thoại và Máy Tính Bảng,Bao Da - Ốp Lưng,https://tiki.vn/product-p195219181.html?spid=204041714,428998,0.0,0,1,Nillkin,2026-04-28 10:06:10
"Ốp lưng cho Samsung Galaxy S22 Ultra, S22 Ultra 5G bảo vệ camera Nillkin CamShield Hàng nhập khẩu",194959180,tiki,Thiết Bị Số - Phụ Kiện Số,Phụ Kiện Điện Thoại và Máy Tính Bảng,Bao Da - Ốp Lưng,https://tiki.vn/product-p194959180.html?spid=207374103,195000,4.7,3,10,Nillkin,2026-04-28 10:06:10
"Bao Da Dành Cho iPad Air 6 11""/ Air 5/ Air 4 ESR Rebound Magnetic Slim Case - Hàng Chính Hãng",180402189,tiki,Thiết Bị Số - Phụ Kiện Số,Phụ Kiện Điện Thoại và Máy Tính Bảng,Bao Da - Ốp Lưng,https://tiki.vn/product-p180402189.html?spid=180402195,750000,4.7,19,121,ESR,2026-04-28 10:06:10
"Cáp sạc nhanh pd 60w type c to type c Hoco CT14 - dây sạc 2 đầu type c cho laptop macbook samsung oppo ,...vv - hàng chính hãng",131473181,tiki,Thiết Bị Số - Phụ Kiện Số,Phụ Kiện Điện Thoại và Máy Tính Bảng,Dây Sạc - Dây Cáp,https://tiki.vn/product-p131473181.html?spid=249151966,79000,5.0,1,6,Hoco,2026-04-28 10:06:10
Ốp lưng dẻo trong chống sốc dành cho Samsung Galaxy A12 - Hàng nhập khẩu,98650855,tiki,Thiết Bị Số - Phụ Kiện Số,Phụ Kiện Điện Thoại và Máy Tính Bảng,Bao Da - Ốp Lưng,https://tiki.vn/product-p98650855.html?spid=191376423,59998,5.0,1,3,GREENCASE,2026-04-28 10:06:10
Bao da bò dạng ví dành cho Samsung Galaxy A12 mẫu case hàng nhập khẩu,91094690,tiki,Thiết Bị Số - Phụ Kiện Số,Phụ Kiện Điện Thoại và Máy Tính Bảng,Bao Da - Ốp Lưng,https://tiki.vn/product-p91094690.html?spid=91094694,145000,4.8,31,108,GREENCASE,2026-04-28 10:06:10
Dây Cáp Sạc Nhanh USB Type C To Type C 60W Dài 1.2M Hỗ Trợ Sạc Nhanh iPhone 15 CHOETECH XCC-1003 - Hàng Chính Hãng,87108370,tiki,Thiết Bị Số - Phụ Kiện Số,Phụ Kiện Điện Thoại và Máy Tính Bảng,Dây Sạc - Dây Cáp,https://tiki.vn/product-p87108370.html?spid=87108372,60000,4.7,70,292,CHOETECH,2026-04-28 10:06:10
Cáp sạc nhanh 2.4A Hoco X59 chân Micro dây Nylon siêu bền dài 1M cho Android ( 3 màu ) - Hàng chính hãng,83607346,tiki,Thiết Bị Số - Phụ Kiện Số,Phụ Kiện Điện Thoại và Máy Tính Bảng,Dây Sạc - Dây Cáp,https://tiki.vn/product-p83607346.html?spid=176750204,49000,5.0,6,67,Hoco,2026-04-28 10:06:10
"Ốp lưng dẻo silicon cho Samsung Galaxy S20 Ultra hiệu Ultra Thin (siêu mỏng 0.6mm, chống trầy, chống bụi) - Hàng nhập khẩu",54051240,tiki,Thiết Bị Số - Phụ Kiện Số,Phụ Kiện Điện Thoại và Máy Tính Bảng,Bao Da - Ốp Lưng,https://tiki.vn/product-p54051240.html?spid=54051243,39000,4.2,9,45,Ultra Thin,2026-04-28 10:06:10
Giá đỡ điện thoại khi sạc Milliken - Màu Ngẫu Nhiên,35133374,tiki,Thiết Bị Số - Phụ Kiện Số,Phụ Kiện Điện Thoại và Máy Tính Bảng,Giá Đỡ - Chân Đế - Móc Dán,https://tiki.vn/product-p35133374.html?spid=35133376,25000,1.0,1,11,Milliken Tampe,2026-04-28 10:06:10
Giá đỡ  Để Bàn Hoco  - 15PH ( Tặng 1 Dây Đeo Điện Thoại To Bản ) - Hàng Chính Hãng,33370634,tiki,Thiết Bị Số - Phụ Kiện Số,Phụ Kiện Điện Thoại và Máy Tính Bảng,Giá Đỡ - Chân Đế - Móc Dán,https://tiki.vn/product-p33370634.html?spid=270646866,159000,0.0,0,1,Hoco,2026-04-28 10:06:10
Bao da 360 độ Dada dành cho iPad Pro 11 Inch 2018 - Hàng chính hãng,17454114,tiki,Thiết Bị Số - Phụ Kiện Số,Phụ Kiện Điện Thoại và Máy Tính Bảng,Bao Da - Ốp Lưng,https://tiki.vn/product-p17454114.html?spid=17454126,95000,4.7,10,69,Dada,2026-04-28 10:06:10
"Xiaomi Pad 7S Pro Bao da bàn phím magic keyboard OEM cho Xiaomi Pad 7S Pro 12.5 inch có trackpad, đèn led phím 7 màu",278957490,tiki,Thiết Bị Số - Phụ Kiện Số,Phụ Kiện Điện Thoại và Máy Tính Bảng,Bao Da - Ốp Lưng,https://tiki.vn/product-p278957490.html?spid=278957491,1690000,0.0,0,2,OEM,2026-04-28 10:06:10
"Ốp Lưng Dành Cho Samsung Galaxy S25 Fe , S25 Plus , S25 , S24 Plus , S24 Fe , S24 Silicone Dẻo Lót Nhung Nỉ Chống Sốc chống bẩn hạn chế bám vân tay - Hàng Nhập Khẩu",278940646,tiki,Thiết Bị Số - Phụ Kiện Số,Phụ Kiện Điện Thoại và Máy Tính Bảng,Bao Da - Ốp Lưng,https://tiki.vn/product-p278940646.html?spid=274113897,85000,0.0,0,3,GREENCASE,2026-04-28 10:06:10
Bao da dành cho iPad Gen 10 10.9 inch và Gen 11 A16 11 inch KAKUSIGA TPU cao cấp có khay để bút - Hàng chính hãng,278794586,tiki,Thiết Bị Số - Phụ Kiện Số,Phụ Kiện Điện Thoại và Máy Tính Bảng,Bao Da - Ốp Lưng,https://tiki.vn/product-p278794586.html?spid=278794599,220000,0.0,0,0,CA,2026-04-28 10:06:10
"Dán Cường Lực Camera Dành Cho iPhone 17 Pro, iPhone 17 Pro Max Kuzoom – Viền Nhôm Bảo Vệ - Hàng Chính Hãng",278696299,tiki,Thiết Bị Số - Phụ Kiện Số,Phụ Kiện Điện Thoại và Máy Tính Bảng,Miếng dán màn hình,https://tiki.vn/product-p278696299.html?spid=278696329,120000,0.0,0,0,CA,2026-04-28 10:06:10
"Ốp lưng dẻo silicon trong suốt mỏng 0.6mm cho iPhone 17 Pro Max / 17 Air / iP 17 Pro / 17 hiệu Hotcase Ultra thin - Chống trầy xước, siêu mỏng, độ trong full HD - Hàng nhập khẩu",278585953,tiki,Thiết Bị Số - Phụ Kiện Số,Phụ Kiện Điện Thoại và Máy Tính Bảng,Bao Da - Ốp Lưng,https://tiki.vn/product-p278585953.html?spid=278585955,49000,5.0,1,3,HOTCASE,2026-04-28 10:06:10
Ốp lưng cho Google Pixel 10 Pro XL / Pixel 10 Pro / Pixel 10 RINGKE Onyx - Hàng Chính Hãng,278533462,tiki,Thiết Bị Số - Phụ Kiện Số,Phụ Kiện Điện Thoại và Máy Tính Bảng,Bao Da - Ốp Lưng,https://tiki.vn/product-p278533462.html?spid=278539413,380000,5.0,1,0,Ringke,2026-04-28 10:06:10
"Keo nano chuyên dán màn hình, kính lưng điện thoại, tivi, laptop, máy ảnh.. Adhesive Glue Bulaien BLE-009(đen)",278068830,tiki,Thiết Bị Số - Phụ Kiện Số,Phụ Kiện Điện Thoại và Máy Tính Bảng,Miếng dán màn hình,https://tiki.vn/product-p278068830.html?spid=278211014,35000,0.0,0,6,OEM,2026-04-28 10:06:10
Dây đeo RINGKE Buckle Finger Ring Strap - Hàng Chính Hãng,277741120,tiki,Thiết Bị Số - Phụ Kiện Số,Phụ Kiện Điện Thoại và Máy Tính Bảng,Dây Đeo và Phụ Kiện Trang Trí,https://tiki.vn/product-p277741120.html?spid=277741128,330000,5.0,1,0,Ringke,2026-04-28 10:06:10
"Giá Đỡ Điện Thoại 3 Trong 1 Kèm Pin Dự Phòng & Loa Bluetooth - Tiện Lợi, Dễ Dàng Mang Theo Khi Di Chuyển - HÀNG CHÍNH HÃNG MINIIN",277477220,tiki,Thiết Bị Số - Phụ Kiện Số,Phụ Kiện Điện Thoại và Máy Tính Bảng,Giá Đỡ - Chân Đế - Móc Dán,https://tiki.vn/product-p277477220.html?spid=277477221,99000,4.8,4,33,MINIIN,2026-04-28 10:06:10
"Bao da dành cho iPad Mini 7 , Mini 6 Pencil Holder Smart Case (Có khe cắm bút Apple Pencil) - Hàng chính hãng",276597525,tiki,Thiết Bị Số - Phụ Kiện Số,Phụ Kiện Điện Thoại và Máy Tính Bảng,Bao Da - Ốp Lưng,https://tiki.vn/product-p276597525.html?spid=276597527,189000,5.0,1,11,GREENCASE,2026-04-28 10:06:10
Ốp lưng cho SamSung Galaxy Z Flip 3 chính hãng X-level dạng da mềm - Hàng nhập khẩu,276392748,tiki,Thiết Bị Số - Phụ Kiện Số,Phụ Kiện Điện Thoại và Máy Tính Bảng,Bao Da - Ốp Lưng,https://tiki.vn/product-p276392748.html?spid=276392754,110000,0.0,0,5,GREENCASE,2026-04-28 10:06:10
"Ốp Lưng Da Dux Ducis Dành Cho iPhone 16 Pro Max/16 Pro/ 16 Plus/ 16, Sạc Từ Tính Magfit, Kiêm Giá Đỡ, Rafi II_ Hàng chính hãng",276383171,tiki,Thiết Bị Số - Phụ Kiện Số,Phụ Kiện Điện Thoại và Máy Tính Bảng,Bao Da - Ốp Lưng,https://tiki.vn/product-p276383171.html?spid=276383181,390000,5.0,1,1,Dux Ducis,2026-04-28 10:06:10
"Bao Da Cho Samsung Galaxy Tab S9, S9 Plus, S9 Ultra, S9 Fe, S9 Fe Plus Chính Hãng Dux Ducis Domo Có Khay Đựng Bút Tiện Lợi- Hàng chính hãng",276377347,tiki,Thiết Bị Số - Phụ Kiện Số,Phụ Kiện Điện Thoại và Máy Tính Bảng,Bao Da - Ốp Lưng,https://tiki.vn/product-p276377347.html?spid=276377357,320000,0.0,0,12,GREENCASE,2026-04-28 10:06:10
ROGTZ Giá đỡ điện thoại để bàn livestreams xoay 360 độ - Hàng Nhập Khẩu,276281512,tiki,Thiết Bị Số - Phụ Kiện Số,Phụ Kiện Điện Thoại và Máy Tính Bảng,Giá Đỡ - Chân Đế - Móc Dán,https://tiki.vn/product-p276281512.html?spid=276281513,135000,5.0,1,6,ROGTZ,2026-04-28 10:06:10
"Giá đỡ hợp kim nhôm xoay 360 độ, gấp gọn điều chỉnh linh hoạt điện thoại máy tính bảng hiệu WIWU ZM107 cho iPhone iPad 16 15 11 12 13 Fold Flip S23 S24 - Hàng nhập khẩu",276136597,tiki,Thiết Bị Số - Phụ Kiện Số,Phụ Kiện Điện Thoại và Máy Tính Bảng,Giá Đỡ - Chân Đế - Móc Dán,https://tiki.vn/product-p276136597.html?spid=276136599,389000,0.0,0,1,WIWU,2026-04-28 10:06:10
"Bộ sạc nhanh Baseus GaN5S Fast Charger 1C 30W Cho iPhone 15 14 13 Pro Max (Nhỏ gọn, sạc nhanh PD/Quick Charge)- Hàng nhập khẩu",275994446,tiki,Thiết Bị Số - Phụ Kiện Số,Phụ Kiện Điện Thoại và Máy Tính Bảng,Adapter - Củ Sạc,https://tiki.vn/product-p275994446.html?spid=275994448,500000,5.0,2,7,Baseus,2026-04-28 10:06:10
"Ốp Lưng Sần chống sốc cho Samsung Galaxy  A16 , A35 , A55 . A15 , A25 hiệu Nillkin Super Frosted Shield - Hàng Chính Hãng",275974904,tiki,Thiết Bị Số - Phụ Kiện Số,Phụ Kiện Điện Thoại và Máy Tính Bảng,Bao Da - Ốp Lưng,https://tiki.vn/product-p275974904.html?spid=274793864,135000,5.0,1,29,Nillkin,2026-04-28 10:06:10
Bao da nam châm dành cho Samsung Galaxy Tab S10+/S10 Ultra/S10 FE/S9/S9 FE/S9+/S9 Ultra siêu mỏng hiệu Zaki - Hàng Chính Hãng,275806326,tiki,Thiết Bị Số - Phụ Kiện Số,Phụ Kiện Điện Thoại và Máy Tính Bảng,Bao Da - Ốp Lưng,https://tiki.vn/product-p275806326.html?spid=275806369,450000,5.0,1,26,ZAKI,2026-04-28 10:06:10
"Ốp lưng dành cho Xiaomi Redmi Note 13 5G, Xiaomi Redmi Note 13 Pro 5G dẻo trong chống sốc cao cấp -Hàng chính hãng",275587777,tiki,Thiết Bị Số - Phụ Kiện Số,Phụ Kiện Điện Thoại và Máy Tính Bảng,Bao Da - Ốp Lưng,https://tiki.vn/product-p275587777.html?spid=275587779,49000,0.0,0,9,ICASE,2026-04-28 10:06:10
"Đầu chuyển usb sang type c, bộ chuyển đổi usb type c  UA17 - Hàng chính hãng",275583558,tiki,Thiết Bị Số - Phụ Kiện Số,Phụ Kiện Điện Thoại và Máy Tính Bảng,Dây Sạc - Dây Cáp,https://tiki.vn/product-p275583558.html?spid=275583559,129000,0.0,0,22,Hoco,2026-04-28 10:06:10
"Dây Sạc Nhanh, Cáp Sạc 3 Đầu Công Suất Tối Đa 100W, Sạc Tất Cả Các Dòng Máy, Dây Dài 1-1.2m Loại Dây Dù Chống Đứt - Hàng Nhập Khẩu",275542974,tiki,Thiết Bị Số - Phụ Kiện Số,Phụ Kiện Điện Thoại và Máy Tính Bảng,Dây Sạc - Dây Cáp,https://tiki.vn/product-p275542974.html?spid=275542975,88000,4.5,2,20,ASSTAR,2026-04-28 10:06:10
"Bao da ipad Dux Ducis Unid cho iPad Pro 11 inch 2024/ Pro 13 inch 2024 M4, có khe cắm bút, auto sleep/wake, trong suốt_ Hàng chính hãng",275518839,tiki,Thiết Bị Số - Phụ Kiện Số,Phụ Kiện Điện Thoại và Máy Tính Bảng,Bao Da - Ốp Lưng,https://tiki.vn/product-p275518839.html?spid=275518843,450000,4.5,2,4,Dux Ducis,2026-04-28 10:06:10
"Giá đỡ kẹp điện thoại đầu giường cạnh bàn uốn mọi kiểu dài 138cm xoay 360 độ xem phim, livestream, quay video K21 - Hàng chính hãng",274557242,tiki,Thiết Bị Số - Phụ Kiện Số,Phụ Kiện Điện Thoại và Máy Tính Bảng,Giá Đỡ - Chân Đế - Móc Dán,https://tiki.vn/product-p274557242.html?spid=274557244,109000,0.0,0,7,SUZIN,2026-04-28 10:06:10
Ốp lưng cho samsung s22 ultra 5G trong suốt viền mạ si cao cấp - hàng nhập khẩu chính hãng,270626401,tiki,Thiết Bị Số - Phụ Kiện Số,Phụ Kiện Điện Thoại và Máy Tính Bảng,Bao Da - Ốp Lưng,https://tiki.vn/product-p270626401.html?spid=272442958,119999,3.0,2,5,LeeDesign,2026-04-28 10:06:10
Ốp lưng chống sốc trong suốt cho Samsung Galaxy S23 / Galaxy S23+ / Galaxy S23 Plus / S23 Ultra Likgus Crashproof giúp chống chịu mọi va đập- Hàng nhập khẩu,217164541,tiki,Thiết Bị Số - Phụ Kiện Số,Phụ Kiện Điện Thoại và Máy Tính Bảng,Bao Da - Ốp Lưng,https://tiki.vn/product-p217164541.html?spid=218755975,108999,0.0,0,1,Likgus,2026-04-28 10:06:10
"Ốp lưng chống sốc vân kim loại cho Samsung Galaxy S23 / Galaxy S23+ / Galaxy S23 Plus / Galaxy S23 Ultra hệu Likgus (chống va đập, chất liệu TPU cao cấp) - Hàng nhập khẩu",217164415,tiki,Thiết Bị Số - Phụ Kiện Số,Phụ Kiện Điện Thoại và Máy Tính Bảng,Bao Da - Ốp Lưng,https://tiki.vn/product-p217164415.html?spid=217164421,99000,5.0,5,14,Likgus,2026-04-28 10:06:10
"Bao da dạng ví cho iPhone 14 Plus chính hãng Forwenw da thật, có ngăn cài thẻ, đựng tiền - Hàng chính hãng",205748674,tiki,Thiết Bị Số - Phụ Kiện Số,Phụ Kiện Điện Thoại và Máy Tính Bảng,Bao Da - Ốp Lưng,https://tiki.vn/product-p205748674.html?spid=212234383,175000,0.0,0,3,Forwenw,2026-04-28 10:06:10
Ốp lưng XUNDD dành cho iPhone 14 Pro Max trong viền đen - hàng chính hãng,200795676,tiki,Thiết Bị Số - Phụ Kiện Số,Phụ Kiện Điện Thoại và Máy Tính Bảng,Bao Da - Ốp Lưng,https://tiki.vn/product-p200795676.html?spid=201157147,126387,3.0,1,2,Xundd,2026-04-28 10:06:10
Ốp Lưng RINGKE Fusion dành cho iPhone 14/14 Plus/14 Pro/14 Pro Max - Hàng Chính Hãng,198073297,tiki,Thiết Bị Số - Phụ Kiện Số,Phụ Kiện Điện Thoại và Máy Tính Bảng,Bao Da - Ốp Lưng,https://tiki.vn/product-p198073297.html?spid=208192730,247000,5.0,2,11,Ringke,2026-04-28 10:06:10
Bao da bò thật dạng ví dành cho iPhone 14 Pro Max Caseme - Hàng Nhập Khẩu,196353630,tiki,Thiết Bị Số - Phụ Kiện Số,Phụ Kiện Điện Thoại và Máy Tính Bảng,Bao Da - Ốp Lưng,https://tiki.vn/product-p196353630.html?spid=249907892,149999,4.0,3,10,Nillkin,2026-04-28 10:06:10
"Túi đựng phụ kiện điện thoại 2 ngăn lớn cải tiến nhiều ngăn chống nước, chống sốc - Túi đựng bảo vệ phụ kiện điện thoại máy tính bảng cao cấp chính hãng D Danido",193533298,tiki,Thiết Bị Số - Phụ Kiện Số,Phụ Kiện Điện Thoại và Máy Tính Bảng,Túi Bảo Vệ - Túi Chống Nước,https://tiki.vn/product-p193533298.html?spid=193533304,119000,5.0,2,7,D Danido,2026-04-28 10:06:10
Bao Da Dành Cho iPad Pro 11 inch 2021 và iPad Pro 12.9 inch 2021 - Hàng Chính Hãng_B047,172191002,tiki,Thiết Bị Số - Phụ Kiện Số,Phụ Kiện Điện Thoại và Máy Tính Bảng,Bao Da - Ốp Lưng,https://tiki.vn/product-p172191002.html?spid=187723389,128999,0.0,0,0,Lishen,2026-04-28 10:06:10
Ốp lưng dành cho Samsung Galaxy S22 Plus hiệu Nillkin dạng sần - hàng nhập khẩu,167429957,tiki,Thiết Bị Số - Phụ Kiện Số,Phụ Kiện Điện Thoại và Máy Tính Bảng,Bao Da - Ốp Lưng,https://tiki.vn/product-p167429957.html?spid=191343559,124000,1.0,1,3,Nillkin,2026-04-28 10:06:10
Cáp sạc iphone Baseus Horizontal sạc nhanh 2.4A và dây sạc truyền dữ liệu tốc độ cao bọc dù cho iP / iPad - hàng chính hãng,152816262,tiki,Thiết Bị Số - Phụ Kiện Số,Phụ Kiện Điện Thoại và Máy Tính Bảng,Dây Sạc - Dây Cáp,https://tiki.vn/product-p152816262.html?spid=262812379,89000,4.2,11,87,Baseus,2026-04-28 10:06:10
Ốp lưng chính hãng Nillkin dành cho iPhone 13 dạng sần - Hàng Nhập Khẩu,123149514,tiki,Thiết Bị Số - Phụ Kiện Số,Phụ Kiện Điện Thoại và Máy Tính Bảng,Bao Da - Ốp Lưng,https://tiki.vn/product-p123149514.html?spid=193013076,155000,5.0,1,12,Nillkin,2026-04-28 10:06:10
Bao Da TPU Dành Cho iPad Air/ Air2/ Pro 9.7inch/ The New 2017/ 9.7inch 2018 Có Smart Cover Và Khe Đựng Bút Cảm Ứng - Hàng Nhập Khẩu,80978044,tiki,Thiết Bị Số - Phụ Kiện Số,Phụ Kiện Điện Thoại và Máy Tính Bảng,Bao Da - Ốp Lưng,https://tiki.vn/product-p80978044.html?spid=80978046,250000,4.5,25,87,Smart Case,2026-04-28 10:06:10
Dây cáp sạc nhanh 100W chuẩn PD 2.0 Type C to type-c QC 3.0 hiệu Baseus Cafule type c to Type C cho iPad Pro 2018 / 2020 / Samsung / Huawei / Xiaomi / Tablet / Macbook / Laptop Type C - Hàng nhập khẩu,69238917,tiki,Thiết Bị Số - Phụ Kiện Số,Phụ Kiện Điện Thoại và Máy Tính Bảng,Dây Sạc - Dây Cáp,https://tiki.vn/product-p69238917.html?spid=273767863,118000,5.0,1,2,Baseus,2026-04-28 10:06:10
"Túi chống nước điện thoại đi biển, bao đựng điện thoại chống nước cao cấp 4 lớp, đạt chuẩn chất lượng GoodFit GF202WP",63536208,tiki,Thiết Bị Số - Phụ Kiện Số,Phụ Kiện Điện Thoại và Máy Tính Bảng,Túi Bảo Vệ - Túi Chống Nước,https://tiki.vn/product-p63536208.html?spid=191949986,116000,4.8,4,27,GOODFIT,2026-04-28 10:06:10
Ốp lưng da kính cao cấp dành cho iPhone 11 Pro - Màu xanh - Hàng nhập khẩu - DELICATE,43393337,tiki,Thiết Bị Số - Phụ Kiện Số,Phụ Kiện Điện Thoại và Máy Tính Bảng,Bao Da - Ốp Lưng,https://tiki.vn/product-p43393337.html?spid=43393338,149000,4.6,12,40,DELICATE,2026-04-28 10:06:10
Bao Da Ipad Mini 4 Smart Case SMARTCASEMI4-BK - Đen - Hàng Nhập Khẩu,698105,tiki,Thiết Bị Số - Phụ Kiện Số,Phụ Kiện Điện Thoại và Máy Tính Bảng,Bao Da - Ốp Lưng,https://tiki.vn/product-p698105.html?spid=111851908,275000,4.5,2,18,Smart Case,2026-04-28 10:06:10
"Bao da bàn phím ma.gic key.board OEM cho Xiaomi Pad 6/6 Pro, Xiaomi Pad 7/7 Pro có trackpad, đèn led phím 7 màu",278957438,tiki,Thiết Bị Số - Phụ Kiện Số,Phụ Kiện Điện Thoại và Máy Tính Bảng,Bao Da - Ốp Lưng,https://tiki.vn/product-p278957438.html?spid=278957446,1490000,5.0,1,1,OEM,2026-04-28 10:06:10
"Ốp lưng cho Samsung Galaxy Tab A11 , Tab A11 Plus , Tab A9 , Tab A9 Plus silicon dẻo trong suốt chống sốc",278929206,tiki,Thiết Bị Số - Phụ Kiện Số,Phụ Kiện Điện Thoại và Máy Tính Bảng,Bao Da - Ốp Lưng,https://tiki.vn/product-p278929206.html?spid=278929208,80000,0.0,0,0,OEM,2026-04-28 10:06:10
Vỏ ốp cho AirPods Pro 3 RINGKE Onyx Magnetic - Hàng Chính Hãng,278845191,tiki,Thiết Bị Số - Phụ Kiện Số,Phụ Kiện Điện Thoại và Máy Tính Bảng,Hộp Đựng - Túi Đựng Phụ Kiện,https://tiki.vn/product-p278845191.html?spid=279277035,690000,0.0,0,2,Ringke,2026-04-28 10:06:10
Bao da dành cho iPad Mini 6 Mini 7 KAKUSIGA TPU cao cấp có khay để bút - Hàng Chính Hãng,278791410,tiki,Thiết Bị Số - Phụ Kiện Số,Phụ Kiện Điện Thoại và Máy Tính Bảng,Bao Da - Ốp Lưng,https://tiki.vn/product-p278791410.html?spid=278791416,200000,0.0,0,1,CA,2026-04-28 10:06:10
Bao Case Ốp TPE cho Airpods 4 / Airpods Pro 3 - Hàng Chính Hãng,278776865,tiki,Thiết Bị Số - Phụ Kiện Số,Phụ Kiện Điện Thoại và Máy Tính Bảng,Hộp Đựng - Túi Đựng Phụ Kiện,https://tiki.vn/product-p278776865.html?spid=278776867,129000,0.0,0,1,DEVO,2026-04-28 10:06:10
Ốp lưng da cho Samsung Galaxy Z Fold 7 / Z Fold6  chính hãng X Level cao cấp - Hàng chính hãng,278521949,tiki,Thiết Bị Số - Phụ Kiện Số,Phụ Kiện Điện Thoại và Máy Tính Bảng,Bao Da - Ốp Lưng,https://tiki.vn/product-p278521949.html?spid=275840519,160000,5.0,1,5,x-level,2026-04-28 10:06:10
Ốp lưng Nillkin cho SamSung Galaxy A56 - A36 - A14 - A24 - A34 - A54 - A15 - A25 - A16 - A35 - A53 - A55 dạng sần - hàng chính hãng,277866857,tiki,Thiết Bị Số - Phụ Kiện Số,Phụ Kiện Điện Thoại và Máy Tính Bảng,Bao Da - Ốp Lưng,https://tiki.vn/product-p277866857.html?spid=277867446,135000,0.0,0,0,GREENCASE,2026-04-28 10:06:10
"Ốp lưng dẻo trong suốt dành cho iPad Mini 6, Mini 7 chống sốc 4 góc – TPU mềm bảo vệ máy toàn diện",277761179,tiki,Thiết Bị Số - Phụ Kiện Số,Phụ Kiện Điện Thoại và Máy Tính Bảng,Bao Da - Ốp Lưng,https://tiki.vn/product-p277761179.html?spid=277761181,99000,5.0,1,0,OEM,2026-04-28 10:06:10
Ốp lưng cho Iphone 11 - Ốp dẻo trong - Hàng Nhập Khẩu,277566654,tiki,Thiết Bị Số - Phụ Kiện Số,Phụ Kiện Điện Thoại và Máy Tính Bảng,Bao Da - Ốp Lưng,https://tiki.vn/product-p277566654.html?spid=277566655,69999,0.0,0,5,Gucase,2026-04-28 10:06:10
Ốp Lưng Chống Sốc XUNDD Dành Cho iPad Air 4/5 - Tích Hợp Giá Đỡ - Hàng Chính Hãng,276667336,tiki,Thiết Bị Số - Phụ Kiện Số,Phụ Kiện Điện Thoại và Máy Tính Bảng,Bao Da - Ốp Lưng,https://tiki.vn/product-p276667336.html?spid=276667341,250000,0.0,0,1,CA,2026-04-28 10:06:10
Bao Da dành cho điện thoại iPhone 11 Pro dạng ví có ngăn để thẻ ATM để tiền tiện lợi - Hàng chính hãng,276449194,tiki,Thiết Bị Số - Phụ Kiện Số,Phụ Kiện Điện Thoại và Máy Tính Bảng,Bao Da - Ốp Lưng,https://tiki.vn/product-p276449194.html?spid=276449200,140000,0.0,0,2,GREENCASE,2026-04-28 10:06:10
Bao Da dành cho iPad Air 6 11 inch 2024 ESR Rebound Hybrid Case 360 - Hàng Chính Hãng,276413793,tiki,Thiết Bị Số - Phụ Kiện Số,Phụ Kiện Điện Thoại và Máy Tính Bảng,Bao Da - Ốp Lưng,https://tiki.vn/product-p276413793.html?spid=276413825,1090000,0.0,0,0,DEVO,2026-04-28 10:06:10
"Bao da dạng ví cho SamSung Galaxy A22 5G hiệu Hanman, DaDa có quai cài có ngăn để thẻ ATM và để tiền, bao da may viền - Hàng nhập khẩu",276239194,tiki,Thiết Bị Số - Phụ Kiện Số,Phụ Kiện Điện Thoại và Máy Tính Bảng,Bao Da - Ốp Lưng,https://tiki.vn/product-p276239194.html?spid=276239196,158888,5.0,1,0,wekome,2026-04-28 10:06:10
Kính cường lực MIPOW KINGBULL 2.5D HD Premium Silk cho iPhone 15 | 15 ProMax | 15 Pro | 15 Plus - Hàng chính hãng,275750831,tiki,Thiết Bị Số - Phụ Kiện Số,Phụ Kiện Điện Thoại và Máy Tính Bảng,Miếng dán màn hình,https://tiki.vn/product-p275750831.html?spid=275750837,289999,0.0,0,0,MIPOW,2026-04-28 10:06:10
Bao da cho Galaxy Z Fold 6 Nillkin Aoge có nhét bút - hàng chính hãng,275602335,tiki,Thiết Bị Số - Phụ Kiện Số,Phụ Kiện Điện Thoại và Máy Tính Bảng,Bao Da - Ốp Lưng,https://tiki.vn/product-p275602335.html?spid=275602339,360000,0.0,0,0,Nillkin,2026-04-28 10:06:10
Bao da Kaku bọc vải jean cao cấp cho iPad Gen 7 8 9 10.2 inch – Hàng chính hãng,275498502,tiki,Thiết Bị Số - Phụ Kiện Số,Phụ Kiện Điện Thoại và Máy Tính Bảng,Bao Da - Ốp Lưng,https://tiki.vn/product-p275498502.html?spid=275498506,238000,0.0,0,2,Gucase,2026-04-28 10:06:10
"Bao Da Cao Cấp Dành Cho iPad A16 Gen 11 , Pro M5 , Pro 11 inch M4 2024 / Ipad Pro 13 inch M4 2024Chính Hãng Onjess Lưng Silicon Chống Sốc, Gấp Dựng Đứng Và Ngang Tiện Lợi - Hàng Chính Hãng",275271048,tiki,Thiết Bị Số - Phụ Kiện Số,Phụ Kiện Điện Thoại và Máy Tính Bảng,Bao Da - Ốp Lưng,https://tiki.vn/product-p275271048.html?spid=275271070,260000,0.0,0,0,Onjess,2026-04-28 10:06:10
"Ốp lưng lụa cho SamSung S26 Ultra | S25 Ultra | S25 Plus | S25 | S24 Ultra 5G | S24 Plus | S24 chính hãng Memumi siêu mỏng, chống vân tay, bảo vệ camera sau - Hàng chính hãng",274106042,tiki,Thiết Bị Số - Phụ Kiện Số,Phụ Kiện Điện Thoại và Máy Tính Bảng,Bao Da - Ốp Lưng,https://tiki.vn/product-p274106042.html?spid=274106052,125000,5.0,1,3,Memumi,2026-04-28 10:06:10
"Ốp lưng trong suốt sạc từ tính cho iPhone 11 / 11 Pro / 11 Pro Max hiệu HOTCASE Magnetic - trang bị đệm khi 4 góc, Viền TPU chống sốc, lưng PC chống ố vàng - Hàng nhập khẩu",273872834,tiki,Thiết Bị Số - Phụ Kiện Số,Phụ Kiện Điện Thoại và Máy Tính Bảng,Bao Da - Ốp Lưng,https://tiki.vn/product-p273872834.html?spid=273872840,99000,4.5,2,3,HOTCASE,2026-04-28 10:06:10
Ốp Lưng Dành Cho iPhone 15 ProMax/ iPhone 15 Pro/ iPhone 15 Plus/ iphone 15 KAI.N Clear Armor Case _ Hàng chính hãng,272343663,tiki,Thiết Bị Số - Phụ Kiện Số,Phụ Kiện Điện Thoại và Máy Tính Bảng,Bao Da - Ốp Lưng,https://tiki.vn/product-p272343663.html?spid=272343675,99000,0.0,0,7,Kai Nguyễn,2026-04-28 10:06:10
Ví da cho Samsung Galaxy Z Flip 5 hiệu Khacten.com - Hàng chính hãng,271986610,tiki,Thiết Bị Số - Phụ Kiện Số,Phụ Kiện Điện Thoại và Máy Tính Bảng,Bao Da - Ốp Lưng,https://tiki.vn/product-p271986610.html?spid=271986612,750000,5.0,1,0,Khacten.com,2026-04-28 10:06:10
"Ốp lưng da cao cấp cho SamSung Galaxy S23 Ultra chính hãng SULADA viền mềm, chống bám vân tay - Hàng chính hãng",243031187,tiki,Thiết Bị Số - Phụ Kiện Số,Phụ Kiện Điện Thoại và Máy Tính Bảng,Bao Da - Ốp Lưng,https://tiki.vn/product-p243031187.html?spid=247270665,176000,5.0,1,8,sulada,2026-04-28 10:06:10
"Case TPU dành cho Airpods 1,2/ Airpods Pro/ Airpods 3/Airpods Pro 2 Hình Tai Nghe Kèm Khóa Treo_ Hàng Chính Hãng",214789248,tiki,Thiết Bị Số - Phụ Kiện Số,Phụ Kiện Điện Thoại và Máy Tính Bảng,Hộp Đựng - Túi Đựng Phụ Kiện,https://tiki.vn/product-p214789248.html?spid=214789250,79000,5.0,1,18,Kai Nguyễn,2026-04-28 10:06:10
Cáp sạc nhanh 3 đầu Baseus Flash Series Ⅱ PRO Two-for-three Charging Cable U+C to M+L+C 100W (Hàng chính hãng),205327112,tiki,Thiết Bị Số - Phụ Kiện Số,Phụ Kiện Điện Thoại và Máy Tính Bảng,Dây Sạc - Dây Cáp,https://tiki.vn/product-p205327112.html?spid=263080259,419000,4.8,14,67,Baseus,2026-04-28 10:06:10
"Cáp Sạc Tự Ngắt Hoco U79 Dành Cho IP, Sạc Nhanh Tự Ngắt Khi Đầy Pin, Hỗ Trợ Sạc Và Truyền Dữ Liệu, Dây Lõi Đồng Không Oxy Mạ Thiếc - Hàng Chính Hãng",204266973,tiki,Thiết Bị Số - Phụ Kiện Số,Phụ Kiện Điện Thoại và Máy Tính Bảng,Dây Sạc - Dây Cáp,https://tiki.vn/product-p204266973.html?spid=251829782,99000,0.0,0,0,Hoco,2026-04-28 10:06:10
"Ốp Elago Silicone Hang Case Dành Cho Airpods PRO 2 (2022), Nhiều Màu - Hàng Chính Hãng",200696521,tiki,Thiết Bị Số - Phụ Kiện Số,Phụ Kiện Điện Thoại và Máy Tính Bảng,Hộp Đựng - Túi Đựng Phụ Kiện,https://tiki.vn/product-p200696521.html?spid=200696523,289000,5.0,2,12,Elago,2026-04-28 10:06:10
"Adapter Củ Sạc Nhanh GaN 65W 1 Cổng USB, 1 Cổng Type C CHOETECH PD8002 Kèm Cáp Type C 65W Sạc Cho Macbook, Laptop, Smartphone - Hàng Chính Hãng",198572236,tiki,Thiết Bị Số - Phụ Kiện Số,Phụ Kiện Điện Thoại và Máy Tính Bảng,Adapter - Củ Sạc,https://tiki.vn/product-p198572236.html?spid=198572237,310000,4.8,21,167,CHOETECH,2026-04-28 10:06:10
"Ốp lưng silicon chống sốc cho iPhone 11 (6.1 inch) hiệu Likgus Crashproof (siêu mỏng, chống chịu mọi va đập, chống ố vàng) - Hàng nhập khẩu",183494187,tiki,Thiết Bị Số - Phụ Kiện Số,Phụ Kiện Điện Thoại và Máy Tính Bảng,Bao Da - Ốp Lưng,https://tiki.vn/product-p183494187.html?spid=183494189,109000,5.0,2,9,Likgus,2026-04-28 10:06:10
"Ốp Lưng Dành Cho Samsung Galaxy S22 Ultra, S22 Plus Hiệu Nillkin Nhựa Sần Viền Dẻo Chống Sốc-Hàng Chính Hãng",177924918,tiki,Thiết Bị Số - Phụ Kiện Số,Phụ Kiện Điện Thoại và Máy Tính Bảng,Bao Da - Ốp Lưng,https://tiki.vn/product-p177924918.html?spid=199969302,140000,5.0,1,4,Nillkin,2026-04-28 10:06:10
"Cáp Sạc Cho iPhone, iPad Hoco X14 - Cáp Sạc Dây Dù Siêu Bền - Dài 1M/2M - Hàng Chính Hãng",160797845,tiki,Thiết Bị Số - Phụ Kiện Số,Phụ Kiện Điện Thoại và Máy Tính Bảng,Dây Sạc - Dây Cáp,https://tiki.vn/product-p160797845.html?spid=271679685,120000,0.0,0,0,Hoco,2026-04-28 10:06:10
Bao da dành cho iPad Pro 11 inch 2020/2021 M1 Nillkin Bevel Leather Case (Có khe cắm bút Apple Pencil) - Hàng Nhập Khẩu,139234178,tiki,Thiết Bị Số - Phụ Kiện Số,Phụ Kiện Điện Thoại và Máy Tính Bảng,Bao Da - Ốp Lưng,https://tiki.vn/product-p139234178.html?spid=199108115,399000,0.0,0,2,Nillkin,2026-04-28 10:06:10
Kính Cường Lực Chống Nhìn Trộm Dành Cho Iphone 11 Promax Xsmax Xs X 6s Plus 7 8 Plus 12 Promax WK KINGKONG 4D Chính Hãng,130834713,tiki,Thiết Bị Số - Phụ Kiện Số,Phụ Kiện Điện Thoại và Máy Tính Bảng,Miếng dán màn hình,https://tiki.vn/product-p130834713.html?spid=197404079,58989,4.8,12,122,WK,2026-04-28 10:06:10
"Cáp Sạc Nhanh PD 20W Superior Series, Quick Charge 3.0, Truyền Dữ Liệu Nhanh 480Mbps - Hàng Chính Hãng Baseus",127794615,tiki,Thiết Bị Số - Phụ Kiện Số,Phụ Kiện Điện Thoại và Máy Tính Bảng,Dây Sạc - Dây Cáp,https://tiki.vn/product-p127794615.html?spid=195970350,75000,4.0,5,21,Baseus,2026-04-28 10:06:10
Bao da bò non dạng ví hãng Greencase dành cho iPhone XR - Hàng nhập khẩu,103859316,tiki,Thiết Bị Số - Phụ Kiện Số,Phụ Kiện Điện Thoại và Máy Tính Bảng,Bao Da - Ốp Lưng,https://tiki.vn/product-p103859316.html?spid=103859324,165000,4.7,3,10,GREENCASE,2026-04-28 10:06:10
Ốp lưng cho SamSung Galaxy S21 Plus/ S21 Ultra chính hãng GREENCASE dạng da mềm,80964760,tiki,Thiết Bị Số - Phụ Kiện Số,Phụ Kiện Điện Thoại và Máy Tính Bảng,Bao Da - Ốp Lưng,https://tiki.vn/product-p80964760.html?spid=90686108,99100,4.6,8,41,GREENCASE,2026-04-28 10:06:10
Củ Sạc Điện Thoại Ô Tô 40W 2 Cổng Type C Tối Đa 20W CHOETECH C0054 - Hàng Chính Hãng,78010736,tiki,Thiết Bị Số - Phụ Kiện Số,Phụ Kiện Điện Thoại và Máy Tính Bảng,Adapter - Củ Sạc,https://tiki.vn/product-p78010736.html?spid=78010738,140000,4.5,19,104,CHOETECH,2026-04-28 10:06:10
"Giá đỡ Aluminum đa năng cho máy tính bảng điện thoại hiệu HOTCASE Dual Foldable Stand Holder hợp kim nhôm (thiết kế gọn nhẹ, tính di động cao, phù hợp nhiều dòng máy từ 3.5 inch trở lên) - Hàng nhập khẩu",57333108,tiki,Thiết Bị Số - Phụ Kiện Số,Phụ Kiện Điện Thoại và Máy Tính Bảng,Giá Đỡ - Chân Đế - Móc Dán,https://tiki.vn/product-p57333108.html?spid=57333112,249000,5.0,7,30,HOTCASE,2026-04-28 10:06:10
hộp đựng ổ cứng và pin dự phòng Hard Disk Storage Bag Large Size đen Lp128 - Hàng Chính Hãng,24176212,tiki,Thiết Bị Số - Phụ Kiện Số,Phụ Kiện Điện Thoại và Máy Tính Bảng,Hộp Đựng - Túi Đựng Phụ Kiện,https://tiki.vn/product-p24176212.html?spid=24176213,170000,4.8,5,36,UGREEN,2026-04-28 10:06:10
Ốp lưng dẻo cho Xiaomi Mi Max 3 hiệu Ultra Thin mỏng 0.6mm chống trầy - Hàng chính hãng,16237307,tiki,Thiết Bị Số - Phụ Kiện Số,Phụ Kiện Điện Thoại và Máy Tính Bảng,Bao Da - Ốp Lưng,https://tiki.vn/product-p16237307.html?spid=16237311,39000,3.5,4,31,Ultra Thin,2026-04-28 10:06:10
Kính Cường Lực 5D Dành Cho iPhone 6/ 6S Cao Cấp - Hàng Chính Hãng,4392695,tiki,Thiết Bị Số - Phụ Kiện Số,Phụ Kiện Điện Thoại và Máy Tính Bảng,Miếng dán màn hình,https://tiki.vn/product-p4392695.html?spid=74599498,45000,5.0,1,0,Glass,2026-04-28 10:06:10
Bao da Máy tính bảng Samsung Galaxy Tab S10 FE Plus 13.1 inch nam châm từ tính có khay đựng bút,278955578,tiki,Thiết Bị Số - Phụ Kiện Số,Phụ Kiện Điện Thoại và Máy Tính Bảng,Bao Da - Ốp Lưng,https://tiki.vn/product-p278955578.html?spid=278955580,249000,0.0,0,1,OEM,2026-04-28 10:06:10
Ốp Lưng iPad Pro 11 Gen 7/8/9/10 Pro 12.9 iPad M1 chống sốc xoay 360 cầm tay kèm chân dựng,278932805,tiki,Thiết Bị Số - Phụ Kiện Số,Phụ Kiện Điện Thoại và Máy Tính Bảng,Bao Da - Ốp Lưng,https://tiki.vn/product-p278932805.html?spid=278932811,500000,0.0,0,0,OEM,2026-04-28 10:06:10
Bao Case Ốp Kiểu Tay Cầm Game Tai Mèo cho Airpods Pro 3 - Hàng Chính Hãng,278776891,tiki,Thiết Bị Số - Phụ Kiện Số,Phụ Kiện Điện Thoại và Máy Tính Bảng,Hộp Đựng - Túi Đựng Phụ Kiện,https://tiki.vn/product-p278776891.html?spid=278776893,159000,0.0,0,0,DEVO,2026-04-28 10:06:10
"Ốp lưng cho iPhone Air, iPhone 17, iPhone 17 Pro, iPhone 17 Pro Max Memumi Slim Case Magnetic siêu mỏng - Hàng Nhập Khẩu",278744835,tiki,Thiết Bị Số - Phụ Kiện Số,Phụ Kiện Điện Thoại và Máy Tính Bảng,Bao Da - Ốp Lưng,https://tiki.vn/product-p278744835.html?spid=278744837,250000,1.0,1,0,IDEWEI,2026-04-28 10:06:10
"Bao da cho Samsung Galaxy Z Fold 7 , Z Fold 5 , Z Fold 4 , Z Fold6 (Fold 6 5G) hiệu Nillkin Qin Pro Leather(chống sốc, có khe để bút)- Hàng chính hãng",278725718,tiki,Thiết Bị Số - Phụ Kiện Số,Phụ Kiện Điện Thoại và Máy Tính Bảng,Bao Da - Ốp Lưng,https://tiki.vn/product-p278725718.html?spid=275840526,380000,0.0,0,0,Nillkin,2026-04-28 10:06:10
Kính cường lực chống nhìn trộm 4 chiều cho iPhone 17 Pro Max / 17 Pro / 17 Air / 17 hiệu WI WU Privace 360 - Hàng chính hãng,278642712,tiki,Thiết Bị Số - Phụ Kiện Số,Phụ Kiện Điện Thoại và Máy Tính Bảng,Miếng dán màn hình,https://tiki.vn/product-p278642712.html?spid=278642714,155000,0.0,0,0,GREENCASE,2026-04-28 10:06:10
Ốp lưng cho iPhone 17 Pro Max / 17 Pro / 17 / Air RINGKE Fusion Magnetic - Hàng Chính Hãng,278631913,tiki,Thiết Bị Số - Phụ Kiện Số,Phụ Kiện Điện Thoại và Máy Tính Bảng,Bao Da - Ốp Lưng,https://tiki.vn/product-p278631913.html?spid=278631915,630000,5.0,1,0,Ringke,2026-04-28 10:06:10
Ốp lưng cho Google Pixel 10 Pro XL / Pixel 10 / 10 Pro RINGKE Fusion - Hàng Chính Hãng,278532999,tiki,Thiết Bị Số - Phụ Kiện Số,Phụ Kiện Điện Thoại và Máy Tính Bảng,Bao Da - Ốp Lưng,https://tiki.vn/product-p278532999.html?spid=278525072,380000,0.0,0,0,Ringke,2026-04-28 10:06:10
Ốp lưng cho Samsung Galaxy Z Fold 7 RINGKE Fusion - Hàng Chính Hãng,278305625,tiki,Thiết Bị Số - Phụ Kiện Số,Phụ Kiện Điện Thoại và Máy Tính Bảng,Bao Da - Ốp Lưng,https://tiki.vn/product-p278305625.html?spid=278310075,650000,0.0,0,1,Ringke,2026-04-28 10:06:10
Ốp TPU Dẻo Siêu Mỏng Cho Samsung S25 Ultra / S24 Ultra / S23 Ultra / S23 PLus / S22 Ultra / S22 Plus / S21 Ultra / S21 PLus / Note 20 Ultra,278228448,tiki,Thiết Bị Số - Phụ Kiện Số,Phụ Kiện Điện Thoại và Máy Tính Bảng,Bao Da - Ốp Lưng,https://tiki.vn/product-p278228448.html?spid=278228452,55000,0.0,0,0,OEM,2026-04-28 10:06:10
Bao Case Ốp Kiểu Tay Cầm Game cho Samsung Galaxy Buds 3 / Buds 3 Pro / Buds 3 FE - Hàng Chính Hãng,278191091,tiki,Thiết Bị Số - Phụ Kiện Số,Phụ Kiện Điện Thoại và Máy Tính Bảng,Hộp Đựng - Túi Đựng Phụ Kiện,https://tiki.vn/product-p278191091.html?spid=278191097,159000,0.0,0,1,DEVO,2026-04-28 10:06:10
"Bao da Dux Ducis Domo Series cho iPad Mini 7/ Mini 6 có khe cắm bút, auto sleep/ wake_ Hàng chính hãng",276618445,tiki,Thiết Bị Số - Phụ Kiện Số,Phụ Kiện Điện Thoại và Máy Tính Bảng,Bao Da - Ốp Lưng,https://tiki.vn/product-p276618445.html?spid=276618447,420000,4.0,1,4,Dux Ducis,2026-04-28 10:06:10
Cáp Baseus Free2Pull Retractable Charging Cable  20W sạc nhanh Type C to Light-ning Dây Rút- Hàng Chính Hãng,276487895,tiki,Thiết Bị Số - Phụ Kiện Số,Phụ Kiện Điện Thoại và Máy Tính Bảng,Dây Sạc - Dây Cáp,https://tiki.vn/product-p276487895.html?spid=276487912,209000,1.0,1,0,Baseus,2026-04-28 10:06:10
"Ốp Case TPU Trong Suốt Dành Cho Airpods 4, chống ố vàng, chống sốc kèm móc treo_ Hàng chính hãng",276288014,tiki,Thiết Bị Số - Phụ Kiện Số,Phụ Kiện Điện Thoại và Máy Tính Bảng,Hộp Đựng - Túi Đựng Phụ Kiện,https://tiki.vn/product-p276288014.html?spid=276292164,79000,0.0,0,4,UNIQ,2026-04-28 10:06:10
"Bao da dạng ví dành cho Samsung Galaxy Note 20 Ultra hiệu caseme chống sốc chống va đập bụi bẩn, có ngăn đựng tiền, đựng thẻ tiện dụng - Hàng chính hãng",276253337,tiki,Thiết Bị Số - Phụ Kiện Số,Phụ Kiện Điện Thoại và Máy Tính Bảng,Bao Da - Ốp Lưng,https://tiki.vn/product-p276253337.html?spid=276253341,165000,5.0,3,13,GREENCASE,2026-04-28 10:06:10
"Ốp lưng X-level da dành cho iPhone viền đen dẻo, lưng da cao cấp , chống bụi bẩn, chống vân tay - hàng chính hãng",276248201,tiki,Thiết Bị Số - Phụ Kiện Số,Phụ Kiện Điện Thoại và Máy Tính Bảng,Bao Da - Ốp Lưng,https://tiki.vn/product-p276248201.html?spid=276252918,105000,0.0,0,0, RUGGER ARMOR,2026-04-28 10:06:10
"Kính cường lực 9D cho Samsung Galaxy A16 Full màn hình viền đen độ cứng 9h, chống vỡ, chống xước, dán màn hình cao cấp - Hàng chính hãng",276188157,tiki,Thiết Bị Số - Phụ Kiện Số,Phụ Kiện Điện Thoại và Máy Tính Bảng,Miếng dán màn hình điện thoại và máy tính bảng,https://tiki.vn/product-p276188157.html?spid=276188158,49000,5.0,1,5,IDEWEI,2026-04-28 10:06:10
Giá đỡ điện thoại hợp kim Xoay 360° HOTCASE ALU Điều Chỉnh Độ Cao và Góc Xoay Tùy Ý cho iPhone 16 15 14 13 12 11 A55 A35 Huawei Oppo Xiaomi - Hàng nhập khẩu,276060400,tiki,Thiết Bị Số - Phụ Kiện Số,Phụ Kiện Điện Thoại và Máy Tính Bảng,Giá Đỡ - Chân Đế - Móc Dán,https://tiki.vn/product-p276060400.html?spid=276060402,49000,4.0,1,2,HOTCASE,2026-04-28 10:06:10
"Bao case Silicon dành cho Samsung Galaxy Buds 3/ Buds 3 Pro chống sốc, chống bụi, kèm móc treo_ Hàng chính hãng",275870085,tiki,Thiết Bị Số - Phụ Kiện Số,Phụ Kiện Điện Thoại và Máy Tính Bảng,Hộp Đựng - Túi Đựng Phụ Kiện,https://tiki.vn/product-p275870085.html?spid=275870089,79000,0.0,0,1,Kai Nguyễn,2026-04-28 10:06:10
"Đế Sạc Không Dây Từ Tính 15W cho iPhone / Samsung / Airpods 1,2,3 / Airpods Pro 1,2 (Màu Trắng) - Hàng Chính Hãng",275760801,tiki,Thiết Bị Số - Phụ Kiện Số,Phụ Kiện Điện Thoại và Máy Tính Bảng,Adapter - Củ Sạc,https://tiki.vn/product-p275760801.html?spid=275760802,290000,0.0,0,1,SMAMA,2026-04-28 10:06:10
"Giá Đỡ Điện Thoại Để Taplo Có Đế Hít Kính Cao Cấp, Kẹp Điện Thoại Trên Ô Tô Quay 360 Độ Phù Hợp Nhiều Dòng Xe Hơi - Hàng Nhập Khẩu",275399886,tiki,Thiết Bị Số - Phụ Kiện Số,Phụ Kiện Điện Thoại và Máy Tính Bảng,Giá Đỡ - Chân Đế - Móc Dán,https://tiki.vn/product-p275399886.html?spid=275399887,99000,3.3,4,14,Ultra Thin,2026-04-28 10:06:10
Case ốp cho Samsung Buds Live / Buds Pro/ Buds 2/ Buds 2 Pro/ Buds Fe TPU Trong Suốt Kèm Móc Treo_Hàng chính hãng,275344367,tiki,Thiết Bị Số - Phụ Kiện Số,Phụ Kiện Điện Thoại và Máy Tính Bảng,Hộp Đựng - Túi Đựng Phụ Kiện,https://tiki.vn/product-p275344367.html?spid=275344368,79000,0.0,0,2,Kai Nguyễn,2026-04-28 10:06:10
Đầu ngòi thay thế Pencil Tips Color cho Apple Pencil 1/2 / Apple Pencil USB C / Apple Pencil Pro - Hàng Chính Hãng,275306307,tiki,Thiết Bị Số - Phụ Kiện Số,Phụ Kiện Điện Thoại và Máy Tính Bảng,Bàn Phím Rời - Bút Cảm Ứng,https://tiki.vn/product-p275306307.html?spid=275306313,79000,5.0,1,0,SMAMA,2026-04-28 10:06:10
"Ốp lưng silicon case cho iPhone 7 Plus , 8 Plus chống bám bẩn mặt lưng siêu mềm mịn, có gờ bảo vệ camera - hàng nhập khẩu",274601391,tiki,Thiết Bị Số - Phụ Kiện Số,Phụ Kiện Điện Thoại và Máy Tính Bảng,Bao Da - Ốp Lưng,https://tiki.vn/product-p274601391.html?spid=197652222,80000,4.5,2,18,Photodesign VN,2026-04-28 10:06:10
Ốp lưng dành cho iPhone 15 Pro max / 14 Promax / 13 Pro Max vân carbon hiệu Likgus Carbon Synthetic Fiber - Hàng chính hãng,274563355,tiki,Thiết Bị Số - Phụ Kiện Số,Phụ Kiện Điện Thoại và Máy Tính Bảng,Bao Da - Ốp Lưng,https://tiki.vn/product-p274563355.html?spid=274563370,168999,0.0,0,0,GREENCASE,2026-04-28 10:06:10
Bao Case TPU Carbon cho Airpods Pro 2 - Hàng Chính Hãng,274417807,tiki,Thiết Bị Số - Phụ Kiện Số,Phụ Kiện Điện Thoại và Máy Tính Bảng,Hộp Đựng - Túi Đựng Phụ Kiện,https://tiki.vn/product-p274417807.html?spid=274417817,129000,0.0,0,1,DEVO,2026-04-28 10:06:10
"Ốp lưng chống sốc cho iPhone 12 13 14 Pro / Pro Max hỗ trợ sạc từ tính hiệu Likgus PC Ultra-thin Frosted Magnetic Case (mặt lưng nhám mờ, gờ bảo vệ Camera 0.5mm) - Hàng nhập khẩu",270510503,tiki,Thiết Bị Số - Phụ Kiện Số,Phụ Kiện Điện Thoại và Máy Tính Bảng,Bao Da - Ốp Lưng,https://tiki.vn/product-p270510503.html?spid=271405412,189999,0.0,0,1,Likgus,2026-04-28 10:06:10
"Ốp lưng tản nhiệt từ tính cho iPhone 12 / 13 / 14 Pro / 14 Pro Max hỗ trợ sạc Maqsafe & tản nhiệt hiệu Likgus Cooling Case - chống sốc cực tốt, chất liệu cao cấp, siêu tản nhiệt - hàng nhập khẩu",263446573,tiki,Thiết Bị Số - Phụ Kiện Số,Phụ Kiện Điện Thoại và Máy Tính Bảng,Bao Da - Ốp Lưng,https://tiki.vn/product-p263446573.html?spid=272893721,128999,2.0,1,1,Likgus,2026-04-28 10:06:10
"Ốp Case Dành Cho Airpods Pro 2 / Airpods Pro, Kai.N Lock Moss, Tặng Kèm Móc Khóa Siêu Xịn - Hàng Chính Hãng",250096889,tiki,Thiết Bị Số - Phụ Kiện Số,Phụ Kiện Điện Thoại và Máy Tính Bảng,Hộp Đựng - Túi Đựng Phụ Kiện,https://tiki.vn/product-p250096889.html?spid=250096897,219000,0.0,0,0,Kai Nguyễn,2026-04-28 10:06:10
"Ốp Lưng Nillkin cho Samsung Galaxy S23 Ultra Với Nắp Trượt Camera bảo vệ , chống shock Nillkin CamShield Pro - Hàng chính hãng",249090845,tiki,Thiết Bị Số - Phụ Kiện Số,Phụ Kiện Điện Thoại và Máy Tính Bảng,Bao Da - Ốp Lưng,https://tiki.vn/product-p249090845.html?spid=272164658,189999,4.5,4,15,Nillkin,2026-04-28 10:06:10
Ốp lưng dành cho Galaxy S23 Ultra memumi siêu mỏng 0.3mm- hàng chính hãng,222658889,tiki,Thiết Bị Số - Phụ Kiện Số,Phụ Kiện Điện Thoại và Máy Tính Bảng,Bao Da - Ốp Lưng,https://tiki.vn/product-p222658889.html?spid=243089678,120000,5.0,1,5,Memumi,2026-04-28 10:06:10
Ốp Bảo Vệ Kai.N MP3 Case Dành Cho Airpods Pro 2 / Airpods 3 - Hàng Chính Hãng,208423823,tiki,Thiết Bị Số - Phụ Kiện Số,Phụ Kiện Điện Thoại và Máy Tính Bảng,Hộp Đựng - Túi Đựng Phụ Kiện,https://tiki.vn/product-p208423823.html?spid=208423829,249000,5.0,4,27,Kai Nguyễn,2026-04-28 10:06:10
"Miếng dán cường lực chống nhìn trộm cho iPhone 14 Pro Max (6.7 inch) hiệu Nillkin Amazing Guardian mỏng 0.23mm, vát cạnh 2.5D, chất liệu kính AGC Nhật Bản - hàng nhập khẩu",199518265,tiki,Thiết Bị Số - Phụ Kiện Số,Phụ Kiện Điện Thoại và Máy Tính Bảng,Miếng dán màn hình,https://tiki.vn/product-p199518265.html?spid=199518266,238000,2.0,1,7,Nillkin,2026-04-28 10:06:10
Ốp Lưng Nillkin Super Frosted Shield Pro cho Samsung Galaxy S22 Ultra - Hàng Nhập Khẩu,168917984,tiki,Thiết Bị Số - Phụ Kiện Số,Phụ Kiện Điện Thoại và Máy Tính Bảng,Bao Da - Ốp Lưng,https://tiki.vn/product-p168917984.html?spid=168917990,199000,5.0,5,38,Nillkin,2026-04-28 10:06:10
"Giá Đỡ Để Bàn Dành Cho Máy Tính Bảng, Ipad T003 - Chất Liệu Hợp Kim Nhôm Cao Cấp Hàng Chính Hãng Tamayoko",112734786,tiki,Thiết Bị Số - Phụ Kiện Số,Phụ Kiện Điện Thoại và Máy Tính Bảng,Giá Đỡ - Chân Đế - Móc Dán,https://tiki.vn/product-p112734786.html?spid=273159333,389999,0.0,0,4,Tamayoko,2026-04-28 10:06:10
Bao da cho iPad Pro 11 inch / iPad Pro 12.9 inch 2021/2022 Nillkin Bumper Leather Case Pro (Có khe cắm bút Apple Pencil) - Hàng Nhập Khẩu,112056073,tiki,Thiết Bị Số - Phụ Kiện Số,Phụ Kiện Điện Thoại và Máy Tính Bảng,Bao Da - Ốp Lưng,https://tiki.vn/product-p112056073.html?spid=112056077,490000,5.0,71,216,Nillkin,2026-04-28 10:06:10
Cáp sạc Hoco X1 dây tròn siêu bền truyền dữ liệu nhanh chóng cho iPhone/iPad ( 3 size ) - Hàng chính hãng,107953927,tiki,Thiết Bị Số - Phụ Kiện Số,Phụ Kiện Điện Thoại và Máy Tính Bảng,Dây Sạc - Dây Cáp,https://tiki.vn/product-p107953927.html?spid=145492438,59000,4.8,4,18,Hoco,2026-04-28 10:06:10
Cáp sạc Type-C Hoco X26 Xpress dây dù chống đứt siêu bền - Hàng Chính Hãng,23515481,tiki,Thiết Bị Số - Phụ Kiện Số,Phụ Kiện Điện Thoại và Máy Tính Bảng,Dây Sạc - Dây Cáp,https://tiki.vn/product-p23515481.html?spid=248799729,69000,3.0,2,9,Hoco,2026-04-28 10:06:10
Cáp sạc và truyền dữ liệu USB chân Type-C chính hãng Baseus dài 23cm,20560382,tiki,Thiết Bị Số - Phụ Kiện Số,Phụ Kiện Điện Thoại và Máy Tính Bảng,Dây Sạc - Dây Cáp,https://tiki.vn/product-p20560382.html?spid=263088415,90000,5.0,7,64,Baseus,2026-04-28 10:06:10
Bao da 360 độ Dada dành cho iPad Air / Air 2 / Pro 9.7inch / The New 2017 / 9.7 2018 - Hàng chính hãng,17423939,tiki,Thiết Bị Số - Phụ Kiện Số,Phụ Kiện Điện Thoại và Máy Tính Bảng,Bao Da - Ốp Lưng,https://tiki.vn/product-p17423939.html?spid=17423943,95000,4.5,74,372,Dada,2026-04-28 10:06:10
"Ốp lưng chống sốc dành cho SamSung Galaxy S25 Fe , S24 FE chính hãng Nillkin dạng sần - Hàng chính hãng",279324489,tiki,Thiết Bị Số - Phụ Kiện Số,Phụ Kiện Điện Thoại và Máy Tính Bảng,Bao Da - Ốp Lưng,https://tiki.vn/product-p279324489.html?spid=276423066,165000,0.0,0,4,Nillkin,2026-04-28 10:06:10
"Ốp lưng nhám chống sốc Chân Đỡ MagStand RAVAKA Magnetic cho iPhone 17 Pro Max / 17 Pro - Viền Camera Kim Loại, Đệm Khí Chống Sốc, Chân đỡ kim loại gập ẩn, Cảm giác cầm nắm thoải mái - hàng nhập khẩu",278956948,tiki,Thiết Bị Số - Phụ Kiện Số,Phụ Kiện Điện Thoại và Máy Tính Bảng,Bao Da - Ốp Lưng,https://tiki.vn/product-p278956948.html?spid=278957032,329000,0.0,0,0,HOTCASE,2026-04-28 10:06:10
Dock Sạc Cho Huawei Watch GT GT2 GT2E / Huawei Honor Watch Magic 1/2 / Honor Watch ES / GS Pro / Dream - Hàng Chính Hãng,278854566,tiki,Thiết Bị Số - Phụ Kiện Số,Phụ Kiện Điện Thoại và Máy Tính Bảng,Adapter - Củ Sạc,https://tiki.vn/product-p278854566.html?spid=278854567,190000,0.0,0,1,DEVO,2026-04-28 10:06:10
Dock Sạc Cho Amazfit T-Rex 3 / Amazfit T-Rex 3 Pro / Amazfit T-Rex Ultra 2 - Hàng Chính Hãng,278745345,tiki,Thiết Bị Số - Phụ Kiện Số,Phụ Kiện Điện Thoại và Máy Tính Bảng,Adapter - Củ Sạc,https://tiki.vn/product-p278745345.html?spid=278745349,150000,0.0,0,3,DEVO,2026-04-28 10:06:10
Kính Cường Lực Chống Nhìn Trộm Samsung Galaxy Z Fold5/ Z Fold6/Z Fold7 – Dán Full Màn Hình Ngoài - Hàng Nhập Khẩu,278442599,tiki,Thiết Bị Số - Phụ Kiện Số,Phụ Kiện Điện Thoại và Máy Tính Bảng,Miếng dán màn hình,https://tiki.vn/product-p278442599.html?spid=278442603,99000,0.0,0,4,CA,2026-04-28 10:06:10
Cáp Sạc 66W 3 Đầu USB C sang USB C + USB C + iP TITAN LINK Series Wi-C060 - Hàng Chính Hãng,277912062,tiki,Thiết Bị Số - Phụ Kiện Số,Phụ Kiện Điện Thoại và Máy Tính Bảng,Dây Sạc - Dây Cáp,https://tiki.vn/product-p277912062.html?spid=277912063,190000,0.0,0,1,CA,2026-04-28 10:06:10
"Kính Cường Lực Chống Nhìn Trộm KingKong, Bảo Mật Thông Tin Cho iPhone 15/15pro/15plus/15promax - Full Hộp - Dán Full Màn - Hàng Nhập Khẩu",277586531,tiki,Thiết Bị Số - Phụ Kiện Số,Phụ Kiện Điện Thoại và Máy Tính Bảng,Miếng dán màn hình,https://tiki.vn/product-p277586531.html?spid=277586535,136888,0.0,0,0,wekome,2026-04-28 10:06:10
"Ốp lưng silicon case cho Samsung Galaxy A16 mỏng 0.3mm chống bám bẩn mặt lưng siêu mềm mịn, có gờ bảo vệ camera - hàng nhập khẩu",276687659,tiki,Thiết Bị Số - Phụ Kiện Số,Phụ Kiện Điện Thoại và Máy Tính Bảng,Bao Da - Ốp Lưng,https://tiki.vn/product-p276687659.html?spid=276687667,80000,0.0,0,0,GREENCASE,2026-04-28 10:06:10
"Cốc Sạc Nhanh Siêu Nhỏ Gọn Baseus Compact Quick Charger 20W 2 cổng USB & Type C dùng cho Iphone, Ipad- Hàng chính hãng Baseus",276558619,tiki,Thiết Bị Số - Phụ Kiện Số,Phụ Kiện Điện Thoại và Máy Tính Bảng,Adapter - Củ Sạc,https://tiki.vn/product-p276558619.html?spid=276558620,99000,0.0,0,12,Baseus,2026-04-28 10:06:10
"Ốp lưng dẻo silicon cho Samsung Galaxy A23 hiệu Ultra Thin (siêu mỏng 0.6mm, chống trầy, chống bụi) - Hàng nhập khẩu",276482107,tiki,Thiết Bị Số - Phụ Kiện Số,Phụ Kiện Điện Thoại và Máy Tính Bảng,Bao Da - Ốp Lưng,https://tiki.vn/product-p276482107.html?spid=276482108,30000,5.0,2,3,GREENCASE,2026-04-28 10:06:10
Bộ 2 Miếng Dán Cường Lực Chống Nhìn Trộm RINGKE Easy Slide Tempered Cho iPhone 16/ 15/ 16 Plus/ 15 Plus/ 16 Pro/ 16 ProMax_ Hàng chính hãng,276274647,tiki,Thiết Bị Số - Phụ Kiện Số,Phụ Kiện Điện Thoại và Máy Tính Bảng,Miếng dán màn hình,https://tiki.vn/product-p276274647.html?spid=276274649,479000,0.0,0,2,Kai Nguyễn,2026-04-28 10:06:10
"Kính cường lực chống nhìn trộm dành cho iPhone 17 Pro Max / 17 Air / 17 Pro / 17 / 16, iPhone 16 Pro, iPhone 16 Plus, iPhone 16 Pro Max hiệu ANANK Privacy chống vỡ, chống xước cao cấp - Hàng chính hãng",276240629,tiki,Thiết Bị Số - Phụ Kiện Số,Phụ Kiện Điện Thoại và Máy Tính Bảng,Bao Da - Ốp Lưng,https://tiki.vn/product-p276240629.html?spid=276240631,165000,0.0,0,0,GREENCASE,2026-04-28 10:06:10
"Kính cường lực khung tự dán cho iPhone 14 / 14 Plus / 14 Pro / 14 Pro Max hiệu WIWU SQ-008 Easy install - Viền siêu mỏng 0.33mm, chống mẻ cạnh, Phủ nano siêu mượt - Hàng nhập khẩu",276114150,tiki,Thiết Bị Số - Phụ Kiện Số,Phụ Kiện Điện Thoại và Máy Tính Bảng,Miếng dán màn hình,https://tiki.vn/product-p276114150.html?spid=276114156,189000,0.0,0,0,WIWU,2026-04-28 10:06:10
"Bao Da Cho Samsung Galaxy A73 5G, A53 5G, A33 5G, A23, A13 4G dạng ví Dada Hanman - Hàng chính hãng",275987509,tiki,Thiết Bị Số - Phụ Kiện Số,Phụ Kiện Điện Thoại và Máy Tính Bảng,Bao Da - Ốp Lưng,https://tiki.vn/product-p275987509.html?spid=275987511,148999,0.0,0,0,wekome,2026-04-28 10:06:10
"Ốp lưng da cho iPhone X, Xr, Xs Max, iPhone 11, 11 Pro, 11 Pro Max hãng X-level cao cấp viền mềm chống sốc - Hàng chính hãng",275880410,tiki,Thiết Bị Số - Phụ Kiện Số,Phụ Kiện Điện Thoại và Máy Tính Bảng,Bao Da - Ốp Lưng,https://tiki.vn/product-p275880410.html?spid=275880412,99000,0.0,0,3,ICASE,2026-04-28 10:06:10
Cáp sạc dù nhanh Baseus Cafule Series 2.4A Usb to Light-ning CALKLF - hàng chính hãng,275051413,tiki,Thiết Bị Số - Phụ Kiện Số,Phụ Kiện Điện Thoại và Máy Tính Bảng,Dây Sạc - Dây Cáp,https://tiki.vn/product-p275051413.html?spid=275051425,89000,5.0,1,2,Baseus,2026-04-28 10:06:10
Ốp Lưng Da cho Samsung Galaxy A55 / A35 / A25 / A15 Hiệu X-Level Cao Cấp chống sốc tốt chống bụi bẩn chống mồ hôi dấu vân tay- hàng chính hãng,275048159,tiki,Thiết Bị Số - Phụ Kiện Số,Phụ Kiện Điện Thoại và Máy Tính Bảng,Bao Da - Ốp Lưng,https://tiki.vn/product-p275048159.html?spid=275048161,99000,5.0,2,7,x-level,2026-04-28 10:06:10
"ốp lưng magnetic cho Samsung Galaxy S22 Ultra / S22 Plus / S22 5G hiệu HOTCASE Ultra Crystal Clear - thiết kế trong suốt, chống sốc chống va đập - Hàng nhập khẩu",273984527,tiki,Thiết Bị Số - Phụ Kiện Số,Phụ Kiện Điện Thoại và Máy Tính Bảng,Bao Da - Ốp Lưng,https://tiki.vn/product-p273984527.html?spid=273984543,99000,5.0,1,6,HOTCASE,2026-04-28 10:06:10
Ugreen 15570 65W 2c1a RG robotGaN with LCD bộ sạc Nexode robot chuẩn PD GaN 3 cổng chân cắm dẹp US RoboGaN màu xám đen 2 cổng usb type c và 1A CD361 20015570 - Hàng chính hãng,273496804,tiki,Thiết Bị Số - Phụ Kiện Số,Phụ Kiện Điện Thoại và Máy Tính Bảng,Adapter - Củ Sạc,https://tiki.vn/product-p273496804.html?spid=273496805,679000,5.0,2,5,UGREEN,2026-04-28 10:06:10
Ốp Lưng cho iPhone 15 Pro Max ESR Classic Hybrid Case with HaloLock - Hàng Chính Hãng,272417673,tiki,Thiết Bị Số - Phụ Kiện Số,Phụ Kiện Điện Thoại và Máy Tính Bảng,Bao Da - Ốp Lưng,https://tiki.vn/product-p272417673.html?spid=272417675,590000,5.0,1,4,ESR,2026-04-28 10:06:10
Kính Cường Lực UNIQ OPTIX Clear dành cho iPhone 15 / 15 Plus / 15 Pro / 15 Pro Max - Hàng Chính Hãng,272002614,tiki,Thiết Bị Số - Phụ Kiện Số,Phụ Kiện Điện Thoại và Máy Tính Bảng,Miếng dán màn hình,https://tiki.vn/product-p272002614.html?spid=272002616,280000,5.0,1,1,UNIQ,2026-04-28 10:06:10
"Bao da rút không dây cho 12 pro max, 13 pro max, 14 pro max.. Da Rắn",263973123,tiki,Thiết Bị Số - Phụ Kiện Số,Phụ Kiện Điện Thoại và Máy Tính Bảng,Bao Da - Ốp Lưng,https://tiki.vn/product-p263973123.html?spid=263973129,249000,0.0,0,0,IONECASE,2026-04-28 10:06:10
"Ốp Case Bao Bảo Vệ Dành Cho Airpods Pro 2 (2022) và Airpods Pro, Kai.N Vanguard Armor - Hàng Chính Hãng",263645855,tiki,Thiết Bị Số - Phụ Kiện Số,Phụ Kiện Điện Thoại và Máy Tính Bảng,Hộp Đựng - Túi Đựng Phụ Kiện,https://tiki.vn/product-p263645855.html?spid=263645859,179000,0.0,0,2,Kai Nguyễn,2026-04-28 10:06:10
"Miếng dán kính cường lực màn hình trước cho Samsung Galaxy Z Fold 3 / Z Fold 4 full 9D hiệu HOTCASE Kuzoom Protective Glass - mỏng 0.3mm, vát cạnh 2.5D, độ cứng 9H, viền cứng mỏng chống vỡ cạnh - Hàng nhập khẩu",263104041,tiki,Thiết Bị Số - Phụ Kiện Số,Phụ Kiện Điện Thoại và Máy Tính Bảng,Miếng dán màn hình,https://tiki.vn/product-p263104041.html?spid=271448835,104000,5.0,5,17,HOTCASE,2026-04-28 10:06:10
Bao Da Bò Non Dành Cho SamSung Galaxy S23 Plus Chính Hãng Forwenw Có Ngăn Đựng Tiền và Thẻ - Hàng Nhập Khẩu,247620139,tiki,Thiết Bị Số - Phụ Kiện Số,Phụ Kiện Điện Thoại và Máy Tính Bảng,Bao Da - Ốp Lưng,https://tiki.vn/product-p247620139.html?spid=252098069,182000,3.0,2,2,Forwenw,2026-04-28 10:06:10
Ốp lưng nhám siêu mỏng 0.3mm cho Samsung Galaxy S23 Ultra - S23 Plus hiệu Memumi có gờ bảo vệ camera - Hàng nhập khẩu,221472057,tiki,Thiết Bị Số - Phụ Kiện Số,Phụ Kiện Điện Thoại và Máy Tính Bảng,Bao Da - Ốp Lưng,https://tiki.vn/product-p221472057.html?spid=244168145,120000,0.0,0,6,Memumi,2026-04-28 10:06:10
"Ốp Lưng Trong Suốt Dành Cho iPhone Kai.N UltraMag Clear Case, Hỗ Trợ Sạc Không Dây Từ Tính_ Hàng Chính Hãng",207332551,tiki,Thiết Bị Số - Phụ Kiện Số,Phụ Kiện Điện Thoại và Máy Tính Bảng,Bao Da - Ốp Lưng,https://tiki.vn/product-p207332551.html?spid=239731366,130000,0.0,0,0,Kai Nguyễn,2026-04-28 10:06:10
Miếng Dán Kính Cường Lực Camera ESR Tempered-Glass Camera Lens cho iPhone 14/ 14 Plus/ 14 Pro / 14 Pro Max - Hàng Chính Hãng,197339642,tiki,Thiết Bị Số - Phụ Kiện Số,Phụ Kiện Điện Thoại và Máy Tính Bảng,Miếng dán màn hình,https://tiki.vn/product-p197339642.html?spid=197339646,199000,4.7,3,13,ESR,2026-04-28 10:06:10
Vỏ Ốp Case Bảo Vệ TPU Trong Suốt Kai Cho AIRPODS 3 Kèm móc treo_ Hàng Chính Hãng,149916543,tiki,Thiết Bị Số - Phụ Kiện Số,Phụ Kiện Điện Thoại và Máy Tính Bảng,Hộp Đựng - Túi Đựng Phụ Kiện,https://tiki.vn/product-p149916543.html?spid=149916544,75000,4.8,22,120,Kai Nguyễn,2026-04-28 10:06:10
Miếng Dán Cường Lực UNIQ OPTIX Vivid Clear cho iPhone 13 Pro Max / 13 Pro / 13 / 13 Mini_Hàng Chính Hãng,126796800,tiki,Thiết Bị Số - Phụ Kiện Số,Phụ Kiện Điện Thoại và Máy Tính Bảng,Miếng dán màn hình,https://tiki.vn/product-p126796800.html?spid=134229208,249999,3.0,2,3,UNIQ,2026-04-28 10:06:10
Kính cường lực cho Máy Tính Bảng Samsung  Tab A7 Lite T225 / Tab A7 T505 - hàng chính hãng,111152877,tiki,Thiết Bị Số - Phụ Kiện Số,Phụ Kiện Điện Thoại và Máy Tính Bảng,Miếng dán màn hình,https://tiki.vn/product-p111152877.html?spid=163015377,101198,2.0,4,24,THANHLX,2026-04-28 10:06:10
"Ốp lưng lụa dành cho Samsung Galaxy S21, S21 Plus, S21 Ultra chính hãng siêu mỏng 0.3mm bảo vệ camera - Hàng Nhập Khẩu",85185806,tiki,Thiết Bị Số - Phụ Kiện Số,Phụ Kiện Điện Thoại và Máy Tính Bảng,Bao Da - Ốp Lưng,https://tiki.vn/product-p85185806.html?spid=95210207,115000,4.8,6,24,GREENCASE,2026-04-28 10:06:10
"Ốp lưng Memumi cho iPhone 12 mini / 12 Pro /12 Pro Max bảo vệ camera, siêu mỏng 0.3 mm Hàng nhập khẩu",73768914,tiki,Thiết Bị Số - Phụ Kiện Số,Phụ Kiện Điện Thoại và Máy Tính Bảng,Bao Da - Ốp Lưng,https://tiki.vn/product-p73768914.html?spid=90685981,125000,4.8,26,191,Memumi,2026-04-28 10:06:10
"Ốp lưng chống sốc cho Samsung Galaxy Note 20 Ultra hiệu Likgus (chuẩn quân đội, chống va đập, chống vân tay) - Hàng nhập khẩu",72302710,tiki,Thiết Bị Số - Phụ Kiện Số,Phụ Kiện Điện Thoại và Máy Tính Bảng,Bao Da - Ốp Lưng,https://tiki.vn/product-p72302710.html?spid=193201452,86000,4.0,1,1,Likgus,2026-04-28 10:06:10
Giá đỡ điện thoại HOCO CA47 cửa gió thanh điều hòa trên ô tô xoay 360 độ - đế hít nam châm từ điện thoại trên xe hơi - kẹp điện thoại oto chính hãng,55988247,tiki,Thiết Bị Số - Phụ Kiện Số,Phụ Kiện Điện Thoại và Máy Tính Bảng,Giá Đỡ - Chân Đế - Móc Dán,https://tiki.vn/product-p55988247.html?spid=109864191,169000,4.0,3,18,Hoco,2026-04-28 10:06:10
Kính cường lực full màn hình Hoco G5 cho iPhone 11 6.1inch - Hàng chính hãng,52674338,tiki,Thiết Bị Số - Phụ Kiện Số,Phụ Kiện Điện Thoại và Máy Tính Bảng,Miếng dán màn hình,https://tiki.vn/product-p52674338.html?spid=117735041,63774,4.3,12,83,Hoco,2026-04-28 10:06:10
"Ốp lưng silicon chống sốc cho iPhone 11 Pro Max (6.5 inch) hiệu Likgus Crashproof (siêu mỏng, chống chịu mọi va đập, chống ố vàng) - Hàng nhập khẩu",33713248,tiki,Thiết Bị Số - Phụ Kiện Số,Phụ Kiện Điện Thoại và Máy Tính Bảng,Bao Da - Ốp Lưng,https://tiki.vn/product-p33713248.html?spid=33713299,99000,0.0,0,14,Likgus,2026-04-28 10:06:10
"Ốp lưng silicon chống sốc cho iPhone 7 Plus / iPhone 8 Plus hiệu Likgus Crashproof (siêu mỏng, chống chịu mọi va đập) - Hàng nhập khẩu",33601469,tiki,Thiết Bị Số - Phụ Kiện Số,Phụ Kiện Điện Thoại và Máy Tính Bảng,Bao Da - Ốp Lưng,https://tiki.vn/product-p33601469.html?spid=33601471,96300,4.8,17,71,Likgus,2026-04-28 10:06:10
Kính Cường Lực Chống Nhìn Trộm KingKong WK Dành Cho iPhone - Hàng Chính Hãng,24411524,tiki,Thiết Bị Số - Phụ Kiện Số,Phụ Kiện Điện Thoại và Máy Tính Bảng,Miếng dán màn hình,https://tiki.vn/product-p24411524.html?spid=59313777,113333,4.5,2,13,WK,2026-04-28 10:06:10
Móc dán đỡ dây cáp sạc màu đen UGREEN 50257LP114 - Hàng Chính Hãng,24176191,tiki,Thiết Bị Số - Phụ Kiện Số,Phụ Kiện Điện Thoại và Máy Tính Bảng,Giá Đỡ - Chân Đế - Móc Dán,https://tiki.vn/product-p24176191.html?spid=24176192,103000,5.0,2,25,UGREEN,2026-04-28 10:06:10
"Sim Mobifone mệnh THỔ Thu hút vượng khí,cân bằng năng lượng ưu đãi data 180GB[SIM CHƯA KÍCH HOẠT,PHẢI ĐĂNG KÝ CHÍNH CHỦ)- hàng chính hãng",279212546,tiki,Thiết Bị Số - Phụ Kiện Số,Phụ Kiện Điện Thoại và Máy Tính Bảng,SIM Điện Thoại,https://tiki.vn/product-p279212546.html?spid=279212550,399000,0.0,0,0,Mobifone,2026-04-28 10:06:10
"Dán Film InvisibleShield PPF bảo vê viền camera và mặt lưng cho iPhone 17 Pro Max / 17 Pro KUZOOM LENS - Siêu mỏng 0.1mm, chống trầy xước, Phủ nano chống vân taym, chống dầu, ppf cao cấp - Hàng nhập khẩu",279008063,tiki,Thiết Bị Số - Phụ Kiện Số,Phụ Kiện Điện Thoại và Máy Tính Bảng,Miếng dán màn hình,https://tiki.vn/product-p279008063.html?spid=279008067,85000,0.0,0,0,HOTCASE,2026-04-28 10:06:10
Combo cốc sạc Anker Innovative Dual-Mode 1USB 2Type-C 100W + Cáp USB Type-C to Type-C PD 3.0 B121B - Hàng chính hãng,278993842,tiki,Thiết Bị Số - Phụ Kiện Số,Phụ Kiện Điện Thoại và Máy Tính Bảng,Adapter - Củ Sạc,https://tiki.vn/product-p278993842.html?spid=279076582,1269000,0.0,0,0,ANKER,2026-04-28 10:06:10
"Kính Cường Lực Full OG Cho iPhone 16 / 16 Air / 16 Plus / 16 Pro / 16 Pro Max – Vát Cạnh , Bảo Vệ Toàn Diện, Chống Trầy Xước, Siêu Nhạy Cảm Ứng.Hàng Nhập Khẩu",278818774,tiki,Thiết Bị Số - Phụ Kiện Số,Phụ Kiện Điện Thoại và Máy Tính Bảng,Miếng dán màn hình,https://tiki.vn/product-p278818774.html?spid=278989396,88000,0.0,0,0,Gucase,2026-04-28 10:06:10
Ốp Lưng UNIQ COEHL AMARA Cho Iphone 17/ 17 Air/ 17 Pro/ 17 Pro Max Lấy Cảm Hứng Từ Nụ Hoa Tử Đinh Hương Đính Pha Lê 3D Hàng Chính Hãng,278737149,tiki,Thiết Bị Số - Phụ Kiện Số,Phụ Kiện Điện Thoại và Máy Tính Bảng,Bao Da - Ốp Lưng,https://tiki.vn/product-p278737149.html?spid=278740292,792100,0.0,0,0,UNIQ,2026-04-28 10:06:10
"Kính cường lực trong suốt Kuzoom cho iPad Gen 11 /10 , mini 6/7 , Pro 11 , 12.9 , 13 inch M4 , Air 1/2/3 /4/5/6 - Hàng chính hãng",278719163,tiki,Thiết Bị Số - Phụ Kiện Số,Phụ Kiện Điện Thoại và Máy Tính Bảng,Miếng dán màn hình,https://tiki.vn/product-p278719163.html?spid=278722424,180000,0.0,0,0,GREENCASE,2026-04-28 10:06:10
"Miếng Dán Kính Cường Lực ZAGG cho Samsung Galaxy Z Fold 7, Glass Elite, Khung Trợ Dán, Hạn Chế Vân Tay, Viền Trong Suốt_ Hàng chính hãng",278429569,tiki,Thiết Bị Số - Phụ Kiện Số,Phụ Kiện Điện Thoại và Máy Tính Bảng,Miếng dán màn hình,https://tiki.vn/product-p278429569.html?spid=278429571,990000,0.0,0,2,ESR,2026-04-28 10:06:10
"Bao Da cho iPad A16 Gen 11 ,Gen 10 , Pro 11 M5 , Air 4/5 ,Air M2 M3, Pro 11inh M1 /M2 /M4 hiệu Wi WU Classic III Case GF-003 , Bảo vệ hoàn hảo - Hàng chính hãng",278360118,tiki,Thiết Bị Số - Phụ Kiện Số,Phụ Kiện Điện Thoại và Máy Tính Bảng,Bao Da - Ốp Lưng,https://tiki.vn/product-p278360118.html?spid=278360618,240000,0.0,0,0,GREENCASE,2026-04-28 10:06:10
Gá Kẹp Điện Thoại Ulanzi Phone Tripod Mount 360 - Hàng Chính Hãng,278075734,tiki,Thiết Bị Số - Phụ Kiện Số,Phụ Kiện Điện Thoại và Máy Tính Bảng,Giá Đỡ - Chân Đế - Móc Dán,https://tiki.vn/product-p278075734.html?spid=278075737,75000,4.5,35,492,Ulanzi,2026-04-28 10:06:10
Dán cường lực dành cho Samsung Galaxy Tab S6 Lite chống xước chống vỡ - Hàng nhập khẩu,277581169,tiki,Thiết Bị Số - Phụ Kiện Số,Phụ Kiện Điện Thoại và Máy Tính Bảng,Miếng dán màn hình,https://tiki.vn/product-p277581169.html?spid=277581170,80000,0.0,0,3,GREENCASE,2026-04-28 10:06:10
Ốp lưng dành cho Xiaomi Poco C40 chống sốc vân sợi cacbon - Hàng nhập khẩu,277437588,tiki,Thiết Bị Số - Phụ Kiện Số,Phụ Kiện Điện Thoại và Máy Tính Bảng,Bao Da - Ốp Lưng,https://tiki.vn/product-p277437588.html?spid=277437589,65000,0.0,0,1,GREENCASE,2026-04-28 10:06:10
Combo cốc sạc Anker Zolo Fast Charging 1USB 3Type-C 140W + Cáp USB Type-C to Type-C PD 3.1 B2697 - Hàng chính hãng,277311496,tiki,Thiết Bị Số - Phụ Kiện Số,Phụ Kiện Điện Thoại và Máy Tính Bảng,Adapter - Củ Sạc,https://tiki.vn/product-p277311496.html?spid=277364750,1700000,0.0,0,5,ANKER,2026-04-28 10:06:10
"Ốp chống bẩn Dành Cho Samsung Galaxy S10e , S10 5G , S10, S10 Plus Cao cấp, chống bám vân tay, không trơn trượt, bảo vệ camera màu 3D Camera - Hàng nhập khẩu",276937170,tiki,Thiết Bị Số - Phụ Kiện Số,Phụ Kiện Điện Thoại và Máy Tính Bảng,Bao Da - Ốp Lưng,https://tiki.vn/product-p276937170.html?spid=276937194,80000,0.0,0,4,GREENCASE,2026-04-28 10:06:10
"Dán Kính Cường Lực dành cho Samsung Galaxy S25 Fe , S23 FE , S24 FE , S21 FE , S20 FE hiệu Nillkin - Hàng Nhập Khẩu",276562288,tiki,Thiết Bị Số - Phụ Kiện Số,Phụ Kiện Điện Thoại và Máy Tính Bảng,Bao Da - Ốp Lưng,https://tiki.vn/product-p276562288.html?spid=273363622,155000,4.5,2,3,Nillkin,2026-04-28 10:06:10
"Sim Vinaphone U1500-Phôi 5G-500GB/tháng Trọn gói 12 tháng (500Gb/tháng tốc độ cao, Max băng thông, không chia theo ngày, dùng toàn quốc)-Hàng Chính Hãng",276503128,tiki,Thiết Bị Số - Phụ Kiện Số,Phụ Kiện Điện Thoại và Máy Tính Bảng,SIM Điện Thoại,https://tiki.vn/product-p276503128.html?spid=276503129,1040000,0.0,0,6,Vinaphone,2026-04-28 10:06:10
"Bao da dạng ví hiệu Caseme dành cho iPhone 13 Pro Max , iPhone 13 , iPhone 13 Pro chống sốc chống va đập, kèm ngăn đựng thẻ đựng tiền tiện lợi - Hàng chính hãng",276357675,tiki,Thiết Bị Số - Phụ Kiện Số,Phụ Kiện Điện Thoại và Máy Tính Bảng,Bao Da - Ốp Lưng,https://tiki.vn/product-p276357675.html?spid=276357679,165000,0.0,0,1,GREENCASE,2026-04-28 10:06:10
"Ốp lưng dành cho Samsung S24 Ultra, Samsung S24 Plus, Samsung S24 hiệu MEMUMI lụa siêu mỏng 0.3mm, chống sốc, bảo vệ camera cao cấp - Hàng chính hãng",276349390,tiki,Thiết Bị Số - Phụ Kiện Số,Phụ Kiện Điện Thoại và Máy Tính Bảng,Bao Da - Ốp Lưng,https://tiki.vn/product-p276349390.html?spid=276349394,120000,0.0,0,0,IDEWEI,2026-04-28 10:06:10
Cáp sạc nhanh & truyền dữ liệu tốc độ cao Volwatt GE-A021-CC 60W Type-C to Type-C Cable - Hàng Chính Hãng,276287865,tiki,Thiết Bị Số - Phụ Kiện Số,Phụ Kiện Điện Thoại và Máy Tính Bảng,Dây Sạc - Dây Cáp,https://tiki.vn/product-p276287865.html?spid=276287866,130000,0.0,0,1,Volwatt,2026-04-28 10:06:10
Miếng Dán Cường Lực Chống Chói/ Vân tay Mipow Kingbull ANTI-Glare Premium iPhone 16/ 16 Plus/ iPhone 16 Pro/ 16 Promax_ Hàng chính hãng,276148049,tiki,Thiết Bị Số - Phụ Kiện Số,Phụ Kiện Điện Thoại và Máy Tính Bảng,Miếng dán màn hình,https://tiki.vn/product-p276148049.html?spid=276148055,440000,0.0,0,1,MIPOW,2026-04-28 10:06:10
"Ốp lưng da cho iPhone 12 Mini, 12, 12 Pro, 12 Pro Max, iPhone 13 Mini, 13, 13 Pro, 13 Pro Max Max hãng X-level cao cấp viền mềm chống sốc - Hàng chính hãng",275880518,tiki,Thiết Bị Số - Phụ Kiện Số,Phụ Kiện Điện Thoại và Máy Tính Bảng,Bao Da - Ốp Lưng,https://tiki.vn/product-p275880518.html?spid=275880548,99000,0.0,0,1,ICASE,2026-04-28 10:06:10
Ốp lưng chống sốc dành cho Samsung Z Fold5/Z Fold6/Z Fold 7 XUNDD - Hàng Chính Hãng,275850298,tiki,Thiết Bị Số - Phụ Kiện Số,Phụ Kiện Điện Thoại và Máy Tính Bảng,Bao Da - Ốp Lưng,https://tiki.vn/product-p275850298.html?spid=275850305,190000,0.0,0,3,Ultra Thin,2026-04-28 10:06:10
"Giá Đỡ Điện Thoại Hình Ghế Xếp Gọn Dễ Thương Mẫu Mới Nhỏ Gọn Tiện Dụng Đẹp Mắt, Thích Hợp Trang Trí Nhà Cửa Văn Phòng Hàng Nhập Khẩu",275452047,tiki,Thiết Bị Số - Phụ Kiện Số,Phụ Kiện Điện Thoại và Máy Tính Bảng,Giá Đỡ - Chân Đế - Móc Dán,https://tiki.vn/product-p275452047.html?spid=275452048,9900,0.0,0,30,Hier,2026-04-28 10:06:10
"Ốp lưng trong suốt có gờ bảo vệ cho Samsung Galaxy Tab  A11 , Tab A11 Plus , A9 , A9 Plus - hàng nhập khẩu",273871329,tiki,Thiết Bị Số - Phụ Kiện Số,Phụ Kiện Điện Thoại và Máy Tính Bảng,Bao Da - Ốp Lưng,https://tiki.vn/product-p273871329.html?spid=273871331,89000,0.0,0,7,GREENCASE,2026-04-28 10:06:10
"Ốp lưng dành cho iPad Pro 11 2018, Mặt lưng trong suốt, Viền TPU chống sốc - Hàng nhập khẩu",273082395,tiki,Thiết Bị Số - Phụ Kiện Số,Phụ Kiện Điện Thoại và Máy Tính Bảng,Bao Da - Ốp Lưng,https://tiki.vn/product-p273082395.html?spid=273082396,266195,5.0,2,3,Xundd,2026-04-28 10:06:10
"Cáp sạc nhanh IP 2.4A, Cáp sạc nhanh truyền dữ liệu Baseus Dynamic Series Fast Charging Cable 2.4A cho iPhone, iPad - Hàng chính hãng",272479470,tiki,Thiết Bị Số - Phụ Kiện Số,Phụ Kiện Điện Thoại và Máy Tính Bảng,Dây Sạc - Dây Cáp,https://tiki.vn/product-p272479470.html?spid=272479474,95000,5.0,1,1,Baseus,2026-04-28 10:06:10
"Ốp lưng siêu mỏng 0.3mm chống ố cho iPhone 15 Pro Max / 15 Pro / 15 Plus / 15 hiệu Memumi Crystal thiết kế ôm sát máy, chống sốc , chống trầy xước - Hàng nhập khẩu",272046585,tiki,Thiết Bị Số - Phụ Kiện Số,Phụ Kiện Điện Thoại và Máy Tính Bảng,Bao Da - Ốp Lưng,https://tiki.vn/product-p272046585.html?spid=272046593,112000,5.0,2,17,Memumi,2026-04-28 10:06:10
Cốc sạc Baseus GaN5 Fast Charger (Mini) 1C 20W CN Amber (hàng chính hãng),211284139,tiki,Thiết Bị Số - Phụ Kiện Số,Phụ Kiện Điện Thoại và Máy Tính Bảng,Adapter - Củ Sạc,https://tiki.vn/product-p211284139.html?spid=249973806,150000,0.0,0,1,Baseus,2026-04-28 10:06:10
Case Ốp Cho Airpods PRO 2 (2022) TPU Kai Trong Suốt Kèm Móc Treo_ Hàng chính hãng,204044689,tiki,Thiết Bị Số - Phụ Kiện Số,Phụ Kiện Điện Thoại và Máy Tính Bảng,Hộp Đựng - Túi Đựng Phụ Kiện,https://tiki.vn/product-p204044689.html?spid=204044690,71000,4.6,32,169,Kai Nguyễn,2026-04-28 10:06:10
Miếng Dán Kính Cường Lực Camera chống trầy GOR cho iPhone 14 / 14 Plus / 14 Pro / 14 Pro Max (Bộ 2 Miếng) -  HÀNG CHÍNH HÃNG,201112916,tiki,Thiết Bị Số - Phụ Kiện Số,Phụ Kiện Điện Thoại và Máy Tính Bảng,Miếng dán màn hình,https://tiki.vn/product-p201112916.html?spid=201112918,119000,4.8,4,12,Gor,2026-04-28 10:06:10
"Ốp lưng chống sốc vân kim loại cho Samsung Galaxy A72 hiệu Likgus (chuẩn quân đội, chống va đập, chống vân tay) - Hàng nhập khẩu",198614075,tiki,Thiết Bị Số - Phụ Kiện Số,Phụ Kiện Điện Thoại và Máy Tính Bảng,Bao Da - Ốp Lưng,https://tiki.vn/product-p198614075.html?spid=198614076,99000,5.0,1,5,Likgus,2026-04-28 10:06:10
Miếng Dán Cường Lực Mipow Kingbull Premium Silk HD (2.7D) Dành Cho iPhone 14 / iPhone 14 Plus/ iPhone 14 Pro/ iPhone 14 ProMax_ Hàng Chính Hãng,197341559,tiki,Thiết Bị Số - Phụ Kiện Số,Phụ Kiện Điện Thoại và Máy Tính Bảng,Miếng dán màn hình,https://tiki.vn/product-p197341559.html?spid=197341565,350000,5.0,2,27,MIPOW,2026-04-28 10:06:10
"Ốp Bảo Vệ Chống Sốc Armor TPU PC Cho Airpods 1,2 / Airpods 3/ Airpods Pro/ Airpods Pro 2 Kèm Móc Treo- Hàng Chính Hãng",188998014,tiki,Thiết Bị Số - Phụ Kiện Số,Phụ Kiện Điện Thoại và Máy Tính Bảng,Hộp Đựng - Túi Đựng Phụ Kiện,https://tiki.vn/product-p188998014.html?spid=188998016,99000,4.7,30,169,Kai Nguyễn,2026-04-28 10:06:10
Ốp lưng Samsung Galaxy Fold 3 hiệu SULADA dạng da mềm - hàng nhập khẩu,184874050,tiki,Thiết Bị Số - Phụ Kiện Số,Phụ Kiện Điện Thoại và Máy Tính Bảng,Bao Da - Ốp Lưng,https://tiki.vn/product-p184874050.html?spid=202416090,159999,5.0,1,2,sulada,2026-04-28 10:06:10
Ốp Nillkin bảo vệ Camera cho Samsung Galaxy S22 Ultra Nillkin Camshield Pro nắp đậy bảo vệ Camera - Hàng nhập khẩu,168918257,tiki,Thiết Bị Số - Phụ Kiện Số,Phụ Kiện Điện Thoại và Máy Tính Bảng,Bao Da - Ốp Lưng,https://tiki.vn/product-p168918257.html?spid=168918259,195000,5.0,1,2,Nillkin,2026-04-28 10:06:10
Dây sạc bọc dù Hoco x26 - cáp sạc nhanh iphone micro usb type dài 1m chống gập đứt - hàng chính hãng,134321387,tiki,Thiết Bị Số - Phụ Kiện Số,Phụ Kiện Điện Thoại và Máy Tính Bảng,Dây Sạc - Dây Cáp,https://tiki.vn/product-p134321387.html?spid=161239301,79000,5.0,1,3,Hoco,2026-04-28 10:06:10
Bao da bò non dạng ví hãng Greencase dành cho iPhone Xs Max - Hàng nhập khẩu,103860554,tiki,Thiết Bị Số - Phụ Kiện Số,Phụ Kiện Điện Thoại và Máy Tính Bảng,Bao Da - Ốp Lưng,https://tiki.vn/product-p103860554.html?spid=103860558,165000,4.6,8,34,GREENCASE,2026-04-28 10:06:10
Ốp lưng trong suốt chống va đập iPhone 11 6.1inch Ugreen 257OPI70998LP Hàng Chính Hãng,101585740,tiki,Thiết Bị Số - Phụ Kiện Số,Phụ Kiện Điện Thoại và Máy Tính Bảng,Bao Da - Ốp Lưng,https://tiki.vn/product-p101585740.html?spid=101585742,117000,5.0,1,11,UGREEN,2026-04-28 10:06:10
Ốp Lưng Silicon TPU trong suốt GOR cho Samsung Galaxy S21 / S21 Plus / S21 Ultra - Hàng Nhập Khẩu,88778021,tiki,Thiết Bị Số - Phụ Kiện Số,Phụ Kiện Điện Thoại và Máy Tính Bảng,Bao Da - Ốp Lưng,https://tiki.vn/product-p88778021.html?spid=88778025,120000,4.2,33,118,Gor,2026-04-28 10:06:10
"Cáp USB Type C 2 đầu dương dài 1,5m kết nối sạc, truyền dữ liệu, hình ảnh 4K chính hãng Ugreen 50751",33395706,tiki,Thiết Bị Số - Phụ Kiện Số,Phụ Kiện Điện Thoại và Máy Tính Bảng,Dây Sạc - Dây Cáp,https://tiki.vn/product-p33395706.html?spid=48428987,250000,5.0,4,46,UGREEN,2026-04-28 10:06:10
"Ulanzi ST-29 – Kẹp Điện Thoại, Máy Tính Bảng Xoay Linh Hoạt, Tích Hợp Cold Shoe Và 2 Ngàm Phụ Kiện (Hàng Chính Hãng)",32802129,tiki,Thiết Bị Số - Phụ Kiện Số,Phụ Kiện Điện Thoại và Máy Tính Bảng,Phụ Kiện Di Động Khác,https://tiki.vn/product-p32802129.html?spid=278583766,174000,4.3,6,31,Ulanzi,2026-04-28 10:06:10
Ốp Lưng SKINARMA VIGOR Cho iPhone 17 Pro/ 17 Pro Max Viền Camera Nâng Cao Bằng Hợp Kim Nhôm Chống Sốc Có Sạc Không Dây Hàng Chính Hãng,279217534,tiki,Thiết Bị Số - Phụ Kiện Số,Phụ Kiện Điện Thoại và Máy Tính Bảng,Bao Da - Ốp Lưng,https://tiki.vn/product-p279217534.html?spid=279217538,891000,0.0,0,0,Skinarma,2026-04-28 10:06:10
"Ốp Case Dành Cho Airpods 4/ Airpods Pro 3, Kai.N PROTECTIVE Silicone FULL CORLOR, Kèm Móc Khóa_ Hàng chính hãng",279082077,tiki,Thiết Bị Số - Phụ Kiện Số,Phụ Kiện Điện Thoại và Máy Tính Bảng,Hộp Đựng - Túi Đựng Phụ Kiện,https://tiki.vn/product-p279082077.html?spid=276292188,79000,0.0,0,2,UNIQ,2026-04-28 10:06:10
"Ốp Lưng Carbon Slim Case Cho iPhone 15/ 16/ 17 Series – Siêu Mỏng Nhẹ, Kevlar Cao Cấp, Chính Hãng Likgus . Hàng Nhập Khẩu",278993373,tiki,Thiết Bị Số - Phụ Kiện Số,Phụ Kiện Điện Thoại và Máy Tính Bảng,Bao Da - Ốp Lưng,https://tiki.vn/product-p278993373.html?spid=278993383,269888,0.0,0,0,Gucase,2026-04-28 10:06:10
"BAO DA BÀN PHÍM có Touchpad, giá đỡ, đèn LED, có thể tháo rời cho Samsung Tab S9/S9 FE S10 S10 Lite",278957448,tiki,Thiết Bị Số - Phụ Kiện Số,Phụ Kiện Điện Thoại và Máy Tính Bảng,Bao Da - Ốp Lưng,https://tiki.vn/product-p278957448.html?spid=278957467,899000,0.0,0,0,OEM,2026-04-28 10:06:10
Ốp lưng cho iPhone 17 Pro Max / 17 Pro / 17 / Air RINGKE Fusion Card - Hàng Chính Hãng,278704261,tiki,Thiết Bị Số - Phụ Kiện Số,Phụ Kiện Điện Thoại và Máy Tính Bảng,Bao Da - Ốp Lưng,https://tiki.vn/product-p278704261.html?spid=278704263,520000,0.0,0,1,Ringke,2026-04-28 10:06:10
"Giá đỡ máy tính bảng hearme - K04, dạng đứng trên sàn, có khóa bảo vệ, Hàng chính hãng",278631304,tiki,Thiết Bị Số - Phụ Kiện Số,Phụ Kiện Điện Thoại và Máy Tính Bảng,Giá Đỡ - Chân Đế - Móc Dán,https://tiki.vn/product-p278631304.html?spid=278631305,2300000,0.0,0,1,Hearme,2026-04-28 10:06:10
"Gậy Chụp Hình Selfie Tiện Ích: 3 Chân, Đèn LED, và Bluetooth Chụp Ảnh Từ Xa Loại Tốt Hàng Cao Cấp",278566642,tiki,Thiết Bị Số - Phụ Kiện Số,Phụ Kiện Điện Thoại và Máy Tính Bảng,Phụ Kiện Chụp Hình,https://tiki.vn/product-p278566642.html?spid=278566643,196000,0.0,0,0,OEM,2026-04-28 10:06:10
"Ốp Lưng Wi wu IShield Ultra MCC-201 Cho iPhone 17, iPhone Air, iPhone 17 Pro, iPhone 17 Pro Max – Trong Suốt, Chống Sốc, Nam Châm, Giá Đỡ 360°  - Hàng Chính Hãng",278519574,tiki,Thiết Bị Số - Phụ Kiện Số,Phụ Kiện Điện Thoại và Máy Tính Bảng,Bao Da - Ốp Lưng,https://tiki.vn/product-p278519574.html?spid=278519576,270000,0.0,0,0,CA,2026-04-28 10:06:10
"Kính Cường Lực kèm khung trợ dán Dux Ducis Roga cho iPhone 17 Pro Max / 17 Pro/ 17 Air/ iphone 17/ iPhone 16 Pro Max / 16 Pro/ 16e, không lẹm viền, cảm ứng vân tay_ Hàng Chính Hãng",278136187,tiki,Thiết Bị Số - Phụ Kiện Số,Phụ Kiện Điện Thoại và Máy Tính Bảng,Miếng dán màn hình,https://tiki.vn/product-p278136187.html?spid=278136193,179000,5.0,1,0,Dux Ducis,2026-04-28 10:06:10
Túi chống nước cho điện thoại cao cấp nhiều màu sắc,277975839,tiki,Thiết Bị Số - Phụ Kiện Số,Phụ Kiện Điện Thoại và Máy Tính Bảng,Túi Bảo Vệ - Túi Chống Nước,https://tiki.vn/product-p277975839.html?spid=277975864,100000,5.0,1,3,OEM,2026-04-28 10:06:10
"Ốp lưng silicon case cho Samsung Galaxy A06 4G , A06 5G mỏng 0.3mm chống bám bẩn mặt lưng siêu mềm mịn, có gờ bảo vệ camera - hàng nhập khẩu",277856667,tiki,Thiết Bị Số - Phụ Kiện Số,Phụ Kiện Điện Thoại và Máy Tính Bảng,Bao Da - Ốp Lưng,https://tiki.vn/product-p277856667.html?spid=276687650,80000,0.0,0,2,GREENCASE,2026-04-28 10:06:10
Bao da dành cho iPad 11 inch 2025 (Gen 11) chính hãng Mutural chống sốc kèm khay bút - Hàng nhập khẩu,277740716,tiki,Thiết Bị Số - Phụ Kiện Số,Phụ Kiện Điện Thoại và Máy Tính Bảng,Bao Da - Ốp Lưng,https://tiki.vn/product-p277740716.html?spid=277740789,349000,0.0,0,1,CA,2026-04-28 10:06:10
"Cáp sạc nhanh truyền dữ liệu Baseus Series Fast chuẩn USB to Type C 2.4A  dài 1m dùng cho S8/9, Note 7/8/9 , Xiaomi, Hw, Oppo,-không hộp ( Hàng nhập khẩu)",277562757,tiki,Thiết Bị Số - Phụ Kiện Số,Phụ Kiện Điện Thoại và Máy Tính Bảng,Dây Sạc - Dây Cáp,https://tiki.vn/product-p277562757.html?spid=277562758,59000,0.0,0,4,Baseus,2026-04-28 10:06:10
Cặp vỏ bọc nút tai nghe bằng silicon mềm chống trượt cho Airpods 4 - Hàng Chính Hãng,277383898,tiki,Thiết Bị Số - Phụ Kiện Số,Phụ Kiện Điện Thoại và Máy Tính Bảng,Hộp Đựng - Túi Đựng Phụ Kiện,https://tiki.vn/product-p277383898.html?spid=277383900,30000,5.0,4,8,DEVO,2026-04-28 10:06:10
"Pin Sạc Dự Phòng Không Dây M.agsafe Uno Magnetic Ugreen PB571 5000mAh, Chuẩn Qi 7.5W - Hàng chính hãng",276915598,tiki,Thiết Bị Số - Phụ Kiện Số,Phụ Kiện Điện Thoại và Máy Tính Bảng,Pin Sạc Dự Phòng,https://tiki.vn/product-p276915598.html?spid=276915783,839000,0.0,0,0,UGREEN,2026-04-28 10:06:10
Ốp Lưng Chống Sốc XUNDD Dành Cho iPad Gen 7/8/9/10/11 - Tích Hợp Giá Đỡ - Hàng Chính Hãng,276679541,tiki,Thiết Bị Số - Phụ Kiện Số,Phụ Kiện Điện Thoại và Máy Tính Bảng,Bao Da - Ốp Lưng,https://tiki.vn/product-p276679541.html?spid=276679557,250000,0.0,0,3,CA,2026-04-28 10:06:10
"Ốp lưng cho Samsung Galaxy S24 Fe , S25 FE , S20 FE , S23 FE hiệu X-Level da PU chống sốc chống bám bẩn chống vân tay,  siêu bền - hàng nhập khẩu",276412669,tiki,Thiết Bị Số - Phụ Kiện Số,Phụ Kiện Điện Thoại và Máy Tính Bảng,Bao Da - Ốp Lưng,https://tiki.vn/product-p276412669.html?spid=276657233,106000,5.0,1,1,GREENCASE,2026-04-28 10:06:10
"Sạc dự phòng Energizer 4,600mAh 3.6V Li-ion UE4600PQBK,Sạc nhanh PD 22.5W, bảo hành 24 tháng 1 đổi 1 - Hàng chính hãng",276279897,tiki,Thiết Bị Số - Phụ Kiện Số,Phụ Kiện Điện Thoại và Máy Tính Bảng,Pin Sạc Dự Phòng,https://tiki.vn/product-p276279897.html?spid=276279898,650000,5.0,1,3,Energizer,2026-04-28 10:06:10
Củ sạc nhanh ROCKSPACE T43 2 cổng USB-TypeC sạc nhanh 20w hàng chính hãng - Bảo hành 12 tháng,276187615,tiki,Thiết Bị Số - Phụ Kiện Số,Phụ Kiện Điện Thoại và Máy Tính Bảng,Adapter - Củ Sạc,https://tiki.vn/product-p276187615.html?spid=276187616,175000,4.8,4,24,RockSpace,2026-04-28 10:06:10
"Ốp Lưng Chống Sốc Bảo Vệ Camera Cho iPhone 16, 16 Plus, 16 Pro, 16 Pro Max Likgus Camshield  Thiết Kế Trong Suốt, Chống Ố Vàng, Hàng Nhập Khẩu",276130028,tiki,Thiết Bị Số - Phụ Kiện Số,Phụ Kiện Điện Thoại và Máy Tính Bảng,Bao Da - Ốp Lưng,https://tiki.vn/product-p276130028.html?spid=276130078,99000,0.0,0,2,Likgus,2026-04-28 10:06:10
"Ốp lưng dành cho iPad 10.2 inch Gen 7,8,9 dẻo trong chống sốc cao cấp - Hàng chính hãng",275891360,tiki,Thiết Bị Số - Phụ Kiện Số,Phụ Kiện Điện Thoại và Máy Tính Bảng,Bao Da - Ốp Lưng,https://tiki.vn/product-p275891360.html?spid=275891364,79000,0.0,0,2,Ultra Thin,2026-04-28 10:06:10
"Bao Da dạng ví Cho SamSung S25 Ultra , S25 Plus , S25 , S20 Ultra, S21 , S21 Plus, S21 Fe, S21 Ultra,S22 , S22 Plus, S22 Ultra, S23 Fe, S23 , S23 Plus, S23 Ultra, S24, S24 Plus, S24 Ultra Có Ngăn Đựng Tiền và Thẻ - Hàng chính hãng",275251588,tiki,Thiết Bị Số - Phụ Kiện Số,Phụ Kiện Điện Thoại và Máy Tính Bảng,Bao Da - Ốp Lưng,https://tiki.vn/product-p275251588.html?spid=275252157,165000,0.0,0,3,GREENCASE,2026-04-28 10:06:10
"Ốp lưng cho Samsung Galaxy Tab S10 Lite , S10 Fe , S10 Fe Plus ,Tab S8, Tab S9, Tab S9 Plus, Tab S9 Fe, Tab S7, Tab S7 Fe, Tab A9, Tab A9 Plus, dẻo trong suốt, có gờ bảo vệ camera - Hàng Nhập Khẩu",274372538,tiki,Thiết Bị Số - Phụ Kiện Số,Phụ Kiện Điện Thoại và Máy Tính Bảng,Bao Da - Ốp Lưng,https://tiki.vn/product-p274372538.html?spid=274372563,75000,0.0,0,9,GREENCASE,2026-04-28 10:06:10
"Ốp lưng dẻo silicon cho Samsung Galaxy A25 hiệu Ultra Thin (siêu mỏng 0.6mm, chống trầy, chống bụi) - Hàng nhập khẩu",274156094,tiki,Thiết Bị Số - Phụ Kiện Số,Phụ Kiện Điện Thoại và Máy Tính Bảng,Bao Da - Ốp Lưng,https://tiki.vn/product-p274156094.html?spid=274156095,40000,0.0,0,3,Ultra Thin,2026-04-28 10:06:10
Bộ Kẹp Điện Thoại Dán Lên Mặt Đồng Hồ Xe Máy Xoay 360 - Hàng chính hãng,273916018,tiki,Thiết Bị Số - Phụ Kiện Số,Phụ Kiện Điện Thoại và Máy Tính Bảng,Giá Đỡ - Chân Đế - Móc Dán,https://tiki.vn/product-p273916018.html?spid=273916019,39000,4.0,1,25,TiMa.lala,2026-04-28 10:06:10
"Ốp lưng Nillkin dành cho SamSung Galaxy A57 , A37 , A56 - A36 - A26 - A54 - A16 - A35 - A55 dạng sần - hàng nhập khẩu",273497889,tiki,Thiết Bị Số - Phụ Kiện Số,Phụ Kiện Điện Thoại và Máy Tính Bảng,Bao Da - Ốp Lưng,https://tiki.vn/product-p273497889.html?spid=273497893,165000,5.0,6,17,Nillkin,2026-04-28 10:06:10
Túi Đựng Bảo Vệ dành cho Loa JBL Charge 4 / Charge 5 / Pulse 4 / JBL Charge 6 - Hàng Chính Hãng,273056303,tiki,Thiết Bị Số - Phụ Kiện Số,Phụ Kiện Điện Thoại và Máy Tính Bảng,Hộp Đựng - Túi Đựng Phụ Kiện,https://tiki.vn/product-p273056303.html?spid=273056304,250000,0.0,0,4,DEVO,2026-04-28 10:06:10
Ốp lưng Maqsafe bảo vệ camera cho iPhone 13 Pro / 13 Pro Max / 14 Plus / 14 Pro / 14 Pro Max hiệu HOTCASE Maqsafe Label trang bị kính cường lực shaphia chống chói cho Camera hỗ trợ chụp ảnh ngoài trời nắng gắt và ngược sáng - hàng nhập khẩu,263447040,tiki,Thiết Bị Số - Phụ Kiện Số,Phụ Kiện Điện Thoại và Máy Tính Bảng,Bao Da - Ốp Lưng,https://tiki.vn/product-p263447040.html?spid=263447066,129000,0.0,0,2,HOTCASE,2026-04-28 10:06:10
Sạc dự phòng đa năng hoco DB07 tích hợp sẵn 4 dây cáp tiện lợi dung lượng 10.000mah - Hàng chính hãng,252011432,tiki,Thiết Bị Số - Phụ Kiện Số,Phụ Kiện Điện Thoại và Máy Tính Bảng,Pin Sạc Dự Phòng,https://tiki.vn/product-p252011432.html?spid=252011433,299000,0.0,0,1,Hoco,2026-04-28 10:06:10
Túi đeo Wiwu Minimalist Version 2-M415 - Hàng chính hãng,249575266,tiki,Thiết Bị Số - Phụ Kiện Số,Phụ Kiện Điện Thoại và Máy Tính Bảng,Phụ Kiện Di Động Khác,https://tiki.vn/product-p249575266.html?spid=253170750,450000,0.0,0,0,WIWU,2026-04-28 10:06:10
Củ sạc nhanh GaN công suất 33W Remax RP-U25 chuẩn kép PD + QC 3.0 - Hàng chính hãng,192445205,tiki,Thiết Bị Số - Phụ Kiện Số,Phụ Kiện Điện Thoại và Máy Tính Bảng,Adapter - Củ Sạc,https://tiki.vn/product-p192445205.html?spid=195456638,225000,4.5,6,20,Remax,2026-04-28 10:06:10
Thẻ nhớ 128GB Micro-SD Transcend TS128GUSD300S-A- Hàng chính hãng,157062616,tiki,Thiết Bị Số - Phụ Kiện Số,Phụ Kiện Điện Thoại và Máy Tính Bảng,Thẻ Nhớ và Bộ Nhớ Mở Rộng,https://tiki.vn/product-p157062616.html?spid=195304968,609000,0.0,0,4,Transcend,2026-04-28 10:06:10
"Túi Đựng Macbook Wiwu Minialist Dùng Cho Màn Hình 15.6'' Chất Liệu Vải Cao Cấp, Chống Nước - Hàng Chính Hãng",155765342,tiki,Thiết Bị Số - Phụ Kiện Số,Phụ Kiện Điện Thoại và Máy Tính Bảng,Túi Bảo Vệ - Túi Chống Nước,https://tiki.vn/product-p155765342.html?spid=168958643,450000,0.0,0,1,WIWU,2026-04-28 10:06:10
Pin Pisen Dragon cho Iphone - Hàng Chính Hãng,68059842,tiki,Thiết Bị Số - Phụ Kiện Số,Phụ Kiện Điện Thoại và Máy Tính Bảng,Linh Kiện Thay Thế,https://tiki.vn/product-p68059842.html?spid=68059848,830000,0.0,0,0,Pisen,2026-04-28 10:06:10
CỐC SẠC NHANH 15W 2 CỔNG CHỐNG CHÁY NỔ HOCO C73 - CỦ SẠC ĐA NĂNG 2.4A CHO CÁC DÒNG ĐIỆN THOẠI CHÍNH HÃNG,56049649,tiki,Thiết Bị Số - Phụ Kiện Số,Phụ Kiện Điện Thoại và Máy Tính Bảng,Adapter - Củ Sạc,https://tiki.vn/product-p56049649.html?spid=76066506,89000,4.8,38,165,Hoco,2026-04-28 10:06:10
Sim 4G MAY V77 (Vinaphone-Itelecom) gói cước 90GB/ tháng tốc độ cao – Hàng chính hãng - Giao mẫu ngẫu nhiên,52087768,tiki,Thiết Bị Số - Phụ Kiện Số,Phụ Kiện Điện Thoại và Máy Tính Bảng,SIM Điện Thoại,https://tiki.vn/product-p52087768.html?spid=76777687,149000,4.5,150,1164,ITelecom,2026-04-28 10:06:10
Miếng Dán PPF Mặt Trước cho Samsung Galaxy Note 10 Plus – Dẻo full màn hình – Hàng Chính Hãng,35369594,tiki,Thiết Bị Số - Phụ Kiện Số,Phụ Kiện Điện Thoại và Máy Tính Bảng,Miếng dán màn hình,https://tiki.vn/product-p35369594.html?spid=60031383,49790,4.3,79,421,NETTACASE,2026-04-28 10:06:10
Kính Cường Lực cho Oppo Reno 6.6inch - Full màn hình - Màu Đen - Hàng Chính Hãng,25062240,tiki,Thiết Bị Số - Phụ Kiện Số,Phụ Kiện Điện Thoại và Máy Tính Bảng,Miếng dán màn hình,https://tiki.vn/product-p25062240.html?spid=64795673,58999,4.0,1,1,NETTACASE,2026-04-28 10:06:10
Bộ Chia 2 Máy Tính Dùng Chung 1 Máy In Ugreen 30345 - Hàng Chính Hãng,3602035,tiki,Thiết Bị Số - Phụ Kiện Số,Phụ Kiện Điện Thoại và Máy Tính Bảng,Phụ Kiện Di Động Khác,https://tiki.vn/product-p3602035.html?spid=75705258,230000,5.0,9,23,UGREEN,2026-04-28 10:06:10
Pin Sạc Dự Phòng Anker PowerCore 13000mAh - A1215 - Hàng Chính Hãng,254794,tiki,Thiết Bị Số - Phụ Kiện Số,Phụ Kiện Điện Thoại và Máy Tính Bảng,Pin Sạc Dự Phòng,https://tiki.vn/product-p254794.html?spid=36452962,950000,5.0,3,21,ANKER,2026-04-28 10:06:10
Cáp Sạc Nhanh Aukey CB-DCC67-BLK USB-C To USB-C (60W) - Hàng Chính Hãng,279277899,tiki,Thiết Bị Số - Phụ Kiện Số,Phụ Kiện Điện Thoại và Máy Tính Bảng,Dây Sạc - Dây Cáp,https://tiki.vn/product-p279277899.html?spid=279277901,99000,0.0,0,0,AUKEY,2026-04-28 10:06:10
Ốp Lưng Nhám Siêu Mỏng 0.3mm Cho Samsung S26 Ultra / S25 Ultra Hiệu Memumi SLIM Có Màng Bảo Vệ Camera - Hàng Nhập Khẩu,279248158,tiki,Thiết Bị Số - Phụ Kiện Số,Phụ Kiện Điện Thoại và Máy Tính Bảng,Bao Da - Ốp Lưng,https://tiki.vn/product-p279248158.html?spid=277227878,125000,4.0,1,4,GREENCASE,2026-04-28 10:06:10
"Bao da bàn phím Lenovo Idea Tab / Xiaoxin Pad 11"" 2025 có Touchpad, giá đỡ, đèn LED",278957450,tiki,Thiết Bị Số - Phụ Kiện Số,Phụ Kiện Điện Thoại và Máy Tính Bảng,Bao Da - Ốp Lưng,https://tiki.vn/product-p278957450.html?spid=278957459,999000,0.0,0,0,OEM,2026-04-28 10:06:10
"Miếng Dán Kính Cường Lực Cho SAMSUNG GALAXY A57 , A37 , A17 , A07 , A56 , A36 , A26 , A16 , A06 - Full Màn Hình - Hàng Chính Hãng",278722434,tiki,Thiết Bị Số - Phụ Kiện Số,Phụ Kiện Điện Thoại và Máy Tính Bảng,Miếng dán màn hình,https://tiki.vn/product-p278722434.html?spid=278722440,49000,0.0,0,0,GREENCASE,2026-04-28 10:06:10
Ốp lưng cho iPhone 17 Pro Max / 17 Pro / 17 / Air RINGKE Onyx - Hàng Chính Hãng,278643435,tiki,Thiết Bị Số - Phụ Kiện Số,Phụ Kiện Điện Thoại và Máy Tính Bảng,Bao Da - Ốp Lưng,https://tiki.vn/product-p278643435.html?spid=278643445,410000,0.0,0,0,Ringke,2026-04-28 10:06:10
Bao da dành cho iPad 2 / 3 / 4 hiệu HOTCASE xoay 360 độ chống bụi chấm thấm tiện lợi - Hàng nhập khẩu,278627381,tiki,Thiết Bị Số - Phụ Kiện Số,Phụ Kiện Điện Thoại và Máy Tính Bảng,Bao Da - Ốp Lưng,https://tiki.vn/product-p278627381.html?spid=278627400,119000,0.0,0,0,HOTCASE,2026-04-28 10:06:10
Ốp lưng cho Google Pixel 10 Pro XL / Pixel 10 Pro / Pixel 10 RINGKE Onyx Magnetic - Hàng Chính Hãng,278574842,tiki,Thiết Bị Số - Phụ Kiện Số,Phụ Kiện Điện Thoại và Máy Tính Bảng,Bao Da - Ốp Lưng,https://tiki.vn/product-p278574842.html?spid=278574846,520000,0.0,0,0,Ringke,2026-04-28 10:06:10
Pin sạc dự phòng không dây Anker MagGo 1C 15W 10000mah A1664 - GiaPhucStore | Hàng Chính Hãng,277857264,tiki,Thiết Bị Số - Phụ Kiện Số,Phụ Kiện Điện Thoại và Máy Tính Bảng,Pin Sạc Dự Phòng,https://tiki.vn/product-p277857264.html?spid=277857283,1590000,0.0,0,0,ANKER,2026-04-28 10:06:10
Giá Đỡ Điện Thoại livestream Xem Video Ổn Định Xoay 360 Độ Dùng Để Quay Phim Ghi Hình Đa Dụng - Hàng nhập khẩu,277550684,tiki,Thiết Bị Số - Phụ Kiện Số,Phụ Kiện Điện Thoại và Máy Tính Bảng,Giá Đỡ - Chân Đế - Móc Dán,https://tiki.vn/product-p277550684.html?spid=277550685,45000,0.0,0,7,TIEN ANH HOUSE,2026-04-28 10:06:10
Cốc sạc Anker 737 GaNPrime Wall Charger 120W 2Type-C 1 USB 1 A2148 - Hàng chính hãng,277364849,tiki,Thiết Bị Số - Phụ Kiện Số,Phụ Kiện Điện Thoại và Máy Tính Bảng,Adapter - Củ Sạc,https://tiki.vn/product-p277364849.html?spid=277364850,2690000,0.0,0,0,ANKER,2026-04-28 10:06:10
"Ốp Lưng Da Sạc Từ Tính Dành Cho Samsung Galaxy S25 Ultra DUX DUCIS Rafi II Series, có ngăn đựng thẻ, chân đế, Hàng Chính hãng",277005328,tiki,Thiết Bị Số - Phụ Kiện Số,Phụ Kiện Điện Thoại và Máy Tính Bảng,Bao Da - Ốp Lưng,https://tiki.vn/product-p277005328.html?spid=277005335,390000,5.0,2,4,Dux Ducis,2026-04-28 10:06:10
Ốp Case Vỏ Bảo Vệ Armor Vân Carbon cho AirTag - Hàng Chính Hãng,276243365,tiki,Thiết Bị Số - Phụ Kiện Số,Phụ Kiện Điện Thoại và Máy Tính Bảng,Hộp Đựng - Túi Đựng Phụ Kiện,https://tiki.vn/product-p276243365.html?spid=277030308,120000,0.0,0,0,DEVO,2026-04-28 10:06:10
"Ốp lưng dành cho iPhone 16 Pro Max, iPhone 16 Pro, iPhone 16 Plus, iPhone 16 hiệu Memumi siêu mỏng 0.3mm, thiết kế tối giản, chống vân, chống sốc, bảo vệ camera cao cấp - Hàng chính hãng.",276240604,tiki,Thiết Bị Số - Phụ Kiện Số,Phụ Kiện Điện Thoại và Máy Tính Bảng,Bao Da - Ốp Lưng,https://tiki.vn/product-p276240604.html?spid=276240612,116000,4.7,3,5,Likgus,2026-04-28 10:06:10
Ốp Lưng cho iPhone 16 / 16 Plus / 16 Pro / 16 Pro Max TPU trong suốt UNIQ Hybrid Air Fender_ Hàng chính hãng,276147787,tiki,Thiết Bị Số - Phụ Kiện Số,Phụ Kiện Điện Thoại và Máy Tính Bảng,Bao Da - Ốp Lưng,https://tiki.vn/product-p276147787.html?spid=276167468,289000,5.0,3,12,UNIQ,2026-04-28 10:06:10
"Ốp lưng dành cho Samsung Galaxy Tab A9 X110/ X115 2023, Tab A9 Plus X210/ X216 2023 dẻo trong chống sốc cao cấp - Hàng chính hãng",276078734,tiki,Thiết Bị Số - Phụ Kiện Số,Phụ Kiện Điện Thoại và Máy Tính Bảng,Bao Da - Ốp Lưng,https://tiki.vn/product-p276078734.html?spid=276078736,85000,0.0,0,7,ICASE,2026-04-28 10:06:10
Cáp sạc nhanh Hoco X14 Micro USB cho thiết bị Android (màu ngẫu nhiên) -Hàng chính hãng,275802142,tiki,Thiết Bị Số - Phụ Kiện Số,Phụ Kiện Điện Thoại và Máy Tính Bảng,Dây Sạc - Dây Cáp,https://tiki.vn/product-p275802142.html?spid=275802146,50000,5.0,5,39,Hoco,2026-04-28 10:06:10
Ốp lưng da cho Samsung Galaxy A54 5G - A34 5G - A24 - A14 - A14 5G - A04s hiệu X-level cao cấp viền mềm chống sốc - Hàng chính hãng,275573345,tiki,Thiết Bị Số - Phụ Kiện Số,Phụ Kiện Điện Thoại và Máy Tính Bảng,Bao Da - Ốp Lưng,https://tiki.vn/product-p275573345.html?spid=275614972,99000,0.0,0,3,ICASE,2026-04-28 10:06:10
"Miếng dán màn hình kính cường lực cho iPad Air 13 inch M2 2024/ iPad Air6 M2 11 inch 2024 hiệu Pro Glass (mỏng 0.2 mm, vát cạnh 2.5D, chống trầy, chống va đập - hàng nhập khẩu",275283560,tiki,Thiết Bị Số - Phụ Kiện Số,Phụ Kiện Điện Thoại và Máy Tính Bảng,Bao Da - Ốp Lưng,https://tiki.vn/product-p275283560.html?spid=275283564,115000,0.0,0,2,Pro Glass,2026-04-28 10:06:10
Ốp lưng da cho Samsung Galaxy S26 Ultra / S25 Ultra | S25 Plus | S25 | S24 Ultra | S24 Plus | S24 | S24 Fe dạng da mềm - hàng nhập khẩu,275120429,tiki,Thiết Bị Số - Phụ Kiện Số,Phụ Kiện Điện Thoại và Máy Tính Bảng,Bao Da - Ốp Lưng,https://tiki.vn/product-p275120429.html?spid=275120439,110000,0.0,0,0,x-level,2026-04-28 10:06:10
Cốc Sạc Samsung Travel Adapter 25W Type C EP-T2510 - Hàng Chính Hãng,274824989,tiki,Thiết Bị Số - Phụ Kiện Số,Phụ Kiện Điện Thoại và Máy Tính Bảng,Adapter - Củ Sạc,https://tiki.vn/product-p274824989.html?spid=274825123,259000,5.0,6,40,Samsung,2026-04-28 10:06:10
Thẻ Nhớ microSD SanDisk Ultra A1 140MB/s 128GB - 256GB - Hàng chính hãng - 256GB,274030065,tiki,Thiết Bị Số - Phụ Kiện Số,Phụ Kiện Điện Thoại và Máy Tính Bảng,Thẻ Nhớ và Bộ Nhớ Mở Rộng,https://tiki.vn/product-p274030065.html?spid=274030066,1490000,5.0,1,9,SanDisk,2026-04-28 10:06:10
Ốp Lưng Nillkin Super Frosted Shield Pro cho Samsung Galaxy S24 Ultra - Hàng Chính Hãng,273982509,tiki,Thiết Bị Số - Phụ Kiện Số,Phụ Kiện Điện Thoại và Máy Tính Bảng,Bao Da - Ốp Lưng,https://tiki.vn/product-p273982509.html?spid=273982511,199000,0.0,0,0,Nillkin,2026-04-28 10:06:10
"Ốp lưng trong suốt sạc từ tính cho iPhone 14 / 14 Plus / 14 Pro / 14 Pro Max hiệu HOTCASE Magnetic - trang bị đệm khi 4 góc, Viền TPU chống sốc, lưng PC chống ố vàng - Hàng nhập khẩu",273864456,tiki,Thiết Bị Số - Phụ Kiện Số,Phụ Kiện Điện Thoại và Máy Tính Bảng,Bao Da - Ốp Lưng,https://tiki.vn/product-p273864456.html?spid=273864462,99000,0.0,0,2,HOTCASE,2026-04-28 10:06:10
"Giá đỡ điện thoại, máy tính bảng C35 Chân đế hợp kim cao cấp, kệ điện thoại chắc chắn – Hàng chính hãng",273715011,tiki,Thiết Bị Số - Phụ Kiện Số,Phụ Kiện Điện Thoại và Máy Tính Bảng,Giá Đỡ - Chân Đế - Móc Dán,https://tiki.vn/product-p273715011.html?spid=273715066,138999,0.0,0,0,Gucase,2026-04-28 10:06:10
Bao da cho điện thoại Galaxy Z Fold4 có quai cài da bò thật,271916312,tiki,Thiết Bị Số - Phụ Kiện Số,Phụ Kiện Điện Thoại và Máy Tính Bảng,Bao Da - Ốp Lưng,https://tiki.vn/product-p271916312.html?spid=271916314,490000,0.0,0,0,IONECASE,2026-04-28 10:06:10
Ốp lưng dành cho iPhone 11 Likgus lưng nhám chống sốc tốt- hàng chính hãng,271138796,tiki,Thiết Bị Số - Phụ Kiện Số,Phụ Kiện Điện Thoại và Máy Tính Bảng,Bao Da - Ốp Lưng,https://tiki.vn/product-p271138796.html?spid=273383459,150000,0.0,0,3,Likgus,2026-04-28 10:06:10
"Ốp lưng 3D bảo vệ camera cho iPhone 12 / 12 Pro / 12 Pro Max / 13 / 13 Pro / 13 Pro Max / 14 / 14 Plus / 14 Pro / 14 Pro Max hiệu HOTCASE Laser Aurora - mặt lưng gợn sóng 3D, chống sốc, chống chịu mọi va đập, có khung bảo vệ camera - hàng nhập khẩu",263447387,tiki,Thiết Bị Số - Phụ Kiện Số,Phụ Kiện Điện Thoại và Máy Tính Bảng,Bao Da - Ốp Lưng,https://tiki.vn/product-p263447387.html?spid=263447391,99000,0.0,0,0,HOTCASE,2026-04-28 10:06:10
"Túi Đựng Phụ Kiện Điện Thoại 2 Ngăn Lớn Cải Tiến Nhiều Ngăn Chống Nước, Chống Sốc - Hàng Chính Hãng dododios",262883736,tiki,Thiết Bị Số - Phụ Kiện Số,Phụ Kiện Điện Thoại và Máy Tính Bảng,Túi Bảo Vệ - Túi Chống Nước,https://tiki.vn/product-p262883736.html?spid=262883746,97000,0.0,0,1,dododios,2026-04-28 10:06:10
Ốp lưng trong suốt cho SamSung Galaxy S23 Ultra chính hãng Memumi (phủ nano không ố màu) - Hàng chính hãng,249028636,tiki,Thiết Bị Số - Phụ Kiện Số,Phụ Kiện Điện Thoại và Máy Tính Bảng,Bao Da - Ốp Lưng,https://tiki.vn/product-p249028636.html?spid=253170427,189888,0.0,0,2,Memumi,2026-04-28 10:06:10
Cáp CHOETECH AUX005 chuyển đổi từ cổng IP ra 3.5mm  (HÀNG CHÍNH HÃNG),225959184,tiki,Thiết Bị Số - Phụ Kiện Số,Phụ Kiện Điện Thoại và Máy Tính Bảng,Dây Sạc - Dây Cáp,https://tiki.vn/product-p225959184.html?spid=225959185,130000,4.0,9,48,CHOETECH,2026-04-28 10:06:10
"Đế sạc không dây nam châm Kai Magnetic Wireless Charger dùng cho iPhone 14/ 13/ 12 Series (15W, Wireless Magnetic Quick charger) - Hàng chính hãng",217291125,tiki,Thiết Bị Số - Phụ Kiện Số,Phụ Kiện Điện Thoại và Máy Tính Bảng,Adapter - Củ Sạc,https://tiki.vn/product-p217291125.html?spid=217291126,350000,1.0,1,2,Kai Nguyễn,2026-04-28 10:06:10
Bút Cảm Ứng Wiwu Pencil Pro Max Chống Tì Tay Và Hít Nam Châm Dành Cho iPad - Hàng Chính Hãng,209562051,tiki,Thiết Bị Số - Phụ Kiện Số,Phụ Kiện Điện Thoại và Máy Tính Bảng,Bàn Phím Rời - Bút Cảm Ứng,https://tiki.vn/product-p209562051.html?spid=262456660,650000,0.0,0,0,WIWU,2026-04-28 10:06:10
Dây đeo điện thoại RINGKE Holder Link Strap - Hàng Chính Hãng,209307301,tiki,Thiết Bị Số - Phụ Kiện Số,Phụ Kiện Điện Thoại và Máy Tính Bảng,Dây Đeo và Phụ Kiện Trang Trí,https://tiki.vn/product-p209307301.html?spid=209307303,450000,4.6,12,102,Ringke,2026-04-28 10:06:10
"Miếng dán màn hình kính cường lực cho iPad Gen 10 10.9inch 2022 hiệu Pro Glass (mỏng 0.2 mm, vát cạnh 2.5D, chống trầy, chống va đập) - Hàng nhập khẩu",208189191,tiki,Thiết Bị Số - Phụ Kiện Số,Phụ Kiện Điện Thoại và Máy Tính Bảng,Miếng dán màn hình,https://tiki.vn/product-p208189191.html?spid=210154499,164998,0.0,0,6,Pro Glass,2026-04-28 10:06:10
Miếng dán cường lực cho Samsung Galaxy A03 Full màn hình - hàng nhập khẩu,184704261,tiki,Thiết Bị Số - Phụ Kiện Số,Phụ Kiện Điện Thoại và Máy Tính Bảng,Miếng dán màn hình,https://tiki.vn/product-p184704261.html?spid=197405858,60388,5.0,1,5,GREENCASE,2026-04-28 10:06:10
Ốp lưng silicone dành cho điện thoại Iphone 13 6.1 inch Màu Navy Blue Ugreen 80674 hàng chính hãng,184068493,tiki,Thiết Bị Số - Phụ Kiện Số,Phụ Kiện Điện Thoại và Máy Tính Bảng,Bao Da - Ốp Lưng,https://tiki.vn/product-p184068493.html?spid=184068494,255000,0.0,0,2,UGREEN,2026-04-28 10:06:10
"Ốp lưng trong suốt Likgus chống sốc không ố màu dành cho Samsung Galaxy S22, S22Plus/ S22 Ultra ( hàng chính hãng)",167208123,tiki,Thiết Bị Số - Phụ Kiện Số,Phụ Kiện Điện Thoại và Máy Tính Bảng,Bao Da - Ốp Lưng,https://tiki.vn/product-p167208123.html?spid=191365786,89000,0.0,0,8,Likgus,2026-04-28 10:06:10
Ốp lưng Likgus trong suốt chống sốc không ố màu dành cho Samsung Galaxy S22Plus/ S22 Ultra ( hàng chính hãng),165947049,tiki,Thiết Bị Số - Phụ Kiện Số,Phụ Kiện Điện Thoại và Máy Tính Bảng,Bao Da - Ốp Lưng,https://tiki.vn/product-p165947049.html?spid=191365735,89000,5.0,1,7,Likgus,2026-04-28 10:06:10
Vỉ 2 Viên Pin Sạc AAA Eneloop BK4MCCE Made In Japan - Chính Hãng,38089568,tiki,Thiết Bị Số - Phụ Kiện Số,Phụ Kiện Điện Thoại và Máy Tính Bảng,Linh Kiện Thay Thế,https://tiki.vn/product-p38089568.html?spid=250518244,222000,5.0,4,32,Panasonic,2026-04-28 10:06:10
SIM 4G MAY V77 Gồm 90GB/Tháng + 43.000 Phút Gọi Miễn Phí - Chính Hãng - Mẫu ngẫu nhiên,28912009,tiki,Thiết Bị Số - Phụ Kiện Số,Phụ Kiện Điện Thoại và Máy Tính Bảng,SIM Điện Thoại,https://tiki.vn/product-p28912009.html?spid=77029659,150000,4.6,59,196,Viettel,2026-04-28 10:06:10
"Bao da cho Samsung Galaxy Tab A11 (8.7"")/Tab A11 Plus 11"" 2025 Zaki Basic Cover - Hàng Chính Hãng",279224371,tiki,Thiết Bị Số - Phụ Kiện Số,Phụ Kiện Điện Thoại và Máy Tính Bảng,Bao Da - Ốp Lưng,https://tiki.vn/product-p279224371.html?spid=279224376,310000,0.0,0,1,ZAKI,2026-04-28 10:06:10
Ốp Lưng Kèm Bút Cho Samsung Galaxy S25 Ultra Nhựa Cứng - BUM STORE GALAXY CASE,279171156,tiki,Thiết Bị Số - Phụ Kiện Số,Phụ Kiện Điện Thoại và Máy Tính Bảng,Bao Da - Ốp Lưng,https://tiki.vn/product-p279171156.html?spid=279171160,229000,0.0,0,0,OEM,2026-04-28 10:06:10
[Hỗ trợ Esim] Sim đẹp Mobifone Đầu 09 GIữ 388 Thần Tài Siêu Đẹp,279133963,tiki,Thiết Bị Số - Phụ Kiện Số,Phụ Kiện Điện Thoại và Máy Tính Bảng,SIM Điện Thoại,https://tiki.vn/product-p279133963.html?spid=279133965,349000,0.0,0,0,Mobifone,2026-04-28 10:06:10
Sim Đẹp Mobifone Đầu Cổ 09 Đuôi 99 Siêu Đẹp,279082836,tiki,Thiết Bị Số - Phụ Kiện Số,Phụ Kiện Điện Thoại và Máy Tính Bảng,SIM Điện Thoại,https://tiki.vn/product-p279082836.html?spid=279082850,299000,0.0,0,0,Mobifone,2026-04-28 10:06:10
Sạc dự phòng Cuktech Power Bank Built-In Cable 1USB 1Type-C 40W 20000mAh CP24 LPB200NL - Hàng chính hãng,279076658,tiki,Thiết Bị Số - Phụ Kiện Số,Phụ Kiện Điện Thoại và Máy Tính Bảng,Pin Sạc Dự Phòng,https://tiki.vn/product-p279076658.html?spid=279076662,949000,0.0,0,0,Cuktech,2026-04-28 10:06:10
Giá đỡ điện thoại cho xe máy hợp kim nhôm gắn chân gương cả bên trái và bên phải chắc chắn xoay 360 độ chống giật trộm hàng chính hãng mailee,279064676,tiki,Thiết Bị Số - Phụ Kiện Số,Phụ Kiện Điện Thoại và Máy Tính Bảng,Giá Đỡ - Chân Đế - Móc Dán,https://tiki.vn/product-p279064676.html?spid=279097439,79000,0.0,0,2,Mai Lee,2026-04-28 10:06:10
Sim đẹp Mobifone Chọn Lọc Phong Thủy Hỗ trợ Esim Đăng Ký Chính chủ,278990642,tiki,Thiết Bị Số - Phụ Kiện Số,Phụ Kiện Điện Thoại và Máy Tính Bảng,SIM Điện Thoại,https://tiki.vn/product-p278990642.html?spid=278990644,299000,0.0,0,0,Mobifone,2026-04-28 10:06:10
"Sim đẹp Đầu Số cổ 09099, Phong Thủy Dễ Nhớ Làm Ăn Thuận Lợi Tặng Gói 6GB Data/Ngày Thoải Mái Nghe Gọi",278953473,tiki,Thiết Bị Số - Phụ Kiện Số,Phụ Kiện Điện Thoại và Máy Tính Bảng,SIM Điện Thoại,https://tiki.vn/product-p278953473.html?spid=278954732,299000,0.0,0,0,Mobifone,2026-04-28 10:06:10
"Sim Mobifone Đại Lộc Phát, Chọn Lọc Sẵn Dễ Nhớ Tặng Kèm Gói Khuyến Mãi 6GB Data/Ngày Nghe Gọi MAX",278943413,tiki,Thiết Bị Số - Phụ Kiện Số,Phụ Kiện Điện Thoại và Máy Tính Bảng,SIM Điện Thoại,https://tiki.vn/product-p278943413.html?spid=278943415,299000,0.0,0,0,Mobifone,2026-04-28 10:06:10
Ốp lưng sợi carbon PITAKA Ultra-Slim Case (PitaTap) cho IP 17 Pro Max / 17 Pro/ 17 Air siêu mỏng nhẹ_ Hàng chính hãng,278898117,tiki,Thiết Bị Số - Phụ Kiện Số,Phụ Kiện Điện Thoại và Máy Tính Bảng,Bao Da - Ốp Lưng,https://tiki.vn/product-p278898117.html?spid=278898131,1890000,0.0,0,0,ESR,2026-04-28 10:06:10
"Phụ Kiện Trang Trí Bình Nước, Túi Xách LocknLock TLL078 TLL079 - Hàng Chính Hãng - JoyMall",278832446,tiki,Thiết Bị Số - Phụ Kiện Số,Phụ Kiện Điện Thoại và Máy Tính Bảng,Hộp Đựng - Túi Đựng Phụ Kiện,https://tiki.vn/product-p278832446.html?spid=278832498,68400,0.0,0,0,LocknLock,2026-04-28 10:06:10
Bao Case cho Airpods Pro 3 UNIQ Glase Pro Ultra Clear Snap Closure Case - Hàng Chính Hãng,278808892,tiki,Thiết Bị Số - Phụ Kiện Số,Phụ Kiện Điện Thoại và Máy Tính Bảng,Hộp Đựng - Túi Đựng Phụ Kiện,https://tiki.vn/product-p278808892.html?spid=278809351,399000,0.0,0,0,UNIQ,2026-04-28 10:06:10
"[Iphone 17] Ốp Lưng Chống Sốc 3 Lớp, Sạc Từ Tính cho Iphone 17 Pro/ 17 Pro max COMBAT, Chống Ố Vàng_ Hàng chính hãng",278692507,tiki,Thiết Bị Số - Phụ Kiện Số,Phụ Kiện Điện Thoại và Máy Tính Bảng,Bao Da - Ốp Lưng,https://tiki.vn/product-p278692507.html?spid=278692523,750000,0.0,0,0,MIPOW,2026-04-28 10:06:10
Ốp lưng trong siêu mỏng Memumi Slim Case Magnetic cho IPhone 17 Pro Max Air 16 Plus 15 14 13 Bảo hành ố vàng trọn đờ,278641154,tiki,Thiết Bị Số - Phụ Kiện Số,Phụ Kiện Điện Thoại và Máy Tính Bảng,Bao Da - Ốp Lưng,https://tiki.vn/product-p278641154.html?spid=278641156,120000,0.0,0,0,OEM,2026-04-28 10:06:10
"Ốp Lưng Cứng Trong Siêu Mỏng Memumi Chống Ố Vàng cho iPhone 17 Pro Max 16 Pro Max , 15 Plus  ,11 , 12 ,13 ,14",278629269,tiki,Thiết Bị Số - Phụ Kiện Số,Phụ Kiện Điện Thoại và Máy Tính Bảng,Bao Da - Ốp Lưng,https://tiki.vn/product-p278629269.html?spid=278629271,125000,0.0,0,0,OEM,2026-04-28 10:06:10
"Ốp lưng sạc từ tính dành cho iPhone 17 Pro max/ 17 Pro/ 17 Air/ Iphone 17 Dux Ducis Yind Series, Chống Vân tay_ Hàng chính hãng",278591878,tiki,Thiết Bị Số - Phụ Kiện Số,Phụ Kiện Điện Thoại và Máy Tính Bảng,Bao Da - Ốp Lưng,https://tiki.vn/product-p278591878.html?spid=278591882,249000,0.0,0,0,Dux Ducis,2026-04-28 10:06:10
"Bao da dạng ví cho iPhone 14 Pro Max, 14 Pro, 14 Plus, 14, 13 Pro Max, 13 Pro, 11 Pro Max, 11 Pro, iPhone 11hãng Forwenw - Hàng chính hãng",278514498,tiki,Thiết Bị Số - Phụ Kiện Số,Phụ Kiện Điện Thoại và Máy Tính Bảng,Bao Da - Ốp Lưng,https://tiki.vn/product-p278514498.html?spid=278519876,165000,0.0,0,0,GREENCASE,2026-04-28 10:06:10
Ốp Lưng Da Cho Samsung Galaxy S25 Ultra / S24 Ultra / S23 Ultra Nhựa Cứng Hở Cạnh - BUM STORE GALAXY CASE,278227498,tiki,Thiết Bị Số - Phụ Kiện Số,Phụ Kiện Điện Thoại và Máy Tính Bảng,Bao Da - Ốp Lưng,https://tiki.vn/product-p278227498.html?spid=278227500,157000,0.0,0,0,OEM,2026-04-28 10:06:10
"Ốp lưng silicon case cho iPhone 13 Mini chống bám bẩn mặt lưng siêu mềm mịn, có gờ bảo vệ camera - hàng nhập khẩu",278015671,tiki,Thiết Bị Số - Phụ Kiện Số,Phụ Kiện Điện Thoại và Máy Tính Bảng,Bao Da - Ốp Lưng,https://tiki.vn/product-p278015671.html?spid=278030197,80000,0.0,0,3,GREENCASE,2026-04-28 10:06:10
Cáp USB Type-C to USB Type-C Anker PowerLine III Flow 0.9m A8552/1.8m A8553 - Hàng chính hãng,277364891,tiki,Thiết Bị Số - Phụ Kiện Số,Phụ Kiện Điện Thoại và Máy Tính Bảng,Dây Sạc - Dây Cáp,https://tiki.vn/product-p277364891.html?spid=277364924,220000,0.0,0,6,ANKER,2026-04-28 10:06:10
Ốp Lưng cho Galaxy S25 Ultra/ S25 Plus/ S25/ Galaxy S26 Ultra/ S26 Plus/ S26 Trong Suốt Chống Ố Vàng Sạc Từ Tính DUX DUCIS Clin Mag Series_ Hàng Chính Hãng,277012373,tiki,Thiết Bị Số - Phụ Kiện Số,Phụ Kiện Điện Thoại và Máy Tính Bảng,Bao Da - Ốp Lưng,https://tiki.vn/product-p277012373.html?spid=277012379,350000,0.0,0,0,Dux Ducis,2026-04-28 10:06:10
"Bao Da Cho Samsung Galaxy Tab S11 , Tab S10 Plus , Tab S10 FE , S10 FE Plus , S9 Fe Chính Hãng Dux Ducis Domo Có Khay Đựng Bút Tiện Lợi- Hàng nhập khẩu",276581386,tiki,Thiết Bị Số - Phụ Kiện Số,Phụ Kiện Điện Thoại và Máy Tính Bảng,Bao Da - Ốp Lưng,https://tiki.vn/product-p276581386.html?spid=277807736,300000,4.0,3,8,Dux Duics,2026-04-28 10:06:10
Ốp lưng dành cho iPhone 16 Pro Max / 16 Pro / 16 Plus / 16 RINGKE Onyx Magnetic - Hàng Chính Hãng,276481202,tiki,Thiết Bị Số - Phụ Kiện Số,Phụ Kiện Điện Thoại và Máy Tính Bảng,Bao Da - Ốp Lưng,https://tiki.vn/product-p276481202.html?spid=276481206,450000,0.0,0,0,Ringke,2026-04-28 10:06:10
"Ốp lưng dành cho iPhone 16 Pro, iPhone 16 Pro Max hiệu MEMUMI hỗ trợ sạc không dây siêu mỏng 0.3mm cao cấp - Hàng chính hãng",276267588,tiki,Thiết Bị Số - Phụ Kiện Số,Phụ Kiện Điện Thoại và Máy Tính Bảng,Bao Da - Ốp Lưng,https://tiki.vn/product-p276267588.html?spid=276267590,240000,0.0,0,1,GREENCASE,2026-04-28 10:06:10
[iPad Air 6 M2] Bao da dành cho iPad Air 6 M2-11 inch 2024. iPad Air 6 M2 - 13 inch 2024 chính hãng KAKU Cao Cấp - Hàng Chính Hãng,275551249,tiki,Thiết Bị Số - Phụ Kiện Số,Phụ Kiện Điện Thoại và Máy Tính Bảng,Bao Da - Ốp Lưng,https://tiki.vn/product-p275551249.html?spid=275551253,160000,0.0,0,0,Kaku,2026-04-28 10:06:10
Bộ pin sạc dự phòng 25000mAh/20000mAh 145W/100W UGREEN | Cổng sạc nhanh USB-C | 3 cổng | Màn hình kỹ thuật số | Hàng chính hãng - Bảo hành 18 tháng 1 đổi 1 | 90597A 25188,274368671,tiki,Thiết Bị Số - Phụ Kiện Số,Phụ Kiện Điện Thoại và Máy Tính Bảng,Pin Sạc Dự Phòng,https://tiki.vn/product-p274368671.html?spid=275288012,1590000,0.0,0,2,UGREEN,2026-04-28 10:06:10
"Bao da rút IONECASE cho điện thoại 15 Pro Max, 14 Pro Max, 13 Pro Max..Da Bò Thật mẫu 5",273176769,tiki,Thiết Bị Số - Phụ Kiện Số,Phụ Kiện Điện Thoại và Máy Tính Bảng,Bao Da - Ốp Lưng,https://tiki.vn/product-p273176769.html?spid=275597530,249000,0.0,0,0,IONECASE,2026-04-28 10:06:10
Bao da đựng điện thoại cao cấp sang trọng,273019945,tiki,Thiết Bị Số - Phụ Kiện Số,Phụ Kiện Điện Thoại và Máy Tính Bảng,Bao Da - Ốp Lưng,https://tiki.vn/product-p273019945.html?spid=273019947,279000,5.0,1,4,OEM,2026-04-28 10:06:10
"[Made in Japan] Dán màn hình Paperlike Gen 2 Kai.N Chống vân tay, chống chói Vẽ như trên giấy thật cho Ipad (đủ loại)_ Hàng chính hãng",271295359,tiki,Thiết Bị Số - Phụ Kiện Số,Phụ Kiện Điện Thoại và Máy Tính Bảng,Miếng dán màn hình,https://tiki.vn/product-p271295359.html?spid=271295361,59000,4.5,5,48,Kai Nguyễn,2026-04-28 10:06:10
"Ốp lưng silicon trong suốt cho iPhone 14 / 14 Plus / 14 Pro / 14 Pro Max hiệu WiWU Concise Series ZCC-108 siêu mỏng 1.5mm độ trong tuyệt đối, chống trầy xước, tản nhiệt tốt - Hàng nhập khẩu",270758903,tiki,Thiết Bị Số - Phụ Kiện Số,Phụ Kiện Điện Thoại và Máy Tính Bảng,Bao Da - Ốp Lưng,https://tiki.vn/product-p270758903.html?spid=271361779,98999,0.0,0,1,WIWU,2026-04-28 10:06:10
"Ốp lưng chống sốc cho Samsung Galaxy S23 S22 S21 S20 Note 20 Note 10 hiệu HOTCASE Xundd Fitted Armor Case trang bị túi khí bảo vệ góc, gờ bảo vệ camera - Hàng nhập khẩu",270510649,tiki,Thiết Bị Số - Phụ Kiện Số,Phụ Kiện Điện Thoại và Máy Tính Bảng,Bao Da - Ốp Lưng,https://tiki.vn/product-p270510649.html?spid=270510651,149000,0.0,0,1,HOTCASE,2026-04-28 10:06:10
"Ốp lưng Nillkin dạng sần cho iPhone 14 pro, 14 Promax,14, 13 Promax Full Modem - Hàng Chính Hãng",242073179,tiki,Thiết Bị Số - Phụ Kiện Số,Phụ Kiện Điện Thoại và Máy Tính Bảng,Bao Da - Ốp Lưng,https://tiki.vn/product-p242073179.html?spid=272796038,145000,0.0,0,1,Nillkin,2026-04-28 10:06:10
Miếng Dán Cường Lực MIPOW KINGBULL Chống Nhìn Trộm Dành Cho iPhone 14 ProMax / 14 Pro / 14 Plus / 14 - Hàng Chính Hãng,197165208,tiki,Thiết Bị Số - Phụ Kiện Số,Phụ Kiện Điện Thoại và Máy Tính Bảng,Miếng dán màn hình,https://tiki.vn/product-p197165208.html?spid=197165239,350000,0.0,0,8,MIPOW,2026-04-28 10:06:10
Ốp Lưng Da Sulada  cho Điện Thoại Iphone ( Full Modem ) - Hàng Chính Hãng,176588567,tiki,Thiết Bị Số - Phụ Kiện Số,Phụ Kiện Điện Thoại và Máy Tính Bảng,Bao Da - Ốp Lưng,https://tiki.vn/product-p176588567.html?spid=204535343,98999,0.0,0,12,sulada,2026-04-28 10:06:10
Sạc nhanh Mophie Power Delivery 30W USB-C GaN - Hàng chính hãng,141680413,tiki,Thiết Bị Số - Phụ Kiện Số,Phụ Kiện Điện Thoại và Máy Tính Bảng,Adapter - Củ Sạc,https://tiki.vn/product-p141680413.html?spid=141680429,690000,4.7,3,7,Mophie,2026-04-28 10:06:10
Combo RAVPower Củ Sạc Điện Thoại USB Type-C 61W RP-PC105 + Dây Cáp Sạc Type C to Type C RP-CB047 - Hàng Chính Hãng,71956828,tiki,Thiết Bị Số - Phụ Kiện Số,Phụ Kiện Điện Thoại và Máy Tính Bảng,Adapter - Củ Sạc,https://tiki.vn/product-p71956828.html?spid=71956829,370000,4.8,31,123,RAVPower,2026-04-28 10:06:10
Hộp/ Túi đựng sạc và phụ kiện Macbook Lucas - Hàng chính hãng,68579717,tiki,Thiết Bị Số - Phụ Kiện Số,Phụ Kiện Điện Thoại và Máy Tính Bảng,Hộp Đựng - Túi Đựng Phụ Kiện,https://tiki.vn/product-p68579717.html?spid=273054059,100000,0.0,0,3,Lucas,2026-04-28 10:06:10
BAO DA CẦM TAY IPHONE SE 2020 - CHÍNH HÃNG KHACTEN.COM,54345390,tiki,Thiết Bị Số - Phụ Kiện Số,Phụ Kiện Điện Thoại và Máy Tính Bảng,Bao Da - Ốp Lưng,https://tiki.vn/product-p54345390.html?spid=54345396,750000,5.0,1,1,Khacten.com,2026-04-28 10:06:10
"Bộ 2 Dây cáp sạc nhanh 2 in 1 Type-C và Micro USB dài 120CM hiệu CHOETECH MIX00021 (sạc nhanh 3A, sạc nhiều thiết bị, chip sạc thông minh, 1 dây lò xo & 1 dây thẳng) - Hàng chính hãng",43888981,tiki,Thiết Bị Số - Phụ Kiện Số,Phụ Kiện Điện Thoại và Máy Tính Bảng,Dây Sạc - Dây Cáp,https://tiki.vn/product-p43888981.html?spid=43888983,169000,5.0,5,18,CHOETECH,2026-04-28 10:06:10
Bao da iPad Pro 12.9 2018 chính hãng Mutural,16388064,tiki,Thiết Bị Số - Phụ Kiện Số,Phụ Kiện Điện Thoại và Máy Tính Bảng,Bao Da - Ốp Lưng,https://tiki.vn/product-p16388064.html?spid=90693716,380000,0.0,0,1,Mutural,2026-04-28 10:06:10
Bao da iPad 10.2 inch 2020 ( iPad Gen 8 ) chính hãng Mutural kèm khay đựng bút,278930315,tiki,Thiết Bị Số - Phụ Kiện Số,Phụ Kiện Điện Thoại và Máy Tính Bảng,Bao Da - Ốp Lưng,https://tiki.vn/product-p278930315.html?spid=90115498,275000,4.8,8,31,Mutural,2026-04-28 10:06:10
"[Iphone 17] Ốp Lưng Mỏng Nhẹ Sạc Từ Tính cho Iphone 17 Pro/ 17 Pro max UNIQ LIFEPRO XTREME, Chống Ố Vàng_ Hàng chính hãng",278697178,tiki,Thiết Bị Số - Phụ Kiện Số,Phụ Kiện Điện Thoại và Máy Tính Bảng,Bao Da - Ốp Lưng,https://tiki.vn/product-p278697178.html?spid=278697188,380000,0.0,0,0,MIPOW,2026-04-28 10:06:10
"Bao Da Bàn Phím WIWU Combo Pro 3in1 MK-007 Keyboard cho IPad Gen 11 A16 ,10 2022,pro 11 inch M4, Air 4,5,6 M2 2024 - Hàng chính hãng",278586232,tiki,Thiết Bị Số - Phụ Kiện Số,Phụ Kiện Điện Thoại và Máy Tính Bảng,Bàn Phím Rời - Bút Cảm Ứng,https://tiki.vn/product-p278586232.html?spid=278586255,1390000,0.0,0,0,Likgus,2026-04-28 10:06:10
Ốp Lưng Wi wu MIRROR MCC-701 Trong Suốt Dành Cho  iPhone 17/iPhone Air /iPhone 17 Pro /iPhone 17 Pro Max – Hỗ Trợ Sạc Từ Tính - Hàng Chính Hãng,278519649,tiki,Thiết Bị Số - Phụ Kiện Số,Phụ Kiện Điện Thoại và Máy Tính Bảng,Bao Da - Ốp Lưng,https://tiki.vn/product-p278519649.html?spid=278519738,270000,0.0,0,0,CA,2026-04-28 10:06:10
"Bao da dạng ví cho Oppo A58/ A78/ A98 hiệu Hanman, DaDa có quai cài có ngăn để thẻ ATM và để tiền, bao da may viền - Hàng nhập khẩu",277995675,tiki,Thiết Bị Số - Phụ Kiện Số,Phụ Kiện Điện Thoại và Máy Tính Bảng,Bao Da - Ốp Lưng,https://tiki.vn/product-p277995675.html?spid=277995705,158888,0.0,0,0,Gucase,2026-04-28 10:06:10
"Túi Chống Nước OUBALA Super Air – Chống Nước Siêu Việt, Siêu Bền, Chịu Nhiệt Cực Tốt - Hàng Chính Hãng",277884340,tiki,Thiết Bị Số - Phụ Kiện Số,Phụ Kiện Điện Thoại và Máy Tính Bảng,Túi Bảo Vệ - Túi Chống Nước,https://tiki.vn/product-p277884340.html?spid=277884346,149000,0.0,0,0,CA,2026-04-28 10:06:10
Bao da vải Mutural dành cho ipad A16 Gen 11 2025 - Hàng chính hãng,277811661,tiki,Thiết Bị Số - Phụ Kiện Số,Phụ Kiện Điện Thoại và Máy Tính Bảng,Bao Da - Ốp Lưng,https://tiki.vn/product-p277811661.html?spid=277811665,349000,5.0,1,1,Likgus,2026-04-28 10:06:10
"Hộp Đựng Tai Nghe, Cáp Sạc, Pin Sạc Dự Phòng, Ổ Cứng giúp bảo vệ phụ kiện di động / laptop 19x10x4cm - Hàng chính hãng",277436147,tiki,Thiết Bị Số - Phụ Kiện Số,Phụ Kiện Điện Thoại và Máy Tính Bảng,Hộp Đựng - Túi Đựng Phụ Kiện,https://tiki.vn/product-p277436147.html?spid=277436148,160000,0.0,0,2,LuckyJQR,2026-04-28 10:06:10
Củ Sạc Adapter Type C PD 25W Samsung EP-TA800N - Màu Ngẫu Nhiên - Hàng Chính Hãng,276835347,tiki,Thiết Bị Số - Phụ Kiện Số,Phụ Kiện Điện Thoại và Máy Tính Bảng,Adapter - Củ Sạc,https://tiki.vn/product-p276835347.html?spid=276835348,168000,5.0,1,6,Samsung,2026-04-28 10:06:10
"Gậy quay video MP19s thông minh,chụp ảnh, livestream, kim loại bền bỉ, gimbal 360 dõi theo, nâng cấp, hàng chính hãng",276801920,tiki,Thiết Bị Số - Phụ Kiện Số,Phụ Kiện Điện Thoại và Máy Tính Bảng,Phụ Kiện Chụp Hình,https://tiki.vn/product-p276801920.html?spid=276801930,1099000,4.8,35,18,HIGH TECH GATE,2026-04-28 10:06:10
Cáp sạc và truyền dữ liệu USB chân Type-C ngắn - 20cm - Hàng chính hãng QUATECH,276580490,tiki,Thiết Bị Số - Phụ Kiện Số,Phụ Kiện Điện Thoại và Máy Tính Bảng,Dây Sạc - Dây Cáp,https://tiki.vn/product-p276580490.html?spid=276580491,29000,0.0,0,1,QUATECH,2026-04-28 10:06:10
Ốp lưng cho iPhone 16 Pro Max / 16 Pro RINGKE Rugged Gear - Hàng Chính Hãng,276441207,tiki,Thiết Bị Số - Phụ Kiện Số,Phụ Kiện Điện Thoại và Máy Tính Bảng,Bao Da - Ốp Lưng,https://tiki.vn/product-p276441207.html?spid=276441234,330000,0.0,0,3,Ringke,2026-04-28 10:06:10
"Bao da cao cấp dành cho Samsung A13, Samsung A33, Samsung A53, Samsung A73 dạng ví Caseme - Hàng Nhập Khẩu",276332812,tiki,Thiết Bị Số - Phụ Kiện Số,Phụ Kiện Điện Thoại và Máy Tính Bảng,Bao Da - Ốp Lưng,https://tiki.vn/product-p276332812.html?spid=276332849,159000,0.0,0,1,CA,2026-04-28 10:06:10
"Ốp lưng chống sốc cho iPhone hiệu Likgus Crashproof - Thiết kế trong suốt, chống ố, giúp chống chịu mọi va đập - hàng nhập khẩu",276331201,tiki,Thiết Bị Số - Phụ Kiện Số,Phụ Kiện Điện Thoại và Máy Tính Bảng,Bao Da - Ốp Lưng,https://tiki.vn/product-p276331201.html?spid=276331205,95000,4.0,1,1,GREENCASE,2026-04-28 10:06:10
"Ốp Lưng Trong Suốt cho iphone 17 series/ iPhone 16 Pro/ 16 Pro Max/ 16/ 16 Plus MIPOW TRANSPARENT CASE, chống ố vàng, mặt lưng kính_ Hàng chính hãng",276168073,tiki,Thiết Bị Số - Phụ Kiện Số,Phụ Kiện Điện Thoại và Máy Tính Bảng,Bao Da - Ốp Lưng,https://tiki.vn/product-p276168073.html?spid=276168330,340000,0.0,0,1,MIPOW,2026-04-28 10:06:10
"Túi Vải Đựng Phụ Kiện Công Nghệ Du Lịch ( Cho Cáp Sạc Di Động, Sạc Dự Phòng, Điện Thoại, Tai Nghe, Thẻ Nhớ ...) Chống Nước - Hàng Chính Hãng",276089609,tiki,Thiết Bị Số - Phụ Kiện Số,Phụ Kiện Điện Thoại và Máy Tính Bảng,Hộp Đựng - Túi Đựng Phụ Kiện,https://tiki.vn/product-p276089609.html?spid=276089613,118703,3.0,2,7,PaKaSa,2026-04-28 10:06:10
"Ốp lưng dẻo silicon trong suốt mỏng 0.6mm cho Samsung A37 , A57 , A17 , A07 , A56 , A26 , A16 A36 A06 A55 A35 A25 A15 A05 A05s  hiệu ultra Thin - Hàng nhập khẩu",275654595,tiki,Thiết Bị Số - Phụ Kiện Số,Phụ Kiện Điện Thoại và Máy Tính Bảng,Bao Da - Ốp Lưng,https://tiki.vn/product-p275654595.html?spid=275654603,35000,0.0,0,1,Ultra Thin,2026-04-28 10:06:10
Ốp Case PC Chống Sốc bảo vệ cho Samsung Galaxy Buds 2/ Buds 2 Pro/ Buds Pro/ Buds Live/ Buds FE Kèm móc treo Kai_ Hàng Chính Hãng,275426283,tiki,Thiết Bị Số - Phụ Kiện Số,Phụ Kiện Điện Thoại và Máy Tính Bảng,Hộp Đựng - Túi Đựng Phụ Kiện,https://tiki.vn/product-p275426283.html?spid=275426285,79000,0.0,0,2,Kai Nguyễn,2026-04-28 10:06:10
"Bao da gập dành cho Samsung Galaxy Tab S10 FE , S10 Lite , Tab S9 Fe hãng Kakusiga - Hàng nhập khẩu",275251166,tiki,Thiết Bị Số - Phụ Kiện Số,Phụ Kiện Điện Thoại và Máy Tính Bảng,Bao Da - Ốp Lưng,https://tiki.vn/product-p275251166.html?spid=275251172,149000,0.0,0,1,Kaku,2026-04-28 10:06:10
SIM 4G NHẬT BẢN - GÓI CỐ ĐỊNH (HÀNG CHÍNH HÃNG),275197319,tiki,Thiết Bị Số - Phụ Kiện Số,Phụ Kiện Điện Thoại và Máy Tính Bảng,SIM Điện Thoại,https://tiki.vn/product-p275197319.html?spid=275197321,319000,0.0,0,1,GlobalSIM,2026-04-28 10:06:10
Ốp lưng cho Sony Xperia 1/1 Mark3/1 Mark 4/ 1 Mark5/ 5 Mark2/ 5 Mark3/ 5 Mark 4/Mark5 TexNylon lưng vải chống trơn trượt - Hàng chính hãng,275096408,tiki,Thiết Bị Số - Phụ Kiện Số,Phụ Kiện Điện Thoại và Máy Tính Bảng,Bao Da - Ốp Lưng,https://tiki.vn/product-p275096408.html?spid=275096447,100000,5.0,2,9,GREENCASE,2026-04-28 10:06:10
"Ốp lưng cho iPhone 15 Pro Max, 15 Pro, 15 Plus, 15 ốp chống sốc, nhám mờ hiệu Likgus - Hàng nhập khẩu",274580247,tiki,Thiết Bị Số - Phụ Kiện Số,Phụ Kiện Điện Thoại và Máy Tính Bảng,Bao Da - Ốp Lưng,https://tiki.vn/product-p274580247.html?spid=274580249,168000,4.5,2,5,Likgus,2026-04-28 10:06:10
Ốp lưng cho iPhone 15 Pro Max Spigen Ultra Hybrid Zero One Magfit - Hàng chính hãng,274526068,tiki,Thiết Bị Số - Phụ Kiện Số,Phụ Kiện Điện Thoại và Máy Tính Bảng,Bao Da - Ốp Lưng,https://tiki.vn/product-p274526068.html?spid=274526074,1380000,0.0,0,0,Spigen,2026-04-28 10:06:10
"Ốp nhám chống sốc cho Samsung Galaxy S25 Ultra , S25 Plus , S24 Ultra , S24 Plus hiệu Likgus Fosted Transparent chống bẩn và vân tay - Hàng nhập khẩu",274132511,tiki,Thiết Bị Số - Phụ Kiện Số,Phụ Kiện Điện Thoại và Máy Tính Bảng,Bao Da - Ốp Lưng,https://tiki.vn/product-p274132511.html?spid=274132521,136000,0.0,0,4,Likgus,2026-04-28 10:06:10
"Ốp lưng PC trong suốt cho iPhone 15 13 12 11 Pro max 14 15 16 Plus hiệu X-Level Sparkling - lưng PC chống ố vàng, viền TPU chống sốc, ốp lưng trong suốt, gờ bảo vệ camera, siêu mỏng 0.88mm - Hàng nhập khẩu",273648962,tiki,Thiết Bị Số - Phụ Kiện Số,Phụ Kiện Điện Thoại và Máy Tính Bảng,Bao Da - Ốp Lưng,https://tiki.vn/product-p273648962.html?spid=273648970,129000,5.0,2,16,x-level,2026-04-28 10:06:10
"Bao Da Thông Minh Dành Cho SamSung Galaxy Tab S9 Fe Plus Chính Hãng Onjess - Case Lưng mềm , chống va đập, gấp chữ Y dựng đứng và Ngang, Hỗ trợ đóng ngắt màn hình - hàng nhập khẩu",273541359,tiki,Thiết Bị Số - Phụ Kiện Số,Phụ Kiện Điện Thoại và Máy Tính Bảng,Bao Da - Ốp Lưng,https://tiki.vn/product-p273541359.html?spid=273541371,130000,0.0,0,1,Onjess,2026-04-28 10:06:10
Ốp lưng siêu mỏng cho 15 Pro/ 15 Pro Max hiệu Memumi – Hàng chính hãng,273371246,tiki,Thiết Bị Số - Phụ Kiện Số,Phụ Kiện Điện Thoại và Máy Tính Bảng,Bao Da - Ốp Lưng,https://tiki.vn/product-p273371246.html?spid=273371250,129000,4.0,1,8,Memumi,2026-04-28 10:06:10
Pin sạc dự phòng Xiaomi 10000mAh 22.5W Pocket có kèm cáp sạc - Hàng Nhập Khẩu,273119888,tiki,Thiết Bị Số - Phụ Kiện Số,Phụ Kiện Điện Thoại và Máy Tính Bảng,Pin Sạc Dự Phòng,https://tiki.vn/product-p273119888.html?spid=273119892,590000,5.0,1,3,Xiaomi,2026-04-28 10:06:10
"Ốp lưng chống sốc cho iPhone 13 / 13 Pro / 13 Pro Max hiệu Xundd Fitted Armor Case trang bị túi khí bảo vệ góc, gờ bảo vệ camera - Hàng nhập khẩu",263033662,tiki,Thiết Bị Số - Phụ Kiện Số,Phụ Kiện Điện Thoại và Máy Tính Bảng,Bao Da - Ốp Lưng,https://tiki.vn/product-p263033662.html?spid=263033664,139000,0.0,0,1,Xundd,2026-04-28 10:06:10
"Ốp lưng chống sốc vân kim loại cho Xiaomi Mi 11 5G hiệu Likgus (bảo vệ toàn diện, chống va đập) - hàng nhập khẩu",207500178,tiki,Thiết Bị Số - Phụ Kiện Số,Phụ Kiện Điện Thoại và Máy Tính Bảng,Bao Da - Ốp Lưng,https://tiki.vn/product-p207500178.html?spid=207500179,89000,0.0,0,5,Likgus,2026-04-28 10:06:10
Ốp Lưng Dành Cho Iphone 14 Promax/ 14 Pro/ Iphone 14 Twinkle_ Hàng Chính Hãng,205113601,tiki,Thiết Bị Số - Phụ Kiện Số,Phụ Kiện Điện Thoại và Máy Tính Bảng,Bao Da - Ốp Lưng,https://tiki.vn/product-p205113601.html?spid=205113605,129000,3.0,2,5,Kai Nguyễn,2026-04-28 10:06:10
"Ốp Lưng ESR Classic Kickstand, Tặng Kèm Kính Dán Cường Lưc Dành Cho iPhone 14 PRO MAX / 14 PRO / 14 PLUS / 14 - HÀNG CHÍNH HÃNG",201933013,tiki,Thiết Bị Số - Phụ Kiện Số,Phụ Kiện Điện Thoại và Máy Tính Bảng,Bao Da - Ốp Lưng,https://tiki.vn/product-p201933013.html?spid=201933017,404000,0.0,0,1,ESR,2026-04-28 10:06:10
Thẻ nhớ MicroSD Sandisk High Endurance 64GB (SDSQQNR-064G-GN6IA)- Hàng chính hãng,191446009,tiki,Thiết Bị Số - Phụ Kiện Số,Phụ Kiện Điện Thoại và Máy Tính Bảng,Thẻ Nhớ và Bộ Nhớ Mở Rộng,https://tiki.vn/product-p191446009.html?spid=207332479,789000,3.0,2,18,SanDisk,2026-04-28 10:06:10
"Bộ cốc sạc nhanh 20W LOVESN chân dẹt 4A dùng cho samsung , oppo, xiaomi, redmi....- Hàng nhập khẩu",184317384,tiki,Thiết Bị Số - Phụ Kiện Số,Phụ Kiện Điện Thoại và Máy Tính Bảng,Adapter - Củ Sạc,https://tiki.vn/product-p184317384.html?spid=184317386,120000,1.0,1,2,Lovesn,2026-04-28 10:06:10
"Cáp sạc nhanh, truyền dữ liệu tốc độ cao siêu bền Baseus Crystal Shine Series Fast Charging Data Cable IP 2.4A - Hàng chính hãng",171183734,tiki,Thiết Bị Số - Phụ Kiện Số,Phụ Kiện Điện Thoại và Máy Tính Bảng,Dây Sạc - Dây Cáp,https://tiki.vn/product-p171183734.html?spid=171183741,139000,5.0,43,230,Baseus,2026-04-28 10:06:10
Bao Da Dành Cho iPad Mini 6 / iPad Mini 7 ESR Rebound Magnetic Slim Case - Hàng Nhập Khẩu,143493150,tiki,Thiết Bị Số - Phụ Kiện Số,Phụ Kiện Điện Thoại và Máy Tính Bảng,Bao Da - Ốp Lưng,https://tiki.vn/product-p143493150.html?spid=143493156,850000,5.0,12,41,ESR,2026-04-28 10:06:10
"Bao da bò dạng ví dành cho Samsung Galaxy S21, S21 Plus, S21 Ultra mẫu case hàng nhập khẩu",81292054,tiki,Thiết Bị Số - Phụ Kiện Số,Phụ Kiện Điện Thoại và Máy Tính Bảng,Bao Da - Ốp Lưng,https://tiki.vn/product-p81292054.html?spid=107100860,149000,3.8,13,43,GREENCASE,2026-04-28 10:06:10
Dây đeo Ringke Shoulder/Hand Strap điện thoại/tablet/máy ảnh - Hàng Chính Hãng,78622503,tiki,Thiết Bị Số - Phụ Kiện Số,Phụ Kiện Điện Thoại và Máy Tính Bảng,Vòng Đeo - Đai Đeo,https://tiki.vn/product-p78622503.html?spid=171856644,300000,5.0,8,42,Ringke,2026-04-28 10:06:10
Ốp lưng trong suốt iPhone 12/ 12 Pro/ 12 Pro Max Rock chính hãng,72004601,tiki,Thiết Bị Số - Phụ Kiện Số,Phụ Kiện Điện Thoại và Máy Tính Bảng,Bao Da - Ốp Lưng,https://tiki.vn/product-p72004601.html?spid=74653777,190000,5.0,1,6,Rock,2026-04-28 10:06:10
"Giá kẹp điện thoại dùng cho tay quay phim, chân đế Yunteng VCT-Pat 018, Hàng chính hãng",14270815,tiki,Thiết Bị Số - Phụ Kiện Số,Phụ Kiện Điện Thoại và Máy Tính Bảng,Phụ Kiện Di Động Khác,https://tiki.vn/product-p14270815.html?spid=56890037,159000,0.0,0,1,Yunteng,2026-04-28 10:06:10
"Sim Mobifone mệnh THỔ mang lại sự bền vững, thịnh vượng ưu đãi data 180GB[SIM CHƯA KÍCH HOẠT,PHẢI ĐĂNG KÝ CHÍNH CHỦ)- Hàng chính hãng",279212388,tiki,Thiết Bị Số - Phụ Kiện Số,Phụ Kiện Điện Thoại và Máy Tính Bảng,SIM Điện Thoại,https://tiki.vn/product-p279212388.html?spid=279212392,399000,0.0,0,0,Mobifone,2026-04-28 10:06:10
Đế sạc Ringke Stand Qi2 25W 3-in-1 Folding Magnetic Wireless Charger - Hàng Chính Hãng,279157731,tiki,Thiết Bị Số - Phụ Kiện Số,Phụ Kiện Điện Thoại và Máy Tính Bảng,Adapter - Củ Sạc,https://tiki.vn/product-p279157731.html?spid=279157732,1990000,0.0,0,0,Ringke,2026-04-28 10:06:10
"Bao da cho Samsung S25 Fe , S24 Fe , S23 Fe , S21 Fe dạng ví hãng Greencase - Hàng nhập khẩu",279016920,tiki,Thiết Bị Số - Phụ Kiện Số,Phụ Kiện Điện Thoại và Máy Tính Bảng,Bao Da - Ốp Lưng,https://tiki.vn/product-p279016920.html?spid=99055466,165000,5.0,2,6,GREENCASE,2026-04-28 10:06:10
Sim số đẹp Mobifone Số Chọn Lọc Phong Thủy Nguyên Kit (  Chưa qua sử dụng),278961984,tiki,Thiết Bị Số - Phụ Kiện Số,Phụ Kiện Điện Thoại và Máy Tính Bảng,SIM Điện Thoại,https://tiki.vn/product-p278961984.html?spid=278961988,299000,0.0,0,0,Mobifone,2026-04-28 10:06:10
"Ốp lưng cho iPhone 12 Pro (6.1) và iPhone 12 , 12 pro max hiệu Memumi PP Slim siêu mỏng 0.3 mm - Hàng nhập khẩu",278951256,tiki,Thiết Bị Số - Phụ Kiện Số,Phụ Kiện Điện Thoại và Máy Tính Bảng,Bao Da - Ốp Lưng,https://tiki.vn/product-p278951256.html?spid=90527763,120000,5.0,1,2,Memumi,2026-04-28 10:06:10
"Bao da rút không dây điện thoại 15 pro max 15 plus 14 pro max 14 plus 13 pro max có ngăn đựng thẻ,tiền da bò sáp bền đẹp - hàng chính hãng",278945068,tiki,Thiết Bị Số - Phụ Kiện Số,Phụ Kiện Điện Thoại và Máy Tính Bảng,Bao Da - Ốp Lưng,https://tiki.vn/product-p278945068.html?spid=278945072,279000,0.0,0,0,IONECASE,2026-04-28 10:06:10
"Bao da bàn phím magic keyboard OEM cho Samsung Tab S10+ Plus, FE 12.4 có trackpad, led phím",278932251,tiki,Thiết Bị Số - Phụ Kiện Số,Phụ Kiện Điện Thoại và Máy Tính Bảng,Bao Da - Ốp Lưng,https://tiki.vn/product-p278932251.html?spid=278932252,1690000,0.0,0,0,OEM,2026-04-28 10:06:10
"Bao da đeo lưng cho Samsung Galaxy Z Fold7 chất liệu da bò,  hiệu Khắc Tên - Hàng chính hãng",278589333,tiki,Thiết Bị Số - Phụ Kiện Số,Phụ Kiện Điện Thoại và Máy Tính Bảng,Bao Da - Ốp Lưng,https://tiki.vn/product-p278589333.html?spid=278589339,650000,0.0,0,0,Khacten.com,2026-04-28 10:06:10
"Ốp lưng cho Samsung Samsung Galaxy Z Fold 7 / Fold 6 / Z Fold 5 / Z Fold 4 XUNDD Beatle chống sốc, lưng trong, viền màu - Hàng chính hãng",278447247,tiki,Thiết Bị Số - Phụ Kiện Số,Phụ Kiện Điện Thoại và Máy Tính Bảng,Bao Da - Ốp Lưng,https://tiki.vn/product-p278447247.html?spid=275865821,199000,0.0,0,1,Xundd,2026-04-28 10:06:10
Miếng dán kính cường lực chống nhìn trộm cho Samsung Galaxy S25 Ultra hãng ANANK 3D công nghệ Nhật Bản cảm ứng mượt mà - Hàng chính hãng,277733854,tiki,Thiết Bị Số - Phụ Kiện Số,Phụ Kiện Điện Thoại và Máy Tính Bảng,Miếng dán màn hình,https://tiki.vn/product-p277733854.html?spid=277733855,230000,0.0,0,1,GREENCASE,2026-04-28 10:06:10
"Kệ Treo Tai Nghe, Giá Đỡ Nhôm cho Tai Nghe Airpods Max / Tai Nghe Sony / JBL / ATH / B&O / Sennheiser / Beats - Hàng Chính Hãng",277601133,tiki,Thiết Bị Số - Phụ Kiện Số,Phụ Kiện Điện Thoại và Máy Tính Bảng,Giá Đỡ - Chân Đế - Móc Dán,https://tiki.vn/product-p277601133.html?spid=277601139,299000,5.0,1,2,DEVO,2026-04-28 10:06:10
Bao Da Smart Case TPU Dành Cho iPad Mini6/Mini 7 - Hàng Nhập Khẩu,277573983,tiki,Thiết Bị Số - Phụ Kiện Số,Phụ Kiện Điện Thoại và Máy Tính Bảng,Bao Da - Ốp Lưng,https://tiki.vn/product-p277573983.html?spid=277573985,189999,0.0,0,0,Gucase,2026-04-28 10:06:10
"Ốp lưng silicon case cho iPhone 7 Plus , 8 Plus chống bám bẩn mặt lưng siêu mềm mịn, có gờ bảo vệ camera - hàng nhập khẩu",277513979,tiki,Thiết Bị Số - Phụ Kiện Số,Phụ Kiện Điện Thoại và Máy Tính Bảng,Bao Da - Ốp Lưng,https://tiki.vn/product-p277513979.html?spid=201292412,80000,3.0,1,10,Vucase,2026-04-28 10:06:10
"Ốp Dành Cho Samsung Galaxy A50 , A50s Cao cấp, chống bẩn, chống bám vân tay, không trơn trượt, bảo vệ camera màu 3D Camera - Hàng nhập khẩu",276870785,tiki,Thiết Bị Số - Phụ Kiện Số,Phụ Kiện Điện Thoại và Máy Tính Bảng,Bao Da - Ốp Lưng,https://tiki.vn/product-p276870785.html?spid=276870795,80000,5.0,1,3,GREENCASE,2026-04-28 10:06:10
"Ốp Trong Suốt Clear Case cho Airpods 4 / Airpods Pro 2/ Airpdos Pro / Airpods 3, Chống Ố Vàng, Kèm Móc Khóa, Chống Sốc_ Hàng chính hãng",276580931,tiki,Thiết Bị Số - Phụ Kiện Số,Phụ Kiện Điện Thoại và Máy Tính Bảng,Hộp Đựng - Túi Đựng Phụ Kiện,https://tiki.vn/product-p276580931.html?spid=276580984,25000,0.0,0,1,Kai Nguyễn,2026-04-28 10:06:10
"Bao da dạng ví cho Samsung A17 , A07 , A56 , A36, A26 , A16 , A14 , A24 , A34 , A54 , A15 , A25 , A35 , A55 , A05 , A05s Hãng Forwenw Có ngăn cài thẻ, ví đựng tiền tiện lợi - Hàng chính hãng",276502761,tiki,Thiết Bị Số - Phụ Kiện Số,Phụ Kiện Điện Thoại và Máy Tính Bảng,Bao Da - Ốp Lưng,https://tiki.vn/product-p276502761.html?spid=276502767,165000,0.0,0,1,GREENCASE,2026-04-28 10:06:10
"Ốp lưng siêu mỏng LIKGUS Montage ghép 2 mảnh cho iPhone 16 Pro Max , 16 Pro, 16 Plus, 16 , 15 Pro Max , 14 Pro Max , 13 Pro max,  12 Pro Max Chống ố vàng , hỗ trơ sạc không dây - Hàng chính hãng",276410001,tiki,Thiết Bị Số - Phụ Kiện Số,Phụ Kiện Điện Thoại và Máy Tính Bảng,Bao Da - Ốp Lưng,https://tiki.vn/product-p276410001.html?spid=276410132,170000,0.0,0,0,Likgus,2026-04-28 10:06:10
"Bao da cho iPad Gen 10 10.9 inch 2022 hãng Wiwu Classic III Case có khay để bút, chống sốc cao cấp - Hàng chính hãng",276137412,tiki,Thiết Bị Số - Phụ Kiện Số,Phụ Kiện Điện Thoại và Máy Tính Bảng,Bao Da - Ốp Lưng,https://tiki.vn/product-p276137412.html?spid=276137414,260000,0.0,0,0,ICASE,2026-04-28 10:06:10
"Pin sạc dự phòng không dây từ tính nam châm sạc nhanh 22.5W, dung lượng 10.000 mAh hiệu WIWU W-P049 Tích hợp dây sạc Type C, đạt tiêu chuẩn sạc quốc tế - Hàng nhập khẩu",275985069,tiki,Thiết Bị Số - Phụ Kiện Số,Phụ Kiện Điện Thoại và Máy Tính Bảng,Pin Sạc Dự Phòng,https://tiki.vn/product-p275985069.html?spid=275985071,680000,0.0,0,0,WIWU,2026-04-28 10:06:10
"Ốp lưng thể thao chống sốc cho iPad A16 Gen 11 , Air 11inch M3 , Air 13inch M3 , Pro 11inch M4 ,Pro 13inch , Air 11inch M2 , Air 13inch M2 ,  Pro 11 2021 Chip M1 / iPad Pro 11 2020 hiệu XUNDD mặt lưng trong viền màu chết liệu TPU - hàng nhập khẩu",275928564,tiki,Thiết Bị Số - Phụ Kiện Số,Phụ Kiện Điện Thoại và Máy Tính Bảng,Bao Da - Ốp Lưng,https://tiki.vn/product-p275928564.html?spid=212317351,230000,0.0,0,2,Xundd,2026-04-28 10:06:10
Bao da Cho IPAD Pro 11 inch M4 2024 Air 5/Air 4 10.9/ Pro 11 inch/Gen 9 8 7th 10.2/Gen 10 hiệu WIWU Classic II lưng mềm có khay bút chống sốc chống va đập - Hàng chính hãng,275739929,tiki,Thiết Bị Số - Phụ Kiện Số,Phụ Kiện Điện Thoại và Máy Tính Bảng,Bao Da - Ốp Lưng,https://tiki.vn/product-p275739929.html?spid=275740011,230000,4.0,1,2,WIWU,2026-04-28 10:06:10
"Bao da bàn phím cho iPad A16 Gen 11 , Pro 11inch M4 2024, iPad Pro 13inch M4 2024 , iPad Air 6 11inch M2, iPad Air 6 13inch , Air 11inch M3 , Air 13inch M3  Gen 10 , Gen 9 có Trackpad hiệu WIWU Magtouch - Hàng chính hãng",275721945,tiki,Thiết Bị Số - Phụ Kiện Số,Phụ Kiện Điện Thoại và Máy Tính Bảng,Bao Da - Ốp Lưng,https://tiki.vn/product-p275721945.html?spid=275721947,1290000,0.0,0,2,WIWU,2026-04-28 10:06:10
Bút Cảm Ứng Trong Suốt WiWU Pencil W Pro Tương Thích IPAD Pro 11inch M1/M2 Air 4/5 Gen 9/10 Hỗ Trợ Sạc Magnetic - hàng chính hãng,275616351,tiki,Thiết Bị Số - Phụ Kiện Số,Phụ Kiện Điện Thoại và Máy Tính Bảng,Bao Da - Ốp Lưng,https://tiki.vn/product-p275616351.html?spid=275616352,739000,0.0,0,0,WIWU,2026-04-28 10:06:10
Ốp lưng dẻo silicon trong suốt mỏng 0.6mm cho Samsung Galaxy A55 A35 A25 A15 A05 A05s - Hàng nhập khẩu,275585120,tiki,Thiết Bị Số - Phụ Kiện Số,Phụ Kiện Điện Thoại và Máy Tính Bảng,Bao Da - Ốp Lưng,https://tiki.vn/product-p275585120.html?spid=275588158,39000,0.0,0,3,Ultra Thin,2026-04-28 10:06:10
Bao Da dành cho iPad Pro 11 inch / iPad Pro 13 inch 2024 ESR Shift Magnetic Case 360 - Hàng Chính Hãng,275547647,tiki,Thiết Bị Số - Phụ Kiện Số,Phụ Kiện Điện Thoại và Máy Tính Bảng,Bao Da - Ốp Lưng,https://tiki.vn/product-p275547647.html?spid=275547666,2250000,0.0,0,0,ESR,2026-04-28 10:06:10
Cáp Nối Dài Ugreen USB 2.0 10313 dài 0.5m - Hàng Chính Hãng,273726387,tiki,Thiết Bị Số - Phụ Kiện Số,Phụ Kiện Điện Thoại và Máy Tính Bảng,Dây Sạc - Dây Cáp,https://tiki.vn/product-p273726387.html?spid=273726388,59000,0.0,0,1,UGREEN,2026-04-28 10:06:10
"Bao da dành cho iPhone 15 Pro Max, 15 Pro hàng chính hãng Nillkin QIN có nắp trượt bảo vệ camera - Hàng nhập khẩu",273496009,tiki,Thiết Bị Số - Phụ Kiện Số,Phụ Kiện Điện Thoại và Máy Tính Bảng,Bao Da - Ốp Lưng,https://tiki.vn/product-p273496009.html?spid=273496017,199000,5.0,1,2,Nillkin,2026-04-28 10:06:10
"Cường Lực Gor Dành Cho iPhone 15 Pro Max / iPhone 15 Pro / iPhone 15 Plus / iPhone 15, Combo 2 miếng, không viền đen - HÀNG CHÍNH HÃNG",272415484,tiki,Thiết Bị Số - Phụ Kiện Số,Phụ Kiện Điện Thoại và Máy Tính Bảng,Miếng dán màn hình,https://tiki.vn/product-p272415484.html?spid=272415490,159000,4.0,2,7,Gor,2026-04-28 10:06:10
"Ốp Lưng Case Trong Suốt Dành Cho iPhone 15 Pro Max / 15 Pro / 15 Plus / 15, Mipow Silicone TPU SOFT Transparent Case - HÀNG CHÍNH HÃNG",271983168,tiki,Thiết Bị Số - Phụ Kiện Số,Phụ Kiện Điện Thoại và Máy Tính Bảng,Bao Da - Ốp Lưng,https://tiki.vn/product-p271983168.html?spid=271983170,249000,0.0,0,2,MIPOW,2026-04-28 10:06:10
"Bao Da Rút cho điện thoại Note20 Ultra, S22 Ultra, S21 Plus, Note 10 Plus Da Bò Thật may máy cao cấp",249855188,tiki,Thiết Bị Số - Phụ Kiện Số,Phụ Kiện Điện Thoại và Máy Tính Bảng,Bao Da - Ốp Lưng,https://tiki.vn/product-p249855188.html?spid=249855378,274000,0.0,0,0,IONECASE,2026-04-28 10:06:10
Ốp Lưng ESR Air Armor Clear with HaloLock Dành Cho iPhone 14 PRO MAX / 14 PRO / 14 PLUS / 14 - HÀNG CHÍNH HÃNG,201933748,tiki,Thiết Bị Số - Phụ Kiện Số,Phụ Kiện Điện Thoại và Máy Tính Bảng,Bao Da - Ốp Lưng,https://tiki.vn/product-p201933748.html?spid=201933859,290000,0.0,0,1,ESR,2026-04-28 10:06:10
Bao da dành cho iPhone 14/ 14 Plus/ 14 Pro Max/ 14 Pro hàng chính hãng Nillkin QIN có nắp trượt bảo vệ camera - Hàng nhập khẩu,198999642,tiki,Thiết Bị Số - Phụ Kiện Số,Phụ Kiện Điện Thoại và Máy Tính Bảng,Bao Da - Ốp Lưng,https://tiki.vn/product-p198999642.html?spid=198999672,199000,5.0,2,16,Nillkin,2026-04-28 10:06:10
Ốp Lưng UNIQ Hybrid Air Fender Dành cho iPhone 14 PRO MAX / 14 PRO / 14 PLUS / 14 - Hàng Chính Hãng,198691572,tiki,Thiết Bị Số - Phụ Kiện Số,Phụ Kiện Điện Thoại và Máy Tính Bảng,Bao Da - Ốp Lưng,https://tiki.vn/product-p198691572.html?spid=198691580,250000,4.8,4,27,UNIQ,2026-04-28 10:06:10
Bao Da Dành Cho iPad Air 4/ Air 5 ESR Rebound Pencil Case- Hàng Chính Hãng,180999920,tiki,Thiết Bị Số - Phụ Kiện Số,Phụ Kiện Điện Thoại và Máy Tính Bảng,Bao Da - Ốp Lưng,https://tiki.vn/product-p180999920.html?spid=180999924,750000,4.8,5,21,ESR,2026-04-28 10:06:10
Ốp lưng Nillkin hỗ trợ sạc không dây Nature TPU Pro cho iPhone 13 Pro / iPhone 13 Pro Max - Hàng chính hãng,162019813,tiki,Thiết Bị Số - Phụ Kiện Số,Phụ Kiện Điện Thoại và Máy Tính Bảng,Bao Da - Ốp Lưng,https://tiki.vn/product-p162019813.html?spid=156647587,258000,0.0,0,2,Nillkin,2026-04-28 10:06:10
Pin sạc dự phòng Hoco J68 10000 mah Dành cho điện thoại iPhone iP Huawei Samsung Oppo Realme - Hàng chính hãng,122162221,tiki,Thiết Bị Số - Phụ Kiện Số,Phụ Kiện Điện Thoại và Máy Tính Bảng,Pin Sạc Dự Phòng,https://tiki.vn/product-p122162221.html?spid=146234230,299000,0.0,0,1,Hoco,2026-04-28 10:06:10
Ốp lưng dẻo Silicone Samsung Galaxy A72 EF-PA725 - Hàng chính hãng,119989490,tiki,Thiết Bị Số - Phụ Kiện Số,Phụ Kiện Điện Thoại và Máy Tính Bảng,Bao Da - Ốp Lưng,https://tiki.vn/product-p119989490.html?spid=119989492,99000,4.7,12,40,Samsung,2026-04-28 10:06:10
"Bao da Caro cho iPad Mini 4 / Mini 5 Xoay 360 hiệu HOTCASE (Smartsleep, chế độ gập đa dạng) - Hàng Nhập Khẩu",83401242,tiki,Thiết Bị Số - Phụ Kiện Số,Phụ Kiện Điện Thoại và Máy Tính Bảng,Bao Da - Ốp Lưng,https://tiki.vn/product-p83401242.html?spid=83401255,139000,4.5,2,6,HOTCASE,2026-04-28 10:06:10
Bao Da Case Cover Dành Cho iPad Pro 11 inch (2020) / iPad Air 4 (10.9 inch) / iPad Pro 12.9 inch (2020) Có Khe Cắm Apple Pencil - Hàng Chính Hãng Meliya accessories,74235841,tiki,Thiết Bị Số - Phụ Kiện Số,Phụ Kiện Điện Thoại và Máy Tính Bảng,Bao Da - Ốp Lưng,https://tiki.vn/product-p74235841.html?spid=111198396,250000,4.2,25,77,Meliya accessories,2026-04-28 10:06:10
BAO DA BẢNG TÊN-CHÍNH HÃNG KHACTEN.COM,53497697,tiki,Thiết Bị Số - Phụ Kiện Số,Phụ Kiện Điện Thoại và Máy Tính Bảng,Bao Da - Ốp Lưng,https://tiki.vn/product-p53497697.html?spid=53497707,350000,5.0,8,25,Khacten.com,2026-04-28 10:06:10
"Sim Mobifone đuôi 03x03 ý nghĩa ""Tài lộc kép"" &""Tài lộc vững bền"". data 180GB[SIM CHƯA KÍCH HOẠT, PHẢI ĐK CHÍNH CHỦ]- HÀNG CHÍNH HÃNG",279243563,tiki,Thiết Bị Số - Phụ Kiện Số,Phụ Kiện Điện Thoại và Máy Tính Bảng,SIM Điện Thoại,https://tiki.vn/product-p279243563.html?spid=279243573,399000,0.0,0,0,Mobifone,2026-04-28 10:06:10
"Ốp lưng silicon case cho Samsung Galaxy S25 Fe , S24 FE , S23 Fe mỏng 0.3mm chống bám bẩn mặt lưng siêu mềm mịn, có gờ bảo vệ camera - hàng nhập khẩu",278940721,tiki,Thiết Bị Số - Phụ Kiện Số,Phụ Kiện Điện Thoại và Máy Tính Bảng,Bao Da - Ốp Lưng,https://tiki.vn/product-p278940721.html?spid=276687635,85000,0.0,0,4,GREENCASE,2026-04-28 10:06:10
Ốp bảo vệ kiểu dáng máy ảnh cổ điển cho Airpods Pro 3 - Hàng Chính Hãng,278772706,tiki,Thiết Bị Số - Phụ Kiện Số,Phụ Kiện Điện Thoại và Máy Tính Bảng,Hộp Đựng - Túi Đựng Phụ Kiện,https://tiki.vn/product-p278772706.html?spid=278772708,159000,0.0,0,0,DEVO,2026-04-28 10:06:10
"Ốp lưng dẻo trong suốt cho SamSung Galaxy A71 , A51 , A31 , A72 , A52 , A32 , A12  , A73 , A53 , A13 , A23 , A54 , A34 , A24 , A14 , A04 - hàng chính hãng",278725658,tiki,Thiết Bị Số - Phụ Kiện Số,Phụ Kiện Điện Thoại và Máy Tính Bảng,Bao Da - Ốp Lưng,https://tiki.vn/product-p278725658.html?spid=276482578,35000,5.0,1,2,GREENCASE,2026-04-28 10:06:10
"Ốp lưng nhám chống sốc đổi màu Gradient sạc từ tính không dây cho iPhone 17 Pro Max / 17 Pro hiệu Mutural Icesense - Thiết kế sang trong, Viền TPU đệm khí, mặt lưng PC chống ố vàng - Hàng nhập khẩu",278706127,tiki,Thiết Bị Số - Phụ Kiện Số,Phụ Kiện Điện Thoại và Máy Tính Bảng,Bao Da - Ốp Lưng,https://tiki.vn/product-p278706127.html?spid=278706129,329000,0.0,0,0,HOTCASE,2026-04-28 10:06:10
"Bộ adapter cóc củ sạc nhanh GAN 67W WIWU Helix Wi-G020 - Chip Ai điều chỉnh dòng, kèm dây type-C 70cm + QC USB-A+USB-C sạc cho laptop, máy tính bảng, điện thoại- Hàng chính Hãng",278486484,tiki,Thiết Bị Số - Phụ Kiện Số,Phụ Kiện Điện Thoại và Máy Tính Bảng,Adapter - Củ Sạc,https://tiki.vn/product-p278486484.html?spid=278486490,499900,0.0,0,0,WIWU,2026-04-28 10:06:10
"Ốp Lưng Mạ Viền Cao Cấp Cho Samsung Galaxy Z Flip 7 hiệu Likgus Platinum – Chống Sốc, Chống Trầy, Trong Suốt Sang Trọng, Siêu Mỏng Nhẹ - Hàng nhập khẩu",278456500,tiki,Thiết Bị Số - Phụ Kiện Số,Phụ Kiện Điện Thoại và Máy Tính Bảng,Bao Da - Ốp Lưng,https://tiki.vn/product-p278456500.html?spid=278456506,189000,0.0,0,0,HOTCASE,2026-04-28 10:06:10
Đế sạc Anker 727 GaNPrime Charging Station 2USB 2Type-C 100W A9126 - Hàng chính hãng,278431401,tiki,Thiết Bị Số - Phụ Kiện Số,Phụ Kiện Điện Thoại và Máy Tính Bảng,Dây Sạc - Dây Cáp,https://tiki.vn/product-p278431401.html?spid=278431403,2350000,0.0,0,0,ANKER,2026-04-28 10:06:10
Bao da chống sốc cho Samsung Galaxy Tab S10+ Plus chính hãng Dux Ducis Domo có khay đựng bút - Hàng chính hãng,278061517,tiki,Thiết Bị Số - Phụ Kiện Số,Phụ Kiện Điện Thoại và Máy Tính Bảng,Bao Da - Ốp Lưng,https://tiki.vn/product-p278061517.html?spid=278065437,320000,0.0,0,1,GREENCASE,2026-04-28 10:06:10
"Ốp Lưng Da Vân Gỗ Cao Cấp – Thiết Kế Đơn Giản, Sang Trọng & Bảo Vệ Toàn Diện cho Samsung Galaxy S20FE /S21FE /S23FE /S24FE . Hàng Nhập Khẩu",277985122,tiki,Thiết Bị Số - Phụ Kiện Số,Phụ Kiện Điện Thoại và Máy Tính Bảng,Bao Da - Ốp Lưng,https://tiki.vn/product-p277985122.html?spid=277985142,88888,0.0,0,0,Gucase,2026-04-28 10:06:10
Kính Cường Lực DEKEY cho Iphone 17/ Iphone 16 Series/ 15 Series Không Lẹm Viền Kèm Khung Trợ Dán MASTERGLASS 3D SENTERY_Hàng Chính hãng Japan,277884124,tiki,Thiết Bị Số - Phụ Kiện Số,Phụ Kiện Điện Thoại và Máy Tính Bảng,Miếng dán màn hình,https://tiki.vn/product-p277884124.html?spid=279021422,182000,0.0,0,0,ESR,2026-04-28 10:06:10
Ốp Lưng Da cho iPhone 11 / 11 Pro / 11 Pro Max Hiệu X-Level  - Hàng chính hãng,277614746,tiki,Thiết Bị Số - Phụ Kiện Số,Phụ Kiện Điện Thoại và Máy Tính Bảng,Bao Da - Ốp Lưng,https://tiki.vn/product-p277614746.html?spid=277615048,99000,0.0,0,0,GREENCASE,2026-04-28 10:06:10
"Ốp lưng Da Vân Gỗ cao cấp siêu sang,bảo vệ lưng viền cụm camera dành cho Xiaomi Redmi 14pro  . Hàng nhập khẩu",277563646,tiki,Thiết Bị Số - Phụ Kiện Số,Phụ Kiện Điện Thoại và Máy Tính Bảng,Bao Da - Ốp Lưng,https://tiki.vn/product-p277563646.html?spid=277563652,88000,0.0,0,0,Gucase,2026-04-28 10:06:10
"Dán Kính Cường Lực OG Nillkin Cho Samsung Galaxy S24 FE, S23 FE, S21 FE, S20 FE – Chống bể, Chống Xước, Siêu Trong Suốt cho màn full màn hình – Hàng chính hãng",277384701,tiki,Thiết Bị Số - Phụ Kiện Số,Phụ Kiện Điện Thoại và Máy Tính Bảng,Miếng dán màn hình,https://tiki.vn/product-p277384701.html?spid=277384705,168999,0.0,0,0,Gucase,2026-04-28 10:06:10
Bao da chống sốc cho iPad Mini 7 2024 hiệu Mutural có ngăn để bút - Hàng chính hãng,276825295,tiki,Thiết Bị Số - Phụ Kiện Số,Phụ Kiện Điện Thoại và Máy Tính Bảng,Bao Da - Ốp Lưng,https://tiki.vn/product-p276825295.html?spid=276825297,275000,0.0,0,4,GREENCASE,2026-04-28 10:06:10
"Bao Da Dạng Ví Dành Cho Oppo Reno8 T 4G/ 5G Chính Hãng Hanman,DaDa Có Quai Gài, Ngăn đựng thẻ, Ví Tiền, Bảo vệ camera - Hàng Nhập Khẩu",276779707,tiki,Thiết Bị Số - Phụ Kiện Số,Phụ Kiện Điện Thoại và Máy Tính Bảng,Bao Da - Ốp Lưng,https://tiki.vn/product-p276779707.html?spid=276779713,158888,0.0,0,0,Gucase,2026-04-28 10:06:10
"Ốp lưng kèm bàn phím ZAGG Pro Keys 2 dành cho iPad Air 11/13 (M2), Pro 11 (M4) - Hàng chính hãng",276567371,tiki,Thiết Bị Số - Phụ Kiện Số,Phụ Kiện Điện Thoại và Máy Tính Bảng,Bàn Phím Rời - Bút Cảm Ứng,https://tiki.vn/product-p276567371.html?spid=276611834,3290000,5.0,1,1,ZAGG,2026-04-28 10:06:10
"Tấm dán màn hình PPF mặt trước trong suốt (Paint Protection Film) cho Samsung Galaxy S10E , S10 , S10 Plus , S10 5G - Hàng nhập khẩu",276567212,tiki,Thiết Bị Số - Phụ Kiện Số,Phụ Kiện Điện Thoại và Máy Tính Bảng,Miếng dán màn hình,https://tiki.vn/product-p276567212.html?spid=276567220,50000,0.0,0,0,GREENCASE,2026-04-28 10:06:10
"ỐP LƯNG DA iPhone 16 Pro 16 Pro Max 15 15 Plus 15 Pro 15 Pro Max 14 13 12 11 pro max  Xs Max, viền dẻo hiệu X-level - Hàng chính hãng",276492731,tiki,Thiết Bị Số - Phụ Kiện Số,Phụ Kiện Điện Thoại và Máy Tính Bảng,Bao Da - Ốp Lưng,https://tiki.vn/product-p276492731.html?spid=276495037,99000,0.0,0,1,GREENCASE,2026-04-28 10:06:10
"Ốp lưng chống sốc trong suốt chống ố vàng cho iPhone 12, 13 ,14 ,15 Pro Max hiệu Likgus CANDY, Nút bấm kim loại, viền bảo vệ camera - Hàng nhập khẩu",276370761,tiki,Thiết Bị Số - Phụ Kiện Số,Phụ Kiện Điện Thoại và Máy Tính Bảng,Bao Da - Ốp Lưng,https://tiki.vn/product-p276370761.html?spid=276385299,159000,0.0,0,0,GREENCASE,2026-04-28 10:06:10
"Ốp lưng siêu mỏng cho iPhone 16 Pro, iPhone 16 Pro Max hiệu MEMUMI hỗ trợ sạc không dây cao cấp - Hàng chính hãng",276326583,tiki,Thiết Bị Số - Phụ Kiện Số,Phụ Kiện Điện Thoại và Máy Tính Bảng,Bao Da - Ốp Lưng,https://tiki.vn/product-p276326583.html?spid=276326587,159999,0.0,0,0,Totu,2026-04-28 10:06:10
Bao Case Bảo Vệ Carbon Cho Airpods 1/ Airpods 2 - Hàng chính hãng / Hàng nhập khẩu,276023017,tiki,Thiết Bị Số - Phụ Kiện Số,Phụ Kiện Điện Thoại và Máy Tính Bảng,Hộp Đựng - Túi Đựng Phụ Kiện,https://tiki.vn/product-p276023017.html?spid=276023028,99000,0.0,0,1,Photodesign VN,2026-04-28 10:06:10
"Ốp lưng dành cho OPPO Reno 12 5G dẻo màu đen bảo vệ camera sau, chống bám vân tay - Hàng chính hãng",275879151,tiki,Thiết Bị Số - Phụ Kiện Số,Phụ Kiện Điện Thoại và Máy Tính Bảng,Bao Da - Ốp Lưng,https://tiki.vn/product-p275879151.html?spid=275879152,44000,5.0,1,2,Ultra Thin,2026-04-28 10:06:10
Bao da Cho IPAD Pro 11 inch M4 2024 Air 5/Air 4 10.9/ Pro 11 inch/Gen 9 8 7th 10.2/Gen 10 hiệu  WIWU Classic II mặt lưng dẻo chống sốc chống va đập có khay đựng bút - Hàng chính hãng,275660256,tiki,Thiết Bị Số - Phụ Kiện Số,Phụ Kiện Điện Thoại và Máy Tính Bảng,Bao Da - Ốp Lưng,https://tiki.vn/product-p275660256.html?spid=275661849,230000,0.0,0,0,WIWU,2026-04-28 10:06:10
"Ốp lưng dẻo cho iPhone 15 Pro Max | 15Pro, ốp trong chống sốc TOTU – Hàng chính hãng",274610890,tiki,Thiết Bị Số - Phụ Kiện Số,Phụ Kiện Điện Thoại và Máy Tính Bảng,Bao Da - Ốp Lưng,https://tiki.vn/product-p274610890.html?spid=274610892,119999,0.0,0,0,Totu,2026-04-28 10:06:10
Dán cường lực dành cho Samsung Galaxy Tab A9 chống xước chống vỡ - Hàng nhập khẩu,274453583,tiki,Thiết Bị Số - Phụ Kiện Số,Phụ Kiện Điện Thoại và Máy Tính Bảng,Bao Da - Ốp Lưng,https://tiki.vn/product-p274453583.html?spid=274453584,74990,5.0,1,6,GREENCASE,2026-04-28 10:06:10
Miếng Dán Kính Cường Lực Cho Samsung Galaxy S24/ S24 Plus Zeelot LOCA SOLIDSLEEK - Hàng Chính Hãng,273902574,tiki,Thiết Bị Số - Phụ Kiện Số,Phụ Kiện Điện Thoại và Máy Tính Bảng,Miếng dán màn hình,https://tiki.vn/product-p273902574.html?spid=273902576,480000,0.0,0,2,ZEELOT,2026-04-28 10:06:10
Ốp Lưng Dành Cho iPhone 15 ProMax/ iPhone 15 Pro ESR Cloud Soft Case with Stash Stand (HaloLock)_ Hàng chính hãng,273405921,tiki,Thiết Bị Số - Phụ Kiện Số,Phụ Kiện Điện Thoại và Máy Tính Bảng,Bao Da - Ốp Lưng,https://tiki.vn/product-p273405921.html?spid=273405927,690000,0.0,0,7,ESR,2026-04-28 10:06:10
Ốp lưng nhám chống vân tay dành cho iPhone 15 Pro Max sạc không dây Filada - hàng chính hãng,273366015,tiki,Thiết Bị Số - Phụ Kiện Số,Phụ Kiện Điện Thoại và Máy Tính Bảng,Bao Da - Ốp Lưng,https://tiki.vn/product-p273366015.html?spid=273366018,117998,1.0,1,1,FILADA,2026-04-28 10:06:10
"Bao da ví cái thẻ cho Smart Phone 14 Pro Max , 14 PLus , 13 Pro max có lắp trượt bảo vệ camera cao cấp hiệu NIllkin - hàng nhập khẩu",270797476,tiki,Thiết Bị Số - Phụ Kiện Số,Phụ Kiện Điện Thoại và Máy Tính Bảng,Bao Da - Ốp Lưng,https://tiki.vn/product-p270797476.html?spid=271448786,179000,0.0,0,0,Nillkin,2026-04-28 10:06:10
Ốp Lưng Dành Cho Iphone 13 Pro max MIPOW TPU & PU LEATHER- Hàng Chính Hãng,162399807,tiki,Thiết Bị Số - Phụ Kiện Số,Phụ Kiện Điện Thoại và Máy Tính Bảng,Bao Da - Ốp Lưng,https://tiki.vn/product-p162399807.html?spid=162399815,350000,4.8,13,44,MIPOW,2026-04-28 10:06:10
Ốp lưng silicon dẻo trong suốt cho iPhone 13 Pro hiệu Ultra Thin siêu mỏng 0.6mm - Hàng nhập khẩu,162259635,tiki,Thiết Bị Số - Phụ Kiện Số,Phụ Kiện Điện Thoại và Máy Tính Bảng,Bao Da - Ốp Lưng,https://tiki.vn/product-p162259635.html?spid=162259638,49000,0.0,0,12,Ultra Thin,2026-04-28 10:06:10
"Cáp Sạc Nhanh Iphone - Ipad loại tốt hàng chính hãng HOCO X14 Times Speed – Dây Sạc bọc dù chống xoắn, đứt",147448343,tiki,Thiết Bị Số - Phụ Kiện Số,Phụ Kiện Điện Thoại và Máy Tính Bảng,Dây Sạc - Dây Cáp,https://tiki.vn/product-p147448343.html?spid=263419973,89000,5.0,1,20,Hoco,2026-04-28 10:06:10
"Miếng Dán Dẻo PPF Mặt Lưng, Mặt Trước Cho Xiaomi Mi 11- Hàng Chính Hãng",87981817,tiki,Thiết Bị Số - Phụ Kiện Số,Phụ Kiện Điện Thoại và Máy Tính Bảng,Miếng dán màn hình,https://tiki.vn/product-p87981817.html?spid=242441502,119998,0.0,0,0,Handtown,2026-04-28 10:06:10
"Ốp lưng silicon Gor cho Samsung Galaxy S21 Ultra, S21 Plus, S21 / 5G siêu mỏng, có gờ bảo vệ camera hàng nhập khẩu",80970228,tiki,Thiết Bị Số - Phụ Kiện Số,Phụ Kiện Điện Thoại và Máy Tính Bảng,Bao Da - Ốp Lưng,https://tiki.vn/product-p80970228.html?spid=162997576,50000,3.4,10,62,Gor,2026-04-28 10:06:10
Sạc Nhanh ESR 20W và 30W PD Wall Charger cho iPhone 12 Mini / 12 / 12 Pro / 12 Pro Max / Galaxy S21 / S21 Plus / S21 Ultra - Hàng Nhập Khẩu,76822706,tiki,Thiết Bị Số - Phụ Kiện Số,Phụ Kiện Điện Thoại và Máy Tính Bảng,Adapter - Củ Sạc,https://tiki.vn/product-p76822706.html?spid=76822708,480000,0.0,0,0,ESR,2026-04-28 10:06:10
Giá Đỡ Điện Thoại Ô Tô Xe Hơi Khóa Tự Động Thông Minh Gắn Cánh Quạt Thông Gió Tự Động Ghi Nhớ Kích Cỡ Điện Thoại. Hàng Chính Hãng,74966482,tiki,Thiết Bị Số - Phụ Kiện Số,Phụ Kiện Điện Thoại và Máy Tính Bảng,Giá Đỡ - Chân Đế - Móc Dán,https://tiki.vn/product-p74966482.html?spid=74966486,369000,0.0,0,8,TRIỀU CƯƠNG TECH ,2026-04-28 10:06:10
Bao Case Bounce ESR cho AirPods Pro_Hàng Nhập Khẩu,42929010,tiki,Thiết Bị Số - Phụ Kiện Số,Phụ Kiện Điện Thoại và Máy Tính Bảng,Hộp Đựng - Túi Đựng Phụ Kiện,https://tiki.vn/product-p42929010.html?spid=76298218,245000,4.7,11,20,ESR,2026-04-28 10:06:10
Ốp lưng lụa dành cho iPhone 11 6.1 chính hãng Memumi siêu mỏng 0.3mm,35227361,tiki,Thiết Bị Số - Phụ Kiện Số,Phụ Kiện Điện Thoại và Máy Tính Bảng,Bao Da - Ốp Lưng,https://tiki.vn/product-p35227361.html?spid=149126026,219998,3.0,7,38,Memumi,2026-04-28 10:06:10
Ốp lưng silicon chống sốc cho iPhone X / Xs hiệu Likgus Crashproof giúp chống chịu mọi va đập  - Hàng chính hãng,12513355,tiki,Thiết Bị Số - Phụ Kiện Số,Phụ Kiện Điện Thoại và Máy Tính Bảng,Bao Da - Ốp Lưng,https://tiki.vn/product-p12513355.html?spid=12513411,99000,4.8,9,36,Likgus,2026-04-28 10:06:10
"(HỖ TRỢ ESIM) Sim Mobifone số đẹp 20x20 4G/5G data 180GB [SIM CHƯA KÍCH HOẠT, PHẢI ĐĂNG KÝ CHÍNH CHỦ]-  HÀNG CHÍNH HÃNG",279224699,tiki,Thiết Bị Số - Phụ Kiện Số,Phụ Kiện Điện Thoại và Máy Tính Bảng,SIM Điện Thoại,https://tiki.vn/product-p279224699.html?spid=279229472,399000,0.0,0,0,Mobifone,2026-04-28 10:06:10
"( HỖ TRỢ ESIM) Sim Mobifone số đẹp MỆNH HỎA  may mắn và tài lộc  (CHƯA KÍCH HOẠT, PHẢI ĐĂNG KÝ CHÍNH CHỦ )- Hàng chính hãng",279209600,tiki,Thiết Bị Số - Phụ Kiện Số,Phụ Kiện Điện Thoại và Máy Tính Bảng,SIM Điện Thoại,https://tiki.vn/product-p279209600.html?spid=279210562,399000,0.0,0,0,Mobifone,2026-04-28 10:06:10
"Sạc Dự Phòng 20000mAh Dung Lượng Pin Lớn Vỏ Trong Suốt Tích Hợp Dây Sạc Nhanh Cho Nhiều Thiết Bị có đèn báo, phát sáng - HÀNG CHÍNH HÃNG",278944823,tiki,Thiết Bị Số - Phụ Kiện Số,Phụ Kiện Điện Thoại và Máy Tính Bảng,Pin Sạc Dự Phòng,https://tiki.vn/product-p278944823.html?spid=278944827,199000,0.0,0,0,SUZIN,2026-04-28 10:06:10
Cáp Sạc Nhanh Baseus Pudding Series Type C to Ln 20W dùng cho iPhone iPad (Fast Charging Data Cable) - Hàng Chính Hãng,278808192,tiki,Thiết Bị Số - Phụ Kiện Số,Phụ Kiện Điện Thoại và Máy Tính Bảng,Dây Sạc - Dây Cáp,https://tiki.vn/product-p278808192.html?spid=278808635,99000,5.0,1,2,Baseus,2026-04-28 10:06:10
Cáp Sạc Nhanh Baseus Pudding Series USB to Ln 2.4A dùng cho Iphone ipad (Fast Charging Data Cable) - Hàng Chính Hãng,278806576,tiki,Thiết Bị Số - Phụ Kiện Số,Phụ Kiện Điện Thoại và Máy Tính Bảng,Dây Sạc - Dây Cáp,https://tiki.vn/product-p278806576.html?spid=278806580,79000,5.0,1,5,Baseus,2026-04-28 10:06:10
"Bao da cho Samsung Galaxy Tab S10 Lite , S10 Fe , S10 Plus , S10 Fe Plus , S11 DUX DUCIS Smartcover - Hàng nhập khẩu",278698159,tiki,Thiết Bị Số - Phụ Kiện Số,Phụ Kiện Điện Thoại và Máy Tính Bảng,Bao Da - Ốp Lưng,https://tiki.vn/product-p278698159.html?spid=278698175,299000,5.0,1,1,GREENCASE,2026-04-28 10:06:10
Ốp lưng cho Samsung Galaxy A56 / A36 RINGKE Fusion Card - Hàng Chính Hãng,277770020,tiki,Thiết Bị Số - Phụ Kiện Số,Phụ Kiện Điện Thoại và Máy Tính Bảng,Bao Da - Ốp Lưng,https://tiki.vn/product-p277770020.html?spid=277770021,470000,0.0,0,0,Ringke,2026-04-28 10:06:10
"Miếng dán kính cường lực 3D cho Samsung Galaxy S24 ULTRA/ S24PLUS/ S24/ S23 / Galaxy S23 / Galaxy S23 Plus / Galaxy S23+ / S23FE / S21FE / S22 / S22PLUS hiệu OG Protective Glass - mỏng 0.3mm, vát cạnh 2.5D, độ cứng 9H, viền cứng mỏng - Hàng nhập khẩu",276610888,tiki,Thiết Bị Số - Phụ Kiện Số,Phụ Kiện Điện Thoại và Máy Tính Bảng,Miếng dán màn hình,https://tiki.vn/product-p276610888.html?spid=276610892,99999,5.0,1,4,Gucase,2026-04-28 10:06:10
Cáp Sạc Nhanh Đa Năng 4in1 Wekome WDC-26 USB+C > C+L Công Suất Lên Đến 65W/ 27W - Hàng Chính Hãng,276508744,tiki,Thiết Bị Số - Phụ Kiện Số,Phụ Kiện Điện Thoại và Máy Tính Bảng,Dây Sạc - Dây Cáp,https://tiki.vn/product-p276508744.html?spid=276508745,150000,4.2,5,37,wekome,2026-04-28 10:06:10
"Ốp lưng lụa mỏng dành cho Samsung Galaxy Note 20 , Note 20 Ultra bảo vệ camera, siêu mỏng 0.3 mm hiệu Memumi  - Hàng Chính Hãng",276502924,tiki,Thiết Bị Số - Phụ Kiện Số,Phụ Kiện Điện Thoại và Máy Tính Bảng,Bao Da - Ốp Lưng,https://tiki.vn/product-p276502924.html?spid=276502926,120000,4.0,1,0,GREENCASE,2026-04-28 10:06:10
Gậy Tự Sướng Bluetooth K07 có chân đỡ - Gía Đỡ Điện Thoại Selfie - Gậy Chụp Hình Bluetooth - Hàng chính hãng,276021652,tiki,Thiết Bị Số - Phụ Kiện Số,Phụ Kiện Điện Thoại và Máy Tính Bảng,Phụ Kiện Chụp Hình,https://tiki.vn/product-p276021652.html?spid=276021653,155000,5.0,1,5,Risheng,2026-04-28 10:06:10
"Bao da kèm bàn phím cho iPad Mini 1/2/3, Mini 4/5, Mini 6 Bluetooth Keyboard Case có khay để bút chống sốc cao cấp - Hàng chính hãng.",275755312,tiki,Thiết Bị Số - Phụ Kiện Số,Phụ Kiện Điện Thoại và Máy Tính Bảng,Bàn Phím Rời - Bút Cảm Ứng,https://tiki.vn/product-p275755312.html?spid=275755326,370000,0.0,0,4,ICASE,2026-04-28 10:06:10
Cáp sạc Baseus Habitat Series nhanh Type C to Type C 100W- Hàng chính hãng,275025939,tiki,Thiết Bị Số - Phụ Kiện Số,Phụ Kiện Điện Thoại và Máy Tính Bảng,Dây Sạc - Dây Cáp,https://tiki.vn/product-p275025939.html?spid=275025979,179000,0.0,0,6,Baseus,2026-04-28 10:06:10
Củ Sạc Nhanh Baseus GaN5S Fast Charger 1C 30W -Hàng chính hãng,275023185,tiki,Thiết Bị Số - Phụ Kiện Số,Phụ Kiện Điện Thoại và Máy Tính Bảng,Adapter - Củ Sạc,https://tiki.vn/product-p275023185.html?spid=275023230,349000,0.0,0,1,Baseus,2026-04-28 10:06:10
"Miếng dán kính cường lực màn hình cho Samsung Galaxy S24 / S24 Plus / S24 Ultra hiệu Nillkin CP+ Pro - Phủ Nano, vát cạnh 2.5D, mỏng 0.33mm, Chống Lóa, Hạn Chế Vân Tay - Hàng nhập khẩu",274371366,tiki,Thiết Bị Số - Phụ Kiện Số,Phụ Kiện Điện Thoại và Máy Tính Bảng,Miếng dán màn hình,https://tiki.vn/product-p274371366.html?spid=274371370,179000,0.0,0,3,Nillkin,2026-04-28 10:06:10
Ốp lưng cho Samsung S24 Plus/ S24 Ultra Nillkin Super Frosted Shield ( hàng chính hãng),274211606,tiki,Thiết Bị Số - Phụ Kiện Số,Phụ Kiện Điện Thoại và Máy Tính Bảng,Bao Da - Ốp Lưng,https://tiki.vn/product-p274211606.html?spid=276297227,165000,5.0,2,2,Nillkin,2026-04-28 10:06:10
"Kính Cường Lực Full Màn 9D Cho Samsung Galaxy A25, A15, A05, A05s Tấm Dán Màn Hình Độ Cứng 9H - Hàng nhập khẩu",274164928,tiki,Thiết Bị Số - Phụ Kiện Số,Phụ Kiện Điện Thoại và Máy Tính Bảng,Miếng dán màn hình,https://tiki.vn/product-p274164928.html?spid=274164930,44500,5.0,1,5,Pro Glass,2026-04-28 10:06:10
"Ốp lưng lụa cho SamSung Galaxy S24 Ultra 5G chính hãng Memumi siêu mỏng, chống vân tay, bảo vệ camera sau - Hàng chính hãng",274103037,tiki,Thiết Bị Số - Phụ Kiện Số,Phụ Kiện Điện Thoại và Máy Tính Bảng,Bao Da - Ốp Lưng,https://tiki.vn/product-p274103037.html?spid=274103070,125000,4.2,5,32,Memumi,2026-04-28 10:06:10
"Ốp lưng lụa dành cho SamSung Galaxy S24 Ultra 5G, S24 Plus, S24, S23 Ultra, S23 Plus, S23, S22 Ultra, S22 Plus, S22 chính hãng Memumi siêu mỏng, chống vân tay, bảo vệ camera sau - Hàng chính hãng",274103035,tiki,Thiết Bị Số - Phụ Kiện Số,Phụ Kiện Điện Thoại và Máy Tính Bảng,Bao Da - Ốp Lưng,https://tiki.vn/product-p274103035.html?spid=274550832,120000,3.0,4,18,Memumi,2026-04-28 10:06:10
Thẻ Nhớ microSD SanDisk Ultra A1 140MB/s 128GB - Hàng chính hãng,274030063,tiki,Thiết Bị Số - Phụ Kiện Số,Phụ Kiện Điện Thoại và Máy Tính Bảng,Thẻ Nhớ và Bộ Nhớ Mở Rộng,https://tiki.vn/product-p274030063.html?spid=274030064,829000,4.0,1,11,SanDisk,2026-04-28 10:06:10
Ốp lưng chống sốc trong suốt cho Samsung Galaxy S24 / Galaxy S24+ / Galaxy S24 Plus / S24 Ultra Likgus Crashproof giúp chống chịu mọi va đập- Hàng nhập khẩu,274019490,tiki,Thiết Bị Số - Phụ Kiện Số,Phụ Kiện Điện Thoại và Máy Tính Bảng,Bao Da - Ốp Lưng,https://tiki.vn/product-p274019490.html?spid=274019492,86000,0.0,0,4,Likgus,2026-04-28 10:06:10
"Pin sạc dự phòng 22.5W dung lượng 10.000 mah WIWU JC-18 đính kèm dây sạc iPhone iPad, PD Type-C trang bị đèn LED hiển thị pin - Hàng nhập khẩu",273896430,tiki,Thiết Bị Số - Phụ Kiện Số,Phụ Kiện Điện Thoại và Máy Tính Bảng,Pin Sạc Dự Phòng,https://tiki.vn/product-p273896430.html?spid=273896432,489000,0.0,0,3,WIWU,2026-04-28 10:06:10
Cốc sạc nhanh WP-U155 WEKOME 3 cổng 100W 1A+2C cherger- Hàng chính hãng,273354019,tiki,Thiết Bị Số - Phụ Kiện Số,Phụ Kiện Điện Thoại và Máy Tính Bảng,Adapter - Củ Sạc,https://tiki.vn/product-p273354019.html?spid=273354020,699000,3.7,3,14,wekome,2026-04-28 10:06:10
Ốp lưng cho iPhone 15 Pro Max Likgus trong suốt -hàng chính hãng,272276495,tiki,Thiết Bị Số - Phụ Kiện Số,Phụ Kiện Điện Thoại và Máy Tính Bảng,Bao Da - Ốp Lưng,https://tiki.vn/product-p272276495.html?spid=272336061,116999,0.0,0,0,Likgus,2026-04-28 10:06:10
Cáp Sạc ANKER PowerLine+ III USB-C TO Light.ning dài 1.8M - ANKER A9551 - Phiên Bản Marvel - Hỗ Trợ Sạc Nhanh Cho iPhone,271972859,tiki,Thiết Bị Số - Phụ Kiện Số,Phụ Kiện Điện Thoại và Máy Tính Bảng,Dây Sạc - Dây Cáp,https://tiki.vn/product-p271972859.html?spid=271972861,600000,5.0,1,10,OEM,2026-04-28 10:06:10
Ốp lưng silicon dẻo cho Xiaomi Mi 12T 5G / 12T Pro 5G hiệu Ultra Thin trong suốt mỏng 0.6mm độ trong tuyệt đối chống trầy xước - Hàng nhập khẩu,262748346,tiki,Thiết Bị Số - Phụ Kiện Số,Phụ Kiện Điện Thoại và Máy Tính Bảng,Bao Da - Ốp Lưng,https://tiki.vn/product-p262748346.html?spid=262748347,39000,4.5,2,12,Ultra Thin,2026-04-28 10:06:10
"Ốp Lưng Dành Cho Samsung Galaxy S23 Ultra, S23 Plus, S23 Hiệu Nillkin Nhựa Sần Viền Dẻo Chống Sốc-Hàng Chính Hãng",247624052,tiki,Thiết Bị Số - Phụ Kiện Số,Phụ Kiện Điện Thoại và Máy Tính Bảng,Bao Da - Ốp Lưng,https://tiki.vn/product-p247624052.html?spid=248654159,169999,2.0,1,4,Nillkin,2026-04-28 10:06:10
"Ốp lưng silicon case cho iPhone 14 Pro Max (6.7 inch) siêu mỏng 0.3mm chống bám bẩn hiệu Memumi Liquid mặt lưng siêu mềm mịn, có gờ bảo vệ camera - hàng nhập khẩu",198650309,tiki,Thiết Bị Số - Phụ Kiện Số,Phụ Kiện Điện Thoại và Máy Tính Bảng,Bao Da - Ốp Lưng,https://tiki.vn/product-p198650309.html?spid=198650317,237000,4.0,4,16,Likgus,2026-04-28 10:06:10
Ốp Lưng Hybrid Clear Case Trong Suốt Hỗ Trợ Sạc Từ Tính dành cho iPhone 14/ 14 Plus/ 14 Pro / 14 Pro Max- Hàng Chính Hãng,195876189,tiki,Thiết Bị Số - Phụ Kiện Số,Phụ Kiện Điện Thoại và Máy Tính Bảng,Bao Da - Ốp Lưng,https://tiki.vn/product-p195876189.html?spid=195876195,169000,4.8,4,25,Kai Nguyễn,2026-04-28 10:06:10
Bao Da Hiệu Nillkin Da Thật Cho Samsung Galaxy S21 FE Cao Cấp Có Ngăn Đựng Thẻ - Hàng Chính Hãng,185594494,tiki,Thiết Bị Số - Phụ Kiện Số,Phụ Kiện Điện Thoại và Máy Tính Bảng,Bao Da - Ốp Lưng,https://tiki.vn/product-p185594494.html?spid=197354014,219999,0.0,0,0,Nillkin,2026-04-28 10:06:10
"Giá đỡ, kẹp điện thoại cao cấp chống thấm nước cho xe máy, xe đạp OLAPLE - Hàng nhập khẩu",181997472,tiki,Thiết Bị Số - Phụ Kiện Số,Phụ Kiện Điện Thoại và Máy Tính Bảng,Giá Đỡ - Chân Đế - Móc Dán,https://tiki.vn/product-p181997472.html?spid=181997473,189000,3.5,2,14,OLAPLE,2026-04-28 10:06:10
Đế Sạc Nhanh Không Dây Đa Năng 3in1 Remax RP-W53 - Hỗ Trợ Sạc Nhanh Lên Đến 15W - Hàng Chính Hãng,135412837,tiki,Thiết Bị Số - Phụ Kiện Số,Phụ Kiện Điện Thoại và Máy Tính Bảng,Adapter - Củ Sạc,https://tiki.vn/product-p135412837.html?spid=135412841,479000,4.2,59,275,Remax,2026-04-28 10:06:10
Jack chuyển đầu chuyển từ cổng type c sang chân cắm audio 3.5mm Hoco is30 - cáp chuyển type c to 3.5mm cho andoird samsung oppo xiaomi huawei...vv-  hàng chính hãng,133581998,tiki,Thiết Bị Số - Phụ Kiện Số,Phụ Kiện Điện Thoại và Máy Tính Bảng,Dây Sạc - Dây Cáp,https://tiki.vn/product-p133581998.html?spid=270699604,109000,5.0,1,14,Hoco,2026-04-28 10:06:10
Cáp mạng Cat6 UTP UGREEN NW102 - Hàng chính hãng,91189545,tiki,Thiết Bị Số - Phụ Kiện Số,Phụ Kiện Điện Thoại và Máy Tính Bảng,Dây Sạc - Dây Cáp,https://tiki.vn/product-p91189545.html?spid=248983214,209000,0.0,0,4,UGREEN,2026-04-28 10:06:10
"Củ Sạc Điện Thoại Ô Tô 40W, 2 Cổng Type-C PD 20W CHOETECH TC0008 V2 - Hàng Chính Hãng",87228357,tiki,Thiết Bị Số - Phụ Kiện Số,Phụ Kiện Điện Thoại và Máy Tính Bảng,Adapter - Củ Sạc,https://tiki.vn/product-p87228357.html?spid=87228358,100000,4.5,10,53,CHOETECH,2026-04-28 10:06:10
Ốp lưng Samsung Galaxy A51 Likgus Armor chống sốc - Hàng chính hãng - đen,53704251,tiki,Thiết Bị Số - Phụ Kiện Số,Phụ Kiện Điện Thoại và Máy Tính Bảng,Bao Da - Ốp Lưng,https://tiki.vn/product-p53704251.html?spid=90685341,80000,0.0,0,6,Likgus,2026-04-28 10:06:10
Sạc Dự Phòng Hoco J41 - Hàng Chính Hãng,35822630,tiki,Thiết Bị Số - Phụ Kiện Số,Phụ Kiện Điện Thoại và Máy Tính Bảng,Pin Sạc Dự Phòng,https://tiki.vn/product-p35822630.html?spid=146247870,369000,0.0,0,0,Hoco,2026-04-28 10:06:10
Pin Sạc AA Eneloop Pro 2550 mah Made In Japan - Hàng Chính Hãng ( Panasonic Việt Nam nhập khẩu và Phân Phối),28324579,tiki,Thiết Bị Số - Phụ Kiện Số,Phụ Kiện Điện Thoại và Máy Tính Bảng,Linh Kiện Thay Thế,https://tiki.vn/product-p28324579.html?spid=262050257,488000,5.0,1,25,Panasonic,2026-04-28 10:06:10
USB OTG SanDisk Ultra 256GB Dual Drive Type-C 3.1 (SDDDC2-256G) - Hàng Nhập Khẩu,15718175,tiki,Thiết Bị Số - Phụ Kiện Số,Phụ Kiện Điện Thoại và Máy Tính Bảng,Thẻ Nhớ và Bộ Nhớ Mở Rộng,https://tiki.vn/product-p15718175.html?spid=248431403,1099000,4.0,3,6,SanDisk,2026-04-28 10:06:10
Bao Da Ipad 2 / 3 / 4 Smart Case SMARTCASE234-GO - Vàng Đồng - Hàng Nhập Khẩu,698129,tiki,Thiết Bị Số - Phụ Kiện Số,Phụ Kiện Điện Thoại và Máy Tính Bảng,Bao Da - Ốp Lưng,https://tiki.vn/product-p698129.html?spid=167473617,320000,0.0,0,0,Smart Case,2026-04-28 10:06:10
"[Samsung S26 Ultra] Ốp lưng PITAKA Ultra-Slim, Siêu mỏng nhẹ,Tương thích sạc từ tính, nút bảo vệ Camera cho Galaxy S26 Ultra_ Hàng chính hãng",279196680,tiki,Thiết Bị Số - Phụ Kiện Số,Phụ Kiện Điện Thoại và Máy Tính Bảng,Bao Da - Ốp Lưng,https://tiki.vn/product-p279196680.html?spid=279197027,1990000,0.0,0,0,Dux Ducis,2026-04-28 10:06:10
Ốp Bảo Vệ Silicon Gel Dành Cho Airpods Pro 3 UNIQ LINO chống bẩn kèm dây treo_ Hàng chính hãng,279017337,tiki,Thiết Bị Số - Phụ Kiện Số,Phụ Kiện Điện Thoại và Máy Tính Bảng,Hộp Đựng - Túi Đựng Phụ Kiện,https://tiki.vn/product-p279017337.html?spid=279017345,490000,0.0,0,0,ESR,2026-04-28 10:06:10
Sạc dự phòng kiêm cốc sạc Anker Zolo Power Bank Fusion 3 in 1 Built-in USB-C Cable 30W 10000mAh A1637 - Hàng chính hãng,278932830,tiki,Thiết Bị Số - Phụ Kiện Số,Phụ Kiện Điện Thoại và Máy Tính Bảng,Adapter - Củ Sạc,https://tiki.vn/product-p278932830.html?spid=279076612,1550000,0.0,0,0,ANKER,2026-04-28 10:06:10
Bao Case cho Airpods Pro 3 (2025) ESR Cyber FlickLock Magnetic Case - Hàng chính hãng,278712609,tiki,Thiết Bị Số - Phụ Kiện Số,Phụ Kiện Điện Thoại và Máy Tính Bảng,Hộp Đựng - Túi Đựng Phụ Kiện,https://tiki.vn/product-p278712609.html?spid=278712611,660000,0.0,0,4,DEVO,2026-04-28 10:06:10
[Iphone 17] Ốp Lưng Chống Sốc Sạc Từ Tính cho Iphone 17 Pro/ 17 Pro max SKINARMA MAGMA_ Hàng chính hãng,278712224,tiki,Thiết Bị Số - Phụ Kiện Số,Phụ Kiện Điện Thoại và Máy Tính Bảng,Bao Da - Ốp Lưng,https://tiki.vn/product-p278712224.html?spid=278715269,880000,0.0,0,0,ESR,2026-04-28 10:06:10
"Ốp Dẻo Chống Sốc Cho Samsung Tab S10 Lite , S10 FE, S10 FE Plus, S10 Plus , S11 - Trong Suốt Chống Sốc 4 góc - Hàng nhập khẩu",278698066,tiki,Thiết Bị Số - Phụ Kiện Số,Phụ Kiện Điện Thoại và Máy Tính Bảng,Bao Da - Ốp Lưng,https://tiki.vn/product-p278698066.html?spid=277990324,100000,0.0,0,2,GREENCASE,2026-04-28 10:06:10
"Ốp lưng cho SamSung Galaxy Z Fold 7 , Z Fold 6 , Z Fold 5 chính hãng X-level dạng da mềm - Hàng nhập khẩu",278360175,tiki,Thiết Bị Số - Phụ Kiện Số,Phụ Kiện Điện Thoại và Máy Tính Bảng,Bao Da - Ốp Lưng,https://tiki.vn/product-p278360175.html?spid=275813663,155000,0.0,0,0,x-level,2026-04-28 10:06:10
Đế sạc không dây cho Apple Watch Wi wu M23 2 cổng input (C + L) -Bảo Hành 6 tháng - Hàng chính hãng,278226871,tiki,Thiết Bị Số - Phụ Kiện Số,Phụ Kiện Điện Thoại và Máy Tính Bảng,Adapter - Củ Sạc,https://tiki.vn/product-p278226871.html?spid=278226872,250000,0.0,0,0,GREENCASE,2026-04-28 10:06:10
Ốp lưng chống sốc cho iPad A16 Gen 11 2025 chính hãng XUNDD có giá đỡ 3 chế độ - Hàng chính hãng,278001830,tiki,Thiết Bị Số - Phụ Kiện Số,Phụ Kiện Điện Thoại và Máy Tính Bảng,Bao Da - Ốp Lưng,https://tiki.vn/product-p278001830.html?spid=278001831,235000,4.5,2,4,GREENCASE,2026-04-28 10:06:10
Ốp Lưng cho Samsung Galaxy S24 Fe hiệu Nillkin Super Frosted Shield Pro ốp chống sốc chống vân tay - Hàng Chính Hãng,277384574,tiki,Thiết Bị Số - Phụ Kiện Số,Phụ Kiện Điện Thoại và Máy Tính Bảng,Bao Da - Ốp Lưng,https://tiki.vn/product-p277384574.html?spid=277384580,179999,0.0,0,0,Gucase,2026-04-28 10:06:10
"ốp bảo vệ camera, dán camera cho Samsung S26 Ultra , S25 Ultra , S23 Ultra , S24 Ultra  cao cấp - Hàng nhập khẩu",277378074,tiki,Thiết Bị Số - Phụ Kiện Số,Phụ Kiện Điện Thoại và Máy Tính Bảng,Bao Da - Ốp Lưng,https://tiki.vn/product-p277378074.html?spid=275234610,75000,5.0,1,2,GREENCASE,2026-04-28 10:06:10
