title,product_id,platform,category_l1,category_l2,category_l3,product_url,price,rating_score,review_count,sold_count,brand,time_stamp
"Màng bọc thực phẩm Ringo PVC, dùng được trong tủ lạnh, lò vi sóng, có lưỡi cắt tiện lợi, nhiều kích cỡ",278440256,tiki,Nhà Cửa - Đời Sống,Dụng cụ nhà bếp,Dụng cụ chứa đựng thực phẩm,https://tiki.vn/product-p278440256.html?spid=278440262,12000,5.0,1,64,RINGO,2026-04-29 13:47:24
"Màng bọc thực phẩm Ringo PVC cuộn lớn ST412/418/612, dùng được trong tủ lạnh, lò vi sóng, có lưỡi cắt",278440269,tiki,Nhà Cửa - Đời Sống,Dụng cụ nhà bếp,Dụng cụ chứa đựng thực phẩm,https://tiki.vn/product-p278440269.html?spid=278440271,183000,5.0,4,26,RINGO,2026-04-29 13:47:24
"Màng bọc thực phẩm PE Ringo, An toàn, Dùng được trong tủ lạnh, lò vi sóng, có lưỡi cắt dạng trượt",278450828,tiki,Nhà Cửa - Đời Sống,Dụng cụ nhà bếp,Dụng cụ chứa đựng thực phẩm,https://tiki.vn/product-p278450828.html?spid=278450832,17000,5.0,1,21,RINGO,2026-04-29 13:47:24
Giấy Thấm Dầu Nhật Dạng Xấp/Cuộn THP,278448565,tiki,Nhà Cửa - Đời Sống,Dụng cụ nhà bếp,Dụng cụ làm bánh,https://tiki.vn/product-p278448565.html?spid=278448571,23000,5.0,1,23,Tuyền Hưng Phú,2026-04-29 13:47:24
"Giấy Nến Nướng Bánh Goodbake không thấm dầu GB30, dùng được trong lò vi sóng, lò nướng, tủ lạnh",278448531,tiki,Nhà Cửa - Đời Sống,Dụng cụ nhà bếp,Dụng cụ làm bánh,https://tiki.vn/product-p278448531.html?spid=278448533,19000,0.0,0,17,Goodbake,2026-04-29 13:47:24
"Miếng rửa chén bọt biển Scrub Daddy nguyên bản, miếng xốp lau chùi đa năng",279259446,tiki,Nhà Cửa - Đời Sống,Dụng cụ nhà bếp,Phụ kiện nhà bếp,https://tiki.vn/product-p279259446.html?spid=279259448,109000,0.0,0,4,Scrub Daddy,2026-04-29 13:47:24
[NEW] Bộ nồi chảo phủ sứ an toàn Elmich Olive Baby EL5242OV16 size 16cm - Hàng chính hãng,279257939,tiki,Nhà Cửa - Đời Sống,Dụng cụ nhà bếp,Nồi và chảo,https://tiki.vn/product-p279257939.html?spid=279257940,429000,0.0,0,7,Elmich,2026-04-29 13:47:24
[NEW] Nồi phủ sứ chống dính Elmich Olive Classic EL- 5535OV - Hàng chính hãng,279257913,tiki,Nhà Cửa - Đời Sống,Dụng cụ nhà bếp,Nồi và chảo,https://tiki.vn/product-p279257913.html?spid=279257917,635000,0.0,0,0,Elmich,2026-04-29 13:47:24
Bộ hộp cơm giữ nhiệt 2 tầng LocknLock New Tower Vacuum Lunch Box LHC8055VOL thép không gỉ 304 kèm muỗng và họa tiết trang trí,279183781,tiki,Nhà Cửa - Đời Sống,Dụng cụ nhà bếp,Bộ hộp cơm và phụ kiện,https://tiki.vn/product-p279183781.html?spid=279183782,658700,5.0,1,2,LocknLock,2026-04-29 13:47:24
Bộ dao kéo 05 món Elmich diamond EL8404,278965714,tiki,Nhà Cửa - Đời Sống,Dụng cụ nhà bếp,"Dao, kéo và phụ kiện",https://tiki.vn/product-p278965714.html?spid=278965716,749000,5.0,1,7,Elmich,2026-04-29 13:47:24
Giấy chống dính Moriitalia chính hãng GCDD00009027,139732215,tiki,Nhà Cửa - Đời Sống,Dụng cụ nhà bếp,Dụng cụ làm bánh,https://tiki.vn/product-p139732215.html?spid=201549961,56000,0.0,0,5,Moriitalia,2026-04-29 13:47:24
Giấy chống dính Moriitalia an toàn tiện lợi GCDD00009003 - 30cmx5m,145540375,tiki,Nhà Cửa - Đời Sống,Dụng cụ nhà bếp,Dụng cụ làm bánh,https://tiki.vn/product-p145540375.html?spid=201549808,20000,5.0,2,54,Moriitalia,2026-04-29 13:47:24
Bộ nạo cắt rau củ đa năng Yoko - Inochi,277972005,tiki,Nhà Cửa - Đời Sống,Dụng cụ nhà bếp,"Dao, kéo và phụ kiện",https://tiki.vn/product-p277972005.html?spid=277972007,145000,5.0,3,19,Inochi,2026-04-29 13:47:24
"[4026] BG Kệ đa năng 3/4/5 - bánh xe, giỏ đựng đồ, Dễ dàng di chuyển giá sách đa năng,Kệ đa năng có bánh xe, di chuyển tiện lợi (hàng nhập khẩu)",273562361,tiki,Nhà Cửa - Đời Sống,Dụng cụ nhà bếp,Kệ nhà bếp,https://tiki.vn/product-p273562361.html?spid=273562369,73000,4.5,10,81,BG,2026-04-29 13:47:24
Khuôn Nướng Bánh Silicon Hình Chữ Nhật La Fonte YY20790,252102,tiki,Nhà Cửa - Đời Sống,Dụng cụ nhà bếp,Dụng cụ làm bánh,https://tiki.vn/product-p252102.html?spid=252113,75000,3.5,2,25,La Fonte,2026-04-29 13:47:24
Chảo chống dính Ceramic elmich Olive EL5984OV,278965611,tiki,Nhà Cửa - Đời Sống,Dụng cụ nhà bếp,Nồi và chảo,https://tiki.vn/product-p278965611.html?spid=278965613,251000,5.0,2,27,Elmich,2026-04-29 13:47:24
"Nồi phủ sứ chống dính Elmich Olive Classic EL5533OV size 16,18,20cm - Hàng chính hãng",278731507,tiki,Nhà Cửa - Đời Sống,Dụng cụ nhà bếp,Nồi và chảo,https://tiki.vn/product-p278731507.html?spid=278731513,346000,0.0,0,26,Elmich,2026-04-29 13:47:24
Găng tay xốp 100 cái/hộp THP Tuyền Hưng  Phú - Hàng chĩnh hãng,278451559,tiki,Nhà Cửa - Đời Sống,Dụng cụ nhà bếp,Phụ kiện nhà bếp,https://tiki.vn/product-p278451559.html?spid=278451560,14000,5.0,1,54,Tuyền Hưng Phú,2026-04-29 13:47:24
Giấy Chống Dính Moriitalia GCDD00009034 (0.45 x 75 m),1315523,tiki,Nhà Cửa - Đời Sống,Dụng cụ nhà bếp,Dụng cụ làm bánh,https://tiki.vn/product-p1315523.html?spid=1357999,322000,0.0,0,2,Moriitalia,2026-04-29 13:47:24
Giấy nướng bánh cupcake La Fonte set 100 khuôn YY20410,147078932,tiki,Nhà Cửa - Đời Sống,Dụng cụ nhà bếp,Dụng cụ làm bánh,https://tiki.vn/product-p147078932.html?spid=201549922,47000,5.0,1,17,La Fonte,2026-04-29 13:47:24
Thùng /Hộp Đựng Gạo 25kg Chống Côn Trùng Có Bánh Xe - Có Thể Xếp Gọn - Chọn Màu ( Tặng Kèm Dụng Cụ Đong Gạo ) - Hàng Chính Hãng,155178088,tiki,Nhà Cửa - Đời Sống,Dụng cụ nhà bếp,Phụ kiện nhà bếp,https://tiki.vn/product-p155178088.html?spid=155178090,499800,5.0,2,8,PaKaSa,2026-04-29 13:47:24
Khuôn nướng bánh La Fonte silicon hình chữ nhật YY20790,141235470,tiki,Nhà Cửa - Đời Sống,Dụng cụ nhà bếp,Dụng cụ làm bánh,https://tiki.vn/product-p141235470.html?spid=201549754,73200,0.0,0,9,La Fonte,2026-04-29 13:47:24
Khuôn Nướng Bánh Silicon 6 Ô La Fonte YY20032,252060,tiki,Nhà Cửa - Đời Sống,Dụng cụ nhà bếp,Dụng cụ làm bánh,https://tiki.vn/product-p252060.html?spid=252067,75000,1.0,1,67,La Fonte,2026-04-29 13:47:24
"Túi Đựng Rau Quả LAS PALMS Tự Hủy Sinh Học (240-250 túi/ Cuộn) - Nhiều kích thước, Công Nghệ Anh Quốc",278125395,tiki,Nhà Cửa - Đời Sống,Dụng cụ nhà bếp,Dụng cụ chứa đựng thực phẩm,https://tiki.vn/product-p278125395.html?spid=278125397,29000,5.0,4,17,Las Palms,2026-04-29 13:47:24
"Máy xay muối và tiêu LocknLock một chạm 2 màu (Trắng, Đen) - CKO118",278102824,tiki,Nhà Cửa - Đời Sống,Dụng cụ nhà bếp,Phụ kiện nhà bếp,https://tiki.vn/product-p278102824.html?spid=278102826,255000,5.0,3,30,LocknLock,2026-04-29 13:47:24
"Hộp Cơm Inox 2 Tầng LocknLock LCB500 1.6L, Hàng Chính Hãng, Chia Ngăn, Thép Không Gỉ",278100554,tiki,Nhà Cửa - Đời Sống,Dụng cụ nhà bếp,Bộ hộp cơm và phụ kiện,https://tiki.vn/product-p278100554.html?spid=278100558,286000,3.0,1,126,LocknLock,2026-04-29 13:47:24
Nồi phủ sứ chống dính Elmich Olive Classic EL-5535OV - Hàng chính hãng,277835689,tiki,Nhà Cửa - Đời Sống,Dụng cụ nhà bếp,Nồi và chảo,https://tiki.vn/product-p277835689.html?spid=277835691,304000,4.7,7,88,Elmich,2026-04-29 13:47:24
Chảo chống dính Elmich EL5972,277776638,tiki,Nhà Cửa - Đời Sống,Dụng cụ nhà bếp,Nồi và chảo,https://tiki.vn/product-p277776638.html?spid=277776824,187000,4.1,8,1657,Elmich,2026-04-29 13:47:24
Nồi phủ sứ an toàn Elmich Verona EL5525SK,277776439,tiki,Nhà Cửa - Đời Sống,Dụng cụ nhà bếp,Nồi và chảo,https://tiki.vn/product-p277776439.html?spid=277776893,325500,5.0,1,112,Elmich,2026-04-29 13:47:24
"Hộp bảo quản thực phẩm EL843X (từ 700ml đến 5,5L)",277740548,tiki,Nhà Cửa - Đời Sống,Dụng cụ nhà bếp,Dụng cụ chứa đựng thực phẩm,https://tiki.vn/product-p277740548.html?spid=277742129,52500,5.0,1,41,Elmich,2026-04-29 13:47:24
"Bình Gas Bơm Bật Lửa Bluesky 5 Đầu Bơm Dung Tích 150gr/275ml Siêu Tiện Dụng, Bình Bơm Gas Bật Lửa Hàn Quốc",276440258,tiki,Nhà Cửa - Đời Sống,Dụng cụ nhà bếp,"Bếp nướng, vỉ nướng",https://tiki.vn/product-p276440258.html?spid=276440259,75000,5.0,48,749,AlphaVH,2026-04-29 13:47:24
Túi giữ mát đựng cơm hằng ngày LocknLock,276177979,tiki,Nhà Cửa - Đời Sống,Dụng cụ nhà bếp,Phụ kiện nhà bếp,https://tiki.vn/product-p276177979.html?spid=276177984,187550,4.7,14,103,LocknLock,2026-04-29 13:47:24
Chảo inox 3 lớp nguyên khối Elmich Trimax EL-3846 size 26,276025157,tiki,Nhà Cửa - Đời Sống,Dụng cụ nhà bếp,Nồi và chảo,https://tiki.vn/product-p276025157.html?spid=276025158,415013,4.8,6,42,Elmich,2026-04-29 13:47:24
Hộp đựng thực phẩm bằng thép không gỉ LocknLock Color Coated STS Container nhiều dung tích,276018795,tiki,Nhà Cửa - Đời Sống,Dụng cụ nhà bếp,Dụng cụ chứa đựng thực phẩm,https://tiki.vn/product-p276018795.html?spid=276020515,136500,5.0,18,209,LocknLock,2026-04-29 13:47:24
Chảo chống dính vân gỗ Elmich Nature EL5947MG,275575217,tiki,Nhà Cửa - Đời Sống,Dụng cụ nhà bếp,Nồi và chảo,https://tiki.vn/product-p275575217.html?spid=275575665,223000,5.0,7,39,Elmich,2026-04-29 13:47:24
Máy xay tỏi ớt cầm tay Elmich PBE-8659 - Hàng chính hãng,275512799,tiki,Nhà Cửa - Đời Sống,Dụng cụ nhà bếp,Phụ kiện nhà bếp,https://tiki.vn/product-p275512799.html?spid=275512800,298000,4.8,20,145,Elmich,2026-04-29 13:47:24
Túi hút chân không thực phẩm dạng cuộn Elmich EL0024D,275511650,tiki,Nhà Cửa - Đời Sống,Dụng cụ nhà bếp,Dụng cụ chứa đựng thực phẩm,https://tiki.vn/product-p275511650.html?spid=275511975,62000,4.8,4,72,Elmich,2026-04-29 13:47:24
Bộ nồi chảo chống dính Elmich baby EL1168 size16cm,274054379,tiki,Nhà Cửa - Đời Sống,Dụng cụ nhà bếp,Nồi và chảo,https://tiki.vn/product-p274054379.html?spid=274054638,439000,4.5,9,125,Elmich,2026-04-29 13:47:24
Hộp bảo quản thủy tinh LocknLock BLANC - Hộp vuông,272639442,tiki,Nhà Cửa - Đời Sống,Dụng cụ nhà bếp,Dụng cụ chứa đựng thực phẩm,https://tiki.vn/product-p272639442.html?spid=275706171,62150,4.6,52,706,LocknLock,2026-04-29 13:47:24
Hộp bảo quản thủy tinh LocknLock BLANC - Hộp chữ nhật,272638497,tiki,Nhà Cửa - Đời Sống,Dụng cụ nhà bếp,Dụng cụ chứa đựng thực phẩm,https://tiki.vn/product-p272638497.html?spid=272638504,69850,5.0,59,708,LocknLock,2026-04-29 13:47:24
Set 10 Khay nướng bạc cho nồi chiên không dầu tiện ích 18cm,270989166,tiki,Nhà Cửa - Đời Sống,Dụng cụ nhà bếp,Dụng cụ làm bánh,https://tiki.vn/product-p270989166.html?spid=271312398,1000,0.0,0,53,OEM,2026-04-29 13:47:24
"Hũ thủy tinh làm sữa chua 200ml dáng béo bụng , hũ thủy tinh đựng hương liệu, mật ong, làm sữa chua",253133906,tiki,Nhà Cửa - Đời Sống,Dụng cụ nhà bếp,Dụng cụ chứa đựng thực phẩm,https://tiki.vn/product-p253133906.html?spid=253133908,69000,4.8,14,153,PEAFLO,2026-04-29 13:47:24
"Bộ nồi Inox dập nguyên khối Elmich Trimax Classic EL-2110OL Size 18, 20, 24, chảo 26cm",195109412,tiki,Nhà Cửa - Đời Sống,Dụng cụ nhà bếp,Nồi và chảo,https://tiki.vn/product-p195109412.html?spid=195109415,2108000,4.6,50,296,Elmich,2026-04-29 13:47:24
"Combo 02 Hộp nhựa chứa đựng, bảo quản thực phẩm khô cao cấp Inomata Canister - Made in Japan",113338100,tiki,Nhà Cửa - Đời Sống,Dụng cụ nhà bếp,Dụng cụ chứa đựng thực phẩm,https://tiki.vn/product-p113338100.html?spid=113338108,72800,0.0,0,0,INOMATA,2026-04-29 13:47:24
Cây bật lửa đốt nến có thể điều chỉnh,108851610,tiki,Nhà Cửa - Đời Sống,Dụng cụ nhà bếp,"Bếp nướng, vỉ nướng",https://tiki.vn/product-p108851610.html?spid=278790153,99000,0.0,0,25,OEM,2026-04-29 13:47:24
Hộp đựng thức ăn cho bé Lock&Lock có vạch chia 230ml x 3 hộp LLG508S3,72652203,tiki,Nhà Cửa - Đời Sống,Dụng cụ nhà bếp,Dụng cụ chứa đựng thực phẩm,https://tiki.vn/product-p72652203.html?spid=72652204,228800,4.8,834,12636,LocknLock,2026-04-29 13:47:24
0.5kg túi zipper chỉ đỏ đựng thực phẩm,55365176,tiki,Nhà Cửa - Đời Sống,Dụng cụ nhà bếp,Dụng cụ chứa đựng thực phẩm,https://tiki.vn/product-p55365176.html?spid=55365180,49000,4.8,272,1902,Túi ni lông tự phân hủy sinh học GIMEX II,2026-04-29 13:47:24
"Bộ Hộp Cơm Giữ Nhiệt Lock&Lock Easy Carry 2L LHC8039 Có Túi (1 Hộp 720ml, 2 Hộp 420ml Kèm 1 Bộ Muỗng Và Nĩa)",53583472,tiki,Nhà Cửa - Đời Sống,Dụng cụ nhà bếp,Bộ hộp cơm và phụ kiện,https://tiki.vn/product-p53583472.html?spid=53583474,1268400,4.7,2723,11951,LocknLock,2026-04-29 13:47:24
1 Kg túi zip chỉ đỏ thương hiệu Gimex II,52885368,tiki,Nhà Cửa - Đời Sống,Dụng cụ nhà bếp,Dụng cụ chứa đựng thực phẩm,https://tiki.vn/product-p52885368.html?spid=52885370,129000,4.8,269,2268,Túi ni lông tự phân hủy sinh học GIMEX II,2026-04-29 13:47:24
Bình Đựng Dầu Với Nắp Mở Tự Động Lock&Lock CKO101BLK (550ml),2127549,tiki,Nhà Cửa - Đời Sống,Dụng cụ nhà bếp,Dụng cụ chứa đựng thực phẩm,https://tiki.vn/product-p2127549.html?spid=2130501,178100,4.8,1677,18893,LocknLock,2026-04-29 13:47:24
Màng Bọc Thực Phẩm PVC Laspalms - 30cmx368m,528943,tiki,Nhà Cửa - Đời Sống,Dụng cụ nhà bếp,Dụng cụ chứa đựng thực phẩm,https://tiki.vn/product-p528943.html?spid=249113,236000,4.7,100,1599,Laspalms,2026-04-29 13:47:24
Hộp Trữ Đông Thực Phẩm Freezer Fit Locknlock Màu Tự Nhiên nhiều dung tích,279216083,tiki,Nhà Cửa - Đời Sống,Dụng cụ nhà bếp,Dụng cụ chứa đựng thực phẩm,https://tiki.vn/product-p279216083.html?spid=279216089,59950,4.0,1,2,LocknLock,2026-04-29 13:47:24
Kéo Cắt Gà Làm Bếp Đa Năng ASAKH SK5 Cán Thép No.H48 Loại To Dày,278830366,tiki,Nhà Cửa - Đời Sống,Dụng cụ nhà bếp,"Dao, kéo và phụ kiện",https://tiki.vn/product-p278830366.html?spid=278830367,95000,5.0,1,11,ASAKH,2026-04-29 13:47:24
"Chảo Chống Dính LocknLock Grano IH, Dùng Được Bếp Từ, Nhiều Size, Hàng Chính Hãng - JoyMall",278682898,tiki,Nhà Cửa - Đời Sống,Dụng cụ nhà bếp,Nồi và chảo,https://tiki.vn/product-p278682898.html?spid=278682904,533000,5.0,3,4,LocknLock,2026-04-29 13:47:24
"Set 4 Miếng Lót Nồi Silicon Vuông Chống Trầy Xước Bếp Từ/Bếp Điện – Bảo Vệ Mặt Bếp Cảm Ứng, Chịu Nhiệt 300°C, Chống Trượt An Toàn - HÀNG CHÍNH HÃNG MINIIN",278505336,tiki,Nhà Cửa - Đời Sống,Dụng cụ nhà bếp,Phụ kiện nhà bếp,https://tiki.vn/product-p278505336.html?spid=278505346,19000,4.7,3,12,MINIIN,2026-04-29 13:47:24
Giấy bạc/Màng nhôm lá mỏng Sakura - Hàng chính hãng,278450965,tiki,Nhà Cửa - Đời Sống,Dụng cụ nhà bếp,Phụ kiện nhà bếp,https://tiki.vn/product-p278450965.html?spid=278451167,26000,5.0,1,14,SAKURA,2026-04-29 13:47:24
"Cuộn túi hút chân không một mặt nhám, một mặt trơn đựng thực phẩm dài 5m",278421345,tiki,Nhà Cửa - Đời Sống,Dụng cụ nhà bếp,Dụng cụ chứa đựng thực phẩm,https://tiki.vn/product-p278421345.html?spid=278421347,65500,0.0,0,4,HENRYSA Bạn của mọi nhà,2026-04-29 13:47:24
"Túi Đựng Cơm Giữ Nhiệt Đa Năng, Kéo Khóa Chống Thấm Cao Cấp, Giữ Nhiệt Tốt Tiện Dụng, Nhiều Màu - Họa Tiết Đẹp Đa Dạng",278248771,tiki,Nhà Cửa - Đời Sống,Dụng cụ nhà bếp,Bộ hộp cơm và phụ kiện,https://tiki.vn/product-p278248771.html?spid=278248773,45000,5.0,1,1,LYNUSAN,2026-04-29 13:47:24
Chảo Gang Tròn Chống Dính Size 20-26Cm Cán Gỗ Chống Bỏng Đổ Bánh Xèo Chiên Trứng Dùng Cho Mọi Loại Bếp,277923199,tiki,Nhà Cửa - Đời Sống,Dụng cụ nhà bếp,Nồi và chảo,https://tiki.vn/product-p277923199.html?spid=277923201,66000,4.5,5,89,fofaHome,2026-04-29 13:47:24
Hộp cơm 2 tầng inox 304 Elmich EL8313 (1.5L) - Hàng chính hãng,277835581,tiki,Nhà Cửa - Đời Sống,Dụng cụ nhà bếp,Bộ hộp cơm và phụ kiện,https://tiki.vn/product-p277835581.html?spid=277835631,311000,5.0,7,51,Elmich,2026-04-29 13:47:24
Hộp cơm cho trẻ em chia ngăn inox 304 Elmich Babycare EL0009 - Hàng chính hãng,277821933,tiki,Nhà Cửa - Đời Sống,Dụng cụ nhà bếp,Dụng cụ chứa đựng thực phẩm,https://tiki.vn/product-p277821933.html?spid=277821937,221340,5.0,2,20,Elmich,2026-04-29 13:47:24
Chảo inox nguyên khối Elmich Basic EL2840IN,277742284,tiki,Nhà Cửa - Đời Sống,Dụng cụ nhà bếp,Nồi và chảo,https://tiki.vn/product-p277742284.html?spid=277742288,319000,5.0,2,11,Elmich,2026-04-29 13:47:24
Hộp cơm giữ nhiệt inox 304 Elmich EL8302 dung tích 1.7L - Hàng chính hãng,277742262,tiki,Nhà Cửa - Đời Sống,Dụng cụ nhà bếp,Bộ hộp cơm và phụ kiện,https://tiki.vn/product-p277742262.html?spid=277742264,688000,5.0,1,9,Elmich,2026-04-29 13:47:24
Chảo chống dính Elmich Basic EL5952GR - Hàng chính hãng,277740584,tiki,Nhà Cửa - Đời Sống,Dụng cụ nhà bếp,Nồi và chảo,https://tiki.vn/product-p277740584.html?spid=277740586,157000,5.0,2,27,Elmich,2026-04-29 13:47:24
Chảo phủ sứ an toàn Elmich Verona EL5968SK,277716169,tiki,Nhà Cửa - Đời Sống,Dụng cụ nhà bếp,Nồi và chảo,https://tiki.vn/product-p277716169.html?spid=277723141,336000,0.0,0,31,Elmich,2026-04-29 13:47:24
Vỏ Hột Quẹt Bật Lửa Ga Đá Khò 1 Tia cực mạnh Aomai AM-228 Giữ Lửa Tự Động an toàn,277525338,tiki,Nhà Cửa - Đời Sống,Dụng cụ nhà bếp,"Bếp nướng, vỉ nướng",https://tiki.vn/product-p277525338.html?spid=277525340,125350,5.0,1,23,OEM,2026-04-29 13:47:24
Set 3 Hộp Đựng Cơm Giữ Nhiệt Hộp Đựng Cơm Văn Phòng Chất Liệu Inox 304 Có Kèm Phụ Kiện Thìa Và Đũa,277404060,tiki,Nhà Cửa - Đời Sống,Dụng cụ nhà bếp,Bộ hộp cơm và phụ kiện,https://tiki.vn/product-p277404060.html?spid=277404061,89000,4.0,4,32,fofaHome,2026-04-29 13:47:24
"Chậu rửa bát inox304 bán nguyệt 5li chống xước 7546 Valenza, vòi rửa bát rút dây nóng lạnh 01, bộ xả 18cm, khay inox, rổ inox lỗ, bình rửa bát, rửa ly cốc",275867168,tiki,Nhà Cửa - Đời Sống,Dụng cụ nhà bếp,Phụ kiện nhà bếp,https://tiki.vn/product-p275867168.html?spid=275867170,2295000,5.0,5,4,Valenza,2026-04-29 13:47:24
Bộ thau rổ Rose Elmich 17cm EL0269,275737215,tiki,Nhà Cửa - Đời Sống,Dụng cụ nhà bếp,Dụng cụ chứa đựng thực phẩm,https://tiki.vn/product-p275737215.html?spid=275737216,67000,0.0,0,15,Elmich,2026-04-29 13:47:24
"Bật Lửa Diêm Xăng Sinh Tồn Vuông Xài Xăng, Hộp Quẹt Diêm Xăng Vĩnh Cửu Vuông Có Móc Treo Chìa Khóa Đính Kèm Rất Tiện Lợi",275715313,tiki,Nhà Cửa - Đời Sống,Dụng cụ nhà bếp,"Bếp nướng, vỉ nướng",https://tiki.vn/product-p275715313.html?spid=275715315,25000,5.0,2,24,Hier,2026-04-29 13:47:24
Chảo chống dính Elmich EL4718OL,275511640,tiki,Nhà Cửa - Đời Sống,Dụng cụ nhà bếp,Nồi và chảo,https://tiki.vn/product-p275511640.html?spid=275511870,210000,5.0,37,229,Elmich,2026-04-29 13:47:24
Túi Lọc Trà Lọc Gia Vị Vải Không Dệt (combo 200 túi) - Hàng chính hãng,275425903,tiki,Nhà Cửa - Đời Sống,Dụng cụ nhà bếp,Phụ kiện nhà bếp,https://tiki.vn/product-p275425903.html?spid=275425904,59000,4.8,10,83,PaKaSa,2026-04-29 13:47:24
"Dụng Cụ Bơm Hút Rượu Xăng Dầu Chất Lỏng Bóp Tay - Ống Hút Xăng Dầu Chất Lỏng Bóp Tay, Dụng Để Hút Rượu, Nước Bể Cá",274361909,tiki,Nhà Cửa - Đời Sống,Dụng cụ nhà bếp,Phụ kiện nhà bếp,https://tiki.vn/product-p274361909.html?spid=274361910,18000,4.5,7,120,fofaHome,2026-04-29 13:47:24
Dao nhà bếp đa năng Elmich Diamond EL8408 - Hàng Chính Hãng,273574254,tiki,Nhà Cửa - Đời Sống,Dụng cụ nhà bếp,"Dao, kéo và phụ kiện",https://tiki.vn/product-p273574254.html?spid=274054635,195300,4.5,12,59,Elmich,2026-04-29 13:47:24
Bộ dao kéo 05 món Elmich diamond EL8404 - Hàng Chính Hãng,273570265,tiki,Nhà Cửa - Đời Sống,Dụng cụ nhà bếp,"Dao, kéo và phụ kiện",https://tiki.vn/product-p273570265.html?spid=274054611,749000,5.0,16,73,Elmich,2026-04-29 13:47:24
Nồi men sứ Elmich Hera II EL5203GY - Hàng Chính Hãng,273227743,tiki,Nhà Cửa - Đời Sống,Dụng cụ nhà bếp,Nồi và chảo,https://tiki.vn/product-p273227743.html?spid=273247025,511000,5.0,3,12,Elmich,2026-04-29 13:47:24
Hộp cơm inox 304 Elmich EL 8304 dung tích 1.3L,272363241,tiki,Nhà Cửa - Đời Sống,Dụng cụ nhà bếp,Bộ hộp cơm và phụ kiện,https://tiki.vn/product-p272363241.html?spid=272363244,424000,4.1,11,87,Elmich,2026-04-29 13:47:24
"Vá Canh Gỗ - Vá Lỗ Múc Canh, Lẩu Bằng Gỗ Xà Cừ Thiết Kế Sang Trọng Cao Cấp - Đồ Dùng Gia Dụng Gỗ Trường Sơn",269895467,tiki,Nhà Cửa - Đời Sống,Dụng cụ nhà bếp,Phụ kiện nhà bếp,https://tiki.vn/product-p269895467.html?spid=269895469,49000,5.0,1,28,Trường Sơn,2026-04-29 13:47:24
Bình ga Blue Hàn Quốc 150 gram cho bật-lửa-hộp-quẹt kèm 5 đầu bơm,262512971,tiki,Nhà Cửa - Đời Sống,Dụng cụ nhà bếp,"Bếp nướng, vỉ nướng",https://tiki.vn/product-p262512971.html?spid=275836298,95000,5.0,1,7,OEM,2026-04-29 13:47:24
Khay làm đá có nắp đậy Inomata Cool Ice 8 viên / 12 viên / 48 viên - Hàng nội địa Nhật Bản |#Made in Japan|,242085430,tiki,Nhà Cửa - Đời Sống,Dụng cụ nhà bếp,Phụ kiện nhà bếp,https://tiki.vn/product-p242085430.html?spid=242085434,38500,0.0,0,12,INOMATA,2026-04-29 13:47:24
Ca đong thủy tinh có vạch chia dung tích (350 - 500 - 1000ml),200802991,tiki,Nhà Cửa - Đời Sống,Dụng cụ nhà bếp,Dụng cụ làm bánh,https://tiki.vn/product-p200802991.html?spid=200803008,92000,5.0,1,5,CRYSTAN,2026-04-29 13:47:24
"Bộ nồi Inox liền khối Elmich Milano EL-8090 size 16, 20, 22cm",198458847,tiki,Nhà Cửa - Đời Sống,Dụng cụ nhà bếp,Nồi và chảo,https://tiki.vn/product-p198458847.html?spid=198458849,1762688,5.0,4,16,Elmich,2026-04-29 13:47:24
Bộ Bàn Chải Vệ Sinh Các Khe LocknLock ETM415 - 2 cái/bộ,191918105,tiki,Nhà Cửa - Đời Sống,Dụng cụ nhà bếp,Phụ kiện nhà bếp,https://tiki.vn/product-p191918105.html?spid=191918106,27950,4.7,47,558,LocknLock,2026-04-29 13:47:24
Cặp Lồng Inox 3 Tầng 1.4 - 2 Lít -Cặp Lồng  Đựng Cơm Cháo Phở Giữ Nhiệt Cao Cấp - Cà Mên Inox - Hàng Loại 1 - Chính Hãng MINIIN,173553141,tiki,Nhà Cửa - Đời Sống,Dụng cụ nhà bếp,Bộ hộp cơm và phụ kiện,https://tiki.vn/product-p173553141.html?spid=173553143,109000,4.1,8,97,MINIIN,2026-04-29 13:47:24
Hũ Đựng Gia Vị Lọ Đựng Gia Vị Kèm Thìa Tiện Lợi Hộp Kèm Thìa Tiện Lợi - Hàng Loại 1 - Chính Hãng MINIIN,154604665,tiki,Nhà Cửa - Đời Sống,Dụng cụ nhà bếp,Dụng cụ chứa đựng thực phẩm,https://tiki.vn/product-p154604665.html?spid=154604666,15000,3.7,23,362,MINIIN,2026-04-29 13:47:24
"Thùng Đựng Gạo, Ngũ Cốc Thông Minh Kèm Cốc Vo Gạo",101990592,tiki,Nhà Cửa - Đời Sống,Dụng cụ nhà bếp,Thùng đựng gạo,https://tiki.vn/product-p101990592.html?spid=101990594,215000,4.7,26,109,PEAFLO,2026-04-29 13:47:24
"Kéo Thép Đa Năng Nhật Bản, Size Lớn, Chất Liệu Thép Cao Cấp Không Gỉ",52731281,tiki,Nhà Cửa - Đời Sống,Dụng cụ nhà bếp,"Dao, kéo và phụ kiện",https://tiki.vn/product-p52731281.html?spid=58693597,24000,4.8,50,190,OEM,2026-04-29 13:47:24
Túi đựng thực phẩm tự hủy sinh học An Lành 25x35cmx1kg,25146804,tiki,Nhà Cửa - Đời Sống,Dụng cụ nhà bếp,Dụng cụ chứa đựng thực phẩm,https://tiki.vn/product-p25146804.html?spid=75674860,70000,5.0,1,19,OEM,2026-04-29 13:47:24
Ấm đun nước Inox 304 Elmich 3L EL3373 dùng bếp từ,5146283,tiki,Nhà Cửa - Đời Sống,Dụng cụ nhà bếp,Ấm nước các loại,https://tiki.vn/product-p5146283.html?spid=24184878,607950,4.7,301,1101,Elmich,2026-04-29 13:47:24
"Kệ Đẩy 3 Tầng Mặt Gỗ Đa Năng, Kệ Đựng Đồ Spa, Showrom, Nhà Bếp Đồ Khô Có Bánh Xe",279270444,tiki,Nhà Cửa - Đời Sống,Dụng cụ nhà bếp,Kệ nhà bếp,https://tiki.vn/product-p279270444.html?spid=279270445,265000,0.0,0,2,PEAFLO,2026-04-29 13:47:24
Hộp Thủy Tinh LocknLock đựng thức ăn 215ml*3 - LLG540S3GRN,279217847,tiki,Nhà Cửa - Đời Sống,Dụng cụ nhà bếp,Dụng cụ chứa đựng thực phẩm,https://tiki.vn/product-p279217847.html?spid=279217848,311400,0.0,0,0,Lock&Lock,2026-04-29 13:47:24
Chảo chống dính Ceramic Elmich EL5980,279196915,tiki,Nhà Cửa - Đời Sống,Dụng cụ nhà bếp,Nồi và chảo,https://tiki.vn/product-p279196915.html?spid=279196919,288000,0.0,0,0,Elmich,2026-04-29 13:47:24
Chảo inox liền khối Elmich Basic EL2862IN,278965649,tiki,Nhà Cửa - Đời Sống,Dụng cụ nhà bếp,Nồi và chảo,https://tiki.vn/product-p278965649.html?spid=278965651,328650,0.0,0,0,Elmich,2026-04-29 13:47:24
Vỏ Hột Quẹt Bật Lửa Khò Guang 1 Tia Độc Lạ Có Nắp Bật Dùng Gas Cao Cấp - Mẫu Mới Có Nút Chỉnh To Nhỏ Lửa,278962463,tiki,Nhà Cửa - Đời Sống,Dụng cụ nhà bếp,"Bếp nướng, vỉ nướng",https://tiki.vn/product-p278962463.html?spid=277525064,67850,4.5,2,13,OEM,2026-04-29 13:47:24
"Set 10 Khăn Lau Tay, Chén Dĩa Nhà Bếp Chất Liệu Sợi Len Siêu Thấm - Giao Màu Ngẫu Nhiên",278627182,tiki,Nhà Cửa - Đời Sống,Dụng cụ nhà bếp,Phụ kiện nhà bếp,https://tiki.vn/product-p278627182.html?spid=278627183,56000,0.0,0,6,PEAFLO,2026-04-29 13:47:24
"Nồi đất sứ loại 1 tráng men chống dính có nắp, sâu lòng, cạn lòng - Kho cá, thịt, mì cay, cơm niêu",277994110,tiki,Nhà Cửa - Đời Sống,Dụng cụ nhà bếp,Nồi và chảo,https://tiki.vn/product-p277994110.html?spid=277994112,79000,0.0,0,9,PEAFLO,2026-04-29 13:47:24
Bộ hộp thuỷ tinh vuông Nikko kèm túi giữ nhiệt Yoshino - Inochi,277971809,tiki,Nhà Cửa - Đời Sống,Dụng cụ nhà bếp,Bộ hộp cơm và phụ kiện,https://tiki.vn/product-p277971809.html?spid=277971813,214000,1.0,1,10,Inochi,2026-04-29 13:47:24
Chảo Inox chống dính dập nguyên khối Elmich Trimax EL2430OL,277742161,tiki,Nhà Cửa - Đời Sống,Dụng cụ nhà bếp,Nồi và chảo,https://tiki.vn/product-p277742161.html?spid=277742165,433000,5.0,3,12,Elmich,2026-04-29 13:47:24
Vỏ Hột Quẹt Bật Lửa Honest Khò 2 Tia cực mạnh BCZ359 Dùng Gas Cao Cấp,277523516,tiki,Nhà Cửa - Đời Sống,Dụng cụ nhà bếp,"Bếp nướng, vỉ nướng",https://tiki.vn/product-p277523516.html?spid=277523517,274850,3.7,3,19,OEM,2026-04-29 13:47:24
"Cân tiểu ly điện tử 5.0Kg 0.1g SH-131 - chính xác từng 0.1 gam, hàng chính hãng",276660413,tiki,Nhà Cửa - Đời Sống,Dụng cụ nhà bếp,Dụng cụ làm bánh,https://tiki.vn/product-p276660413.html?spid=276679703,132000,0.0,0,25,Gro-Fa,2026-04-29 13:47:24
"MPE1E - Khổ 30cm - 1.08kg - 1 cuộn màng co PE trong suốt - Cuộn màng bọc PE, màng chít quấn hàng",276583414,tiki,Nhà Cửa - Đời Sống,Dụng cụ nhà bếp,Phụ kiện nhà bếp,https://tiki.vn/product-p276583414.html?spid=276583415,85140,0.0,0,39,MAGIX,2026-04-29 13:47:24
"Hộp đựng thực phẩm LocknLock LST511 nhiều size, Hàng chính hãng, thép không gỉ, khóa cạnh chắc chắn - JoyMall",276441369,tiki,Nhà Cửa - Đời Sống,Dụng cụ nhà bếp,Dụng cụ chứa đựng thực phẩm,https://tiki.vn/product-p276441369.html?spid=276441373,210000,5.0,1,13,LocknLock,2026-04-29 13:47:24
"Khăn Ướt Lau Bếp LET-GREEN | Sạch Nhanh Ố Dầu, Kháng Khuẩn Hiệu Quả | 30 Tờ/Bao",276123712,tiki,Nhà Cửa - Đời Sống,Dụng cụ nhà bếp,Phụ kiện nhà bếp,https://tiki.vn/product-p276123712.html?spid=248457119,36100,4.8,5,57,Let-green,2026-04-29 13:47:24
Bộ thau rổ Rose Elmich 23cm EL0270,275737213,tiki,Nhà Cửa - Đời Sống,Dụng cụ nhà bếp,Dụng cụ chứa đựng thực phẩm,https://tiki.vn/product-p275737213.html?spid=275737214,93713,5.0,1,7,Elmich,2026-04-29 13:47:24
"Rổ Mây Đựng Đồ, Giỏ Mây Cắm Hoa ANKAN Thích Hợp Đi Picnic, Đựng Phụ Kiện Chụp Ảnh, Sắp Xếp Đồ Dùng Trong Nhà",274910628,tiki,Nhà Cửa - Đời Sống,Dụng cụ nhà bếp,Dụng cụ chứa đựng thực phẩm,https://tiki.vn/product-p274910628.html?spid=274910662,49000,0.0,0,28,ANKAN,2026-04-29 13:47:24
Cuộn Túi Hút Chân Không Thực Phẩm Một Mặt Nhám Một Mặt Trơn Dạng Hạt Mịn Phù Hợp Cho Tất Cả Các Dòng Máy Hút Chân Không - Hàng Chính Hãng,273901280,tiki,Nhà Cửa - Đời Sống,Dụng cụ nhà bếp,Dụng cụ chứa đựng thực phẩm,https://tiki.vn/product-p273901280.html?spid=273901290,59590,4.7,3,140,PaKaSa,2026-04-29 13:47:24
Bật lửa hột quẹt khè gas đá Aomai AM365 - xài gas,273358865,tiki,Nhà Cửa - Đời Sống,Dụng cụ nhà bếp,"Bếp nướng, vỉ nướng",https://tiki.vn/product-p273358865.html?spid=276666590,130000,5.0,1,4,OEM,2026-04-29 13:47:24
Chảo chống dính siêu bền Elmich Hera II EL5941BE - Hàng Chính Hãng,273228026,tiki,Nhà Cửa - Đời Sống,Dụng cụ nhà bếp,Nồi và chảo,https://tiki.vn/product-p273228026.html?spid=273247044,295050,5.0,3,13,Elmich,2026-04-29 13:47:24
100 Túi Hút Chân Không Thực Phẩm Một Mặt Nhám Một Mặt Trơn,273021881,tiki,Nhà Cửa - Đời Sống,Dụng cụ nhà bếp,Dụng cụ chứa đựng thực phẩm,https://tiki.vn/product-p273021881.html?spid=273021883,135000,4.5,8,59,PEAFLO,2026-04-29 13:47:24
"Đầu vòi rửa bát tăng áp đồng thau inox 304 cao cấp Mifan - 3 Chế độ phun cực mạnh, xoay 360 - Sử dụng cho bồn rửa chén bát",271959445,tiki,Nhà Cửa - Đời Sống,Dụng cụ nhà bếp,Phụ kiện nhà bếp,https://tiki.vn/product-p271959445.html?spid=271959472,200000,4.2,5,50,Mifan,2026-04-29 13:47:24
Dụng cụ gọt vỏ CS 080488,271064612,tiki,Nhà Cửa - Đời Sống,Dụng cụ nhà bếp,Phụ kiện nhà bếp,https://tiki.vn/product-p271064612.html?spid=271064613,42000,5.0,2,15,CS,2026-04-29 13:47:24
Chảo Index IH LocknLock CAF2605 - Thân nhôm - Phủ chống dính - Đường kính 26cm - màu đen,270658800,tiki,Nhà Cửa - Đời Sống,Dụng cụ nhà bếp,Nồi và chảo,https://tiki.vn/product-p270658800.html?spid=270658801,330000,5.0,4,38,LocknLock,2026-04-29 13:47:24
Bình Gas Bơm Bật Lửa BlueSky,204036532,tiki,Nhà Cửa - Đời Sống,Dụng cụ nhà bếp,"Bếp nướng, vỉ nướng",https://tiki.vn/product-p204036532.html?spid=275477919,111000,5.0,1,10,OEM,2026-04-29 13:47:24
Chảo chống dính Inox dập nguyên khối Elmich Trimax Classic EL-2703OL size 26cm,195111057,tiki,Nhà Cửa - Đời Sống,Dụng cụ nhà bếp,Nồi và chảo,https://tiki.vn/product-p195111057.html?spid=195111058,426300,4.6,40,218,Elmich,2026-04-29 13:47:24
"Bộ nồi inox dập nguyên khối Elmich Trimax Classic EL-2107OL Size 16, 20cm",195109413,tiki,Nhà Cửa - Đời Sống,Dụng cụ nhà bếp,Nồi và chảo,https://tiki.vn/product-p195109413.html?spid=195109417,1035000,0.0,0,1,Elmich,2026-04-29 13:47:24
Bộ Cà men/ hộp cơm giữ nhiệt đa năng Pearl Metal Octas - Hàng nội địa Nhật Bản |nhập khẩu chính hãng| |HB-3775| |HB-3776|,181779252,tiki,Nhà Cửa - Đời Sống,Dụng cụ nhà bếp,Bộ hộp cơm và phụ kiện,https://tiki.vn/product-p181779252.html?spid=181779254,819500,5.0,2,4,Pearl Metal,2026-04-29 13:47:24
Túi zipper đa năng Shinshen 1L (loại bấm trắng) - Hộp 20 túi,176309439,tiki,Nhà Cửa - Đời Sống,Dụng cụ nhà bếp,Dụng cụ chứa đựng thực phẩm,https://tiki.vn/product-p176309439.html?spid=276031193,23099,5.0,1,36,Inochi,2026-04-29 13:47:24
"Sét 10 khay giấy bạc,khay bạc đựng thực phẩm lót nồi chiên không dầu chịu nhiệt độ cao",169392112,tiki,Nhà Cửa - Đời Sống,Dụng cụ nhà bếp,Phụ kiện nhà bếp,https://tiki.vn/product-p169392112.html?spid=271078913,7000,4.0,1,41,OEM,2026-04-29 13:47:24
Chảo chống dính Inox liền khối Elmich Trimax Cz EL383,163170428,tiki,Nhà Cửa - Đời Sống,Dụng cụ nhà bếp,Nồi và chảo,https://tiki.vn/product-p163170428.html?spid=163170430,519057,4.6,20,111,Elmich,2026-04-29 13:47:24
Rổ đựng đồ đa dụng Inomata size A4 - Hàng nội địa Nhật Bản (#Made in Japan),159017251,tiki,Nhà Cửa - Đời Sống,Dụng cụ nhà bếp,Dụng cụ chứa đựng thực phẩm,https://tiki.vn/product-p159017251.html?spid=253178841,52000,0.0,0,8,INOMATA,2026-04-29 13:47:24
Bộ Dụng Cụ Nhà Bếp 6P Good Care LocknLock CKT330S01,138910757,tiki,Nhà Cửa - Đời Sống,Dụng cụ nhà bếp,Phụ kiện nhà bếp,https://tiki.vn/product-p138910757.html?spid=138910758,594000,5.0,22,91,LocknLock,2026-04-29 13:47:24
Combo 4 Khay Đá 144 Viên Tặng Kèm Xẻng Và Hộp Đựng Bằng Nhựa Cao Cấp - PaKaSa,138488646,tiki,Nhà Cửa - Đời Sống,Dụng cụ nhà bếp,Phụ kiện nhà bếp,https://tiki.vn/product-p138488646.html?spid=138489020,122451,4.8,4,46,PaKaSa,2026-04-29 13:47:24
"Combo 12 Hũ Thủy Tinh PEAFLO Làm Caramen, Sữa Chua, Đựng Gia Vị Đa Năng - Giao Ngẫu Nhiên",130829751,tiki,Nhà Cửa - Đời Sống,Dụng cụ nhà bếp,Dụng cụ chứa đựng thực phẩm,https://tiki.vn/product-p130829751.html?spid=130829752,65000,4.7,26,254,PEAFLO,2026-04-29 13:47:24
Túi Giữ Nhiệt Đựng Hộp Cơm 2 Ngăn – Chọn Màu Túi Giữ Nhiệt Đựng Cặp Lồng Cơm – Nhiều Màu – Chống Thấm Nước Chính Hãng,106457363,tiki,Nhà Cửa - Đời Sống,Dụng cụ nhà bếp,Phụ kiện nhà bếp,https://tiki.vn/product-p106457363.html?spid=106457365,42500,4.7,208,967,miDoctor,2026-04-29 13:47:24
Hộp Cơm Điện 2 Tầng Mocato M601,90088568,tiki,Nhà Cửa - Đời Sống,Dụng cụ nhà bếp,Bộ hộp cơm và phụ kiện,https://tiki.vn/product-p90088568.html?spid=90088574,429000,4.7,19,65,Mocato,2026-04-29 13:47:24
Nồi Sâu Lòng LocknLock LHD1141 Handycook Có Tay Cầm Và Nắp Đậy 14cm - Màu Xám,74307765,tiki,Nhà Cửa - Đời Sống,Dụng cụ nhà bếp,Nồi và chảo,https://tiki.vn/product-p74307765.html?spid=74307766,270400,4.6,324,911,LocknLock,2026-04-29 13:47:24
Kệ để dao kéo nhà bếp inox 304 có khay hứng nước Hobby Home Decor DD25,56304066,tiki,Nhà Cửa - Đời Sống,Dụng cụ nhà bếp,"Dao, kéo và phụ kiện",https://tiki.vn/product-p56304066.html?spid=56304067,229000,4.8,39,141,Hobby Home Decor,2026-04-29 13:47:24
"Túi Lọc Sữa Đậu Nành, Túi Lọc Sữa Hạt Cao Cấp, Túi Lọc Trà, Túi Lọc Gia Vị - Hàng Chính Hãng",46178511,tiki,Nhà Cửa - Đời Sống,Dụng cụ nhà bếp,Phụ kiện nhà bếp,https://tiki.vn/product-p46178511.html?spid=47216943,35000,4.5,307,2583,Amalife,2026-04-29 13:47:24
Khuôn Nướng Bánh Chống Dính Carlmann SL-L001 (32 x 13.5 x 7 cm),411857,tiki,Nhà Cửa - Đời Sống,Dụng cụ nhà bếp,Dụng cụ làm bánh,https://tiki.vn/product-p411857.html?spid=114712,67000,3.9,16,521,Carlmann,2026-04-29 13:47:24
"Chảo Chống Dính Ceramic Elmich EL5980 Size 20,24,26,28cm, Hàng Chính Hãng, Dùng Mọi Loại Bếp-JoyMall",279122838,tiki,Nhà Cửa - Đời Sống,Dụng cụ nhà bếp,Nồi và chảo,https://tiki.vn/product-p279122838.html?spid=279122947,399000,0.0,0,0,Elmich,2026-04-29 13:47:24
Bộ 20 Khay Nhôm Lót Chống Dính Nồi Chiên Không Dầu Hình Tròn ANNAPURNA 011396 - Hàng chính hãng,279077085,tiki,Nhà Cửa - Đời Sống,Dụng cụ nhà bếp,Dụng cụ làm bánh,https://tiki.vn/product-p279077085.html?spid=279077086,56000,0.0,0,1,Annapurna,2026-04-29 13:47:24
Hộp đựng thức ăn giữ nhiệt Kalpen E15 dung tích 1L chuẩn Châu Âu - Hàng chính hãng,278922440,tiki,Nhà Cửa - Đời Sống,Dụng cụ nhà bếp,Bộ hộp cơm và phụ kiện,https://tiki.vn/product-p278922440.html?spid=278922441,552000,0.0,0,2,kalpen,2026-04-29 13:47:24
Nắp úp thực phẩm dùng cho lò vi sóng Inomata Ø23cm - Hàng nội địa Nhật Bản nhập khẩu chính hãng,278880014,tiki,Nhà Cửa - Đời Sống,Dụng cụ nhà bếp,Nắp đậy và phụ kiện dùng cho lò vi sóng,https://tiki.vn/product-p278880014.html?spid=278880015,39500,0.0,0,2,INOMATA,2026-04-29 13:47:24
"Giấy lau nhà bếp đa năng 50 tờ, cuộn giấy lau bếp siêu dai, giá treo cuộn giấy, trụ gỗ để cuộn giấy",278722522,tiki,Nhà Cửa - Đời Sống,Dụng cụ nhà bếp,Phụ kiện nhà bếp,https://tiki.vn/product-p278722522.html?spid=278722524,39000,0.0,0,0,OEM,2026-04-29 13:47:24
"Miếng Lọc Rác Silicon Thông Minh Nhà Tắm, Bồn Rửa Bát - Hình ngôi sao, có chân bám cố định (giao màu ngẫu nhiên)",278682315,tiki,Nhà Cửa - Đời Sống,Dụng cụ nhà bếp,Phụ kiện nhà bếp,https://tiki.vn/product-p278682315.html?spid=278682316,10000,0.0,0,5,OEM,2026-04-29 13:47:24
"Cây Vét Bột, Trộn Bột Silicon C.Lượng 28cm. Chuyên phục vụ Sp Gia dụng, Khuôn làm bánh, Dụng cụ học Sinh, Nhà hàng, Quán",278308361,tiki,Nhà Cửa - Đời Sống,Dụng cụ nhà bếp,Dụng cụ làm bánh,https://tiki.vn/product-p278308361.html?spid=278308362,61800,0.0,0,3,OEM,2026-04-29 13:47:24
"Túi Đựng Cơm Giữ Nhiệt, Túi Hộp Đựng Đồ Ăn Trưa, Bình Sữa, Khóa Kéo Chống Thấm Nước, Nhiều Họa Tiết Đẹp",278248866,tiki,Nhà Cửa - Đời Sống,Dụng cụ nhà bếp,Bộ hộp cơm và phụ kiện,https://tiki.vn/product-p278248866.html?spid=278248872,45000,0.0,0,0,LYNUSAN,2026-04-29 13:47:24
Set 100 túi hút chân không size 25x17cm chuyên dụng (1 mặt nhám),277914921,tiki,Nhà Cửa - Đời Sống,Dụng cụ nhà bếp,Dụng cụ chứa đựng thực phẩm,https://tiki.vn/product-p277914921.html?spid=277914922,129450,4.0,1,4,HENRYSA Bạn của mọi nhà,2026-04-29 13:47:24
Vỏ Hột Quẹt Bật Lửa Khò 1 Tia Xing 240 Thiết Kế Nhỏ Gọn Độc Lạ Lửa Khò Mạnh Mẽ - Dùng Gas Cao Cấp,277524086,tiki,Nhà Cửa - Đời Sống,Dụng cụ nhà bếp,"Bếp nướng, vỉ nướng",https://tiki.vn/product-p277524086.html?spid=277524087,171350,5.0,1,3,OEM,2026-04-29 13:47:24
Dụng cụ Xay Tỏi - Rau Củ Kéo Tay Hình Con Heo Tiện Lợi,277449900,tiki,Nhà Cửa - Đời Sống,Dụng cụ nhà bếp,Phụ kiện nhà bếp,https://tiki.vn/product-p277449900.html?spid=277449902,86000,0.0,0,3,Gro-Fa,2026-04-29 13:47:24
Lõi Lọc Nước Bông PP Thay Thế Cho Đầu Tăng Áp Gắn Vòi Rửa Chén Bát Sạch Cặn Bẩn Khử Clo Hiệu Quả,276824889,tiki,Nhà Cửa - Đời Sống,Dụng cụ nhà bếp,Phụ kiện nhà bếp,https://tiki.vn/product-p276824889.html?spid=276824891,8000,0.0,0,6,LKB,2026-04-29 13:47:24
"Dụng cụ xay tỏi ớt, thực phẩm Lebenlang LBL3777, 170ml, lưỡi dao 3 cánh sắc bén, dây kéo rút tiện lợi - hàng chính hãng",276435111,tiki,Nhà Cửa - Đời Sống,Dụng cụ nhà bếp,Phụ kiện nhà bếp,https://tiki.vn/product-p276435111.html?spid=276435117,106000,5.0,1,2,Lebenlang,2026-04-29 13:47:24
"Dụng Cụ Xay Thực Phẩm Mini Lock&Lock CKS321GRN CKS309, Hàng Chính Hãng, lưỡi dao inox, lực nghiền mạnh - JoyMall",276349633,tiki,Nhà Cửa - Đời Sống,Dụng cụ nhà bếp,Phụ kiện nhà bếp,https://tiki.vn/product-p276349633.html?spid=276349635,128700,0.0,0,7,LocknLock,2026-04-29 13:47:24
"Dụng Cụ Bào Vỏ Thông Minh PaKaSa, Nạo Sợi Rau Củ Quả 2in1- Dao Bào 2 Trong 1 Bằng Thép Không Gỉ - Hàng chính hãng",276177374,tiki,Nhà Cửa - Đời Sống,Dụng cụ nhà bếp,"Dao, kéo và phụ kiện",https://tiki.vn/product-p276177374.html?spid=276177378,25000,5.0,2,156,PaKaSa,2026-04-29 13:47:24
Chảo Chiên Trứng  Nhiều Hình - Chảo ốp la xinh xắn tạo hình độc đáo - HENRYSA,275326310,tiki,Nhà Cửa - Đời Sống,Dụng cụ nhà bếp,Nồi và chảo,https://tiki.vn/product-p275326310.html?spid=275326311,50000,0.0,0,9,HENRYSA Bạn của mọi nhà,2026-04-29 13:47:24
Gói 5 Miếng Rửa Chén Bát Xoong Nồi - Nội địa Nhật Bản Mẹ và Bé Unmei,273900154,tiki,Nhà Cửa - Đời Sống,Dụng cụ nhà bếp,Phụ kiện nhà bếp,https://tiki.vn/product-p273900154.html?spid=273900155,48000,0.0,0,22,Kokubo,2026-04-29 13:47:24
"Khăn ướt, giấy ướt vệ sinh bếp, lau nhà bếp đa năng tiện lợi - Hộp 80 miếng",272164923,tiki,Nhà Cửa - Đời Sống,Dụng cụ nhà bếp,Phụ kiện nhà bếp,https://tiki.vn/product-p272164923.html?spid=278772647,16990,3.0,1,0,OEM,2026-04-29 13:47:24
Set 10 khăn lau bếp 2 mặt mềm mịn siêu thấm 25x25cm,272047726,tiki,Nhà Cửa - Đời Sống,Dụng cụ nhà bếp,Phụ kiện nhà bếp,https://tiki.vn/product-p272047726.html?spid=272047727,56000,4.7,3,52,PEAFLO,2026-04-29 13:47:24
Dụng cụ cắt tỏi bằng sợi lúa mì CS – 091590,271064594,tiki,Nhà Cửa - Đời Sống,Dụng cụ nhà bếp,Phụ kiện nhà bếp,https://tiki.vn/product-p271064594.html?spid=271064595,71000,0.0,0,3,CS,2026-04-29 13:47:24
100gr túi zipper chỉ đỏ 9x13cm nhãn hiệu GIMEX II,263576991,tiki,Nhà Cửa - Đời Sống,Dụng cụ nhà bếp,Dụng cụ chứa đựng thực phẩm,https://tiki.vn/product-p263576991.html?spid=263576992,12000,0.0,0,13,Túi ni lông tự phân hủy sinh học GIMEX II,2026-04-29 13:47:24
"[Hàng chính hãng] Xửng hấp iMat inox 304 nhiều kích cỡ 18 I 20 I 22 I 24 I 26 I 28 I 30(cm).Dùng cho nồi, chảo cùng size",249199004,tiki,Nhà Cửa - Đời Sống,Dụng cụ nhà bếp,Nồi và chảo,https://tiki.vn/product-p249199004.html?spid=54369592,470000,4.6,7,31,iMat,2026-04-29 13:47:24
BÌNH ĐỰNG DẦU ĂN THỦY TINH LẮP ĐẬY INOX,203902514,tiki,Nhà Cửa - Đời Sống,Dụng cụ nhà bếp,Dụng cụ chứa đựng thực phẩm,https://tiki.vn/product-p203902514.html?spid=203902516,184000,4.0,1,2,AV CRYSTAN,2026-04-29 13:47:24
Hũ lọ sứ nắp gỗ Origami đựng cà phê trà 370ml,202712818,tiki,Nhà Cửa - Đời Sống,Dụng cụ nhà bếp,Phụ kiện nhà bếp,https://tiki.vn/product-p202712818.html?spid=202712826,572000,0.0,0,0,ORIGAMI,2026-04-29 13:47:24
"Dao gọt hoa quả có nắp bảo vệ, an toàn khi sử dụng - Cobihome",199026767,tiki,Nhà Cửa - Đời Sống,Dụng cụ nhà bếp,"Dao, kéo và phụ kiện",https://tiki.vn/product-p199026767.html?spid=199026771,49000,0.0,0,0,COBI Home,2026-04-29 13:47:24
"Hũ đựng cafe, hủ đựng cafe hạt, bình đựng cafe hạt",193000412,tiki,Nhà Cửa - Đời Sống,Dụng cụ nhà bếp,Dụng cụ chứa đựng thực phẩm,https://tiki.vn/product-p193000412.html?spid=193000416,364000,4.8,4,34,Cafede Kona,2026-04-29 13:47:24
"Dụng cụ quay rau 360º Yamaken Kogyo Smart Bowl - Hàng nội địa Nhật Bản, nhập khẩu chính hãng (#Made in Japan)",177289326,tiki,Nhà Cửa - Đời Sống,Dụng cụ nhà bếp,Phụ kiện nhà bếp,https://tiki.vn/product-p177289326.html?spid=177289335,258500,0.0,0,9,Yamaken Kogyo,2026-04-29 13:47:24
"Súng Khò Lửa, Súng Mồi Lửa Bếp Gas Bếp Cồn An Toàn - Dụng Cụ Bật Lửa Bếp Nấu Ăn",166058628,tiki,Nhà Cửa - Đời Sống,Dụng cụ nhà bếp,"Bếp nướng, vỉ nướng",https://tiki.vn/product-p166058628.html?spid=198640658,16000,5.0,1,310,OEM,2026-04-29 13:47:24
"Khay Giấy Bạc, Khay Bạc Đựng Thực Phẩm Lót Nồi Chiên Không Dầu Chịu Nhiệt Cao - Hàng Loại 1 - Chính Hãng MINIIN",162424714,tiki,Nhà Cửa - Đời Sống,Dụng cụ nhà bếp,Phụ kiện nhà bếp,https://tiki.vn/product-p162424714.html?spid=162424719,15000,4.5,86,547,MINIIN,2026-04-29 13:47:24
Rây Lọc Vớt Trần Thức Ăn Tiện Dụng - Hàng Nội Địa Nhật- Loại 1 - CHÍNH HÃNG MINIIN,153579357,tiki,Nhà Cửa - Đời Sống,Dụng cụ nhà bếp,Phụ kiện nhà bếp,https://tiki.vn/product-p153579357.html?spid=153579361,43000,4.5,15,56,MINIIN,2026-04-29 13:47:24
Ocuisine - Khay bánh tròn sâu lòng - 26x26x6cm,141582525,tiki,Nhà Cửa - Đời Sống,Dụng cụ nhà bếp,Dụng cụ làm bánh,https://tiki.vn/product-p141582525.html?spid=141582526,235489,0.0,0,1,Ocuisine,2026-04-29 13:47:24
"Bộ Hộp Cơm Văn Phòng, Chất Liệu Thủy Tinh Chịu Nhiệt Tốt, Nắp Nhựa PP Cao Cấp An Toàn Sức Khoẻ Tặng Kèm Bộ Thìa Đũa Và Túi Xách Tiện Lợi- Hàng Chính Hãng MINIIN",133786373,tiki,Nhà Cửa - Đời Sống,Dụng cụ nhà bếp,Dụng cụ chứa đựng thực phẩm,https://tiki.vn/product-p133786373.html?spid=180738935,91000,5.0,1,4,MINIIN,2026-04-29 13:47:24
Bộ khuôn làm kem 6 cái,89052921,tiki,Nhà Cửa - Đời Sống,Dụng cụ nhà bếp,Phụ kiện nhà bếp,https://tiki.vn/product-p89052921.html?spid=108913319,36000,4.6,5,42,OEM,2026-04-29 13:47:24
Sạn Xào Có Đế Chân - Sạn Gỗ Xéo 13 ( 34 x 7.5 cm ) - Đồ Gỗ Nhà Bếp Thương Hiệu Trường Sơn,67212036,tiki,Nhà Cửa - Đời Sống,Dụng cụ nhà bếp,Phụ kiện nhà bếp,https://tiki.vn/product-p67212036.html?spid=67212037,55000,5.0,2,13,Trường Sơn,2026-04-29 13:47:24
Set 200 Tờ Giấy Nến Để Nồi Hấp + Miếng Lót Nồi Gỗ - TẶNG 1 KẸP TRÁI TIM,55503800,tiki,Nhà Cửa - Đời Sống,Dụng cụ nhà bếp,Dụng cụ làm bánh,https://tiki.vn/product-p55503800.html?spid=108906976,32000,5.0,2,3,OEM,2026-04-29 13:47:24
Vòi Nước Rửa Chén Lạnh Inox 304 Kèm Dây Cấp Nước,32192505,tiki,Nhà Cửa - Đời Sống,Dụng cụ nhà bếp,Phụ kiện nhà bếp,https://tiki.vn/product-p32192505.html?spid=114949943,150000,5.0,2,19,OEM,2026-04-29 13:47:24
"Combo 2 kiềng chắn gió bếp gas, chất liệu thép hợp kim chịu nhiệt",23167630,tiki,Nhà Cửa - Đời Sống,Dụng cụ nhà bếp,Phụ kiện nhà bếp,https://tiki.vn/product-p23167630.html?spid=68101396,29000,3.8,8,24,OEM,2026-04-29 13:47:24
"Bộ 02 Miếng Lọc Rác Inox Chặn rác inox Bồn Rửa Chén, Chậu Rửa Bát Cao Cấp Hoàng Gia - Inox 201 Cao Cấp Siêu Bền, Sang Trọng - Kích cỡ size L phù hợp với hầu hết các chậu rửa bát có trên thị trường, giúp chống tắc nghẽn bồn rửa bát",19829603,tiki,Nhà Cửa - Đời Sống,Dụng cụ nhà bếp,Phụ kiện nhà bếp,https://tiki.vn/product-p19829603.html?spid=126482732,219000,5.0,7,45,Hoàng Gia,2026-04-29 13:47:24
Máy làm sữa chua Yogurt Maker 3 nút,14161011,tiki,Nhà Cửa - Đời Sống,Dụng cụ nhà bếp,Phụ kiện nhà bếp,https://tiki.vn/product-p14161011.html?spid=278772663,270000,3.7,3,9,OEM,2026-04-29 13:47:24
Mài Dao Đỏ Zwilling J.A.Henckels,4920199,tiki,Nhà Cửa - Đời Sống,Dụng cụ nhà bếp,"Dao, kéo và phụ kiện",https://tiki.vn/product-p4920199.html?spid=6608641,575875,5.0,7,20,Zwilling J.A.Henckels,2026-04-29 13:47:24
[Set Tiết Kiệm] Set 4 Miếng chà rửa Colors Scrub Daddy / Scrub Mommy chính hãng Mỹ,279260234,tiki,Nhà Cửa - Đời Sống,Dụng cụ nhà bếp,Phụ kiện nhà bếp,https://tiki.vn/product-p279260234.html?spid=279260236,360000,5.0,1,0,Scrub Daddy,2026-04-29 13:47:24
COMBO 3 Ly Ăn Hột Vịt Lộn Inox Vòng Xoắn Chống Nóng Trứng,279008273,tiki,Nhà Cửa - Đời Sống,Dụng cụ nhà bếp,Phụ kiện nhà bếp,https://tiki.vn/product-p279008273.html?spid=279008274,100000,0.0,0,1,LuckyJQR,2026-04-29 13:47:24
"Bộ nồi inox liền khối Elmich Trimax classic EL2136OL02 size 16,20,24cm - Hàng chính hãng",278721043,tiki,Nhà Cửa - Đời Sống,Dụng cụ nhà bếp,Nồi và chảo,https://tiki.vn/product-p278721043.html?spid=278721044,1653750,5.0,1,2,Elmich,2026-04-29 13:47:24
Găng tay bếp Elmich EL0205 - Hàng chính hãng,277740617,tiki,Nhà Cửa - Đời Sống,Dụng cụ nhà bếp,Phụ kiện nhà bếp,https://tiki.vn/product-p277740617.html?spid=277740623,68250,5.0,2,24,Elmich,2026-04-29 13:47:24
Chai đựng kiêm xịt dầu ăn 2 trong 1 đa năng DandiHome - Bảo hành 6 tháng,277621531,tiki,Nhà Cửa - Đời Sống,Dụng cụ nhà bếp,Phụ kiện nhà bếp,https://tiki.vn/product-p277621531.html?spid=277621535,115000,4.8,4,12,DandiHome,2026-04-29 13:47:24
"Set 10 Khăn Lau Xơ Mướp Làn Bếp, Bát Đũa Sạch Sẽ, Lau Sạch Vết Bẩn Dầu Mỡ - HÀNG CHÍNH HÃNG MINIIN",277527761,tiki,Nhà Cửa - Đời Sống,Dụng cụ nhà bếp,Phụ kiện nhà bếp,https://tiki.vn/product-p277527761.html?spid=277527762,15000,0.0,0,21,MINIIN,2026-04-29 13:47:24
"Chảo Nồi Gang Sâu Lòng Đúc Nguyên Khối Size 20cm & 25cm, Tặng Kèm Vung Gỗ - HÀNG CHÍNH HÃNG MINIIN",277527699,tiki,Nhà Cửa - Đời Sống,Dụng cụ nhà bếp,Nồi và chảo,https://tiki.vn/product-p277527699.html?spid=277527703,159000,1.0,1,0,MINIIN,2026-04-29 13:47:24
Vỏ Hột Quẹt Bật Lửa Hộp Quẹt Khò Gas Hồ Lô 1 Tia Cực Mạnh Hongbo HB-804 Thiết Kế Đẹp Độc Lạ  Cao Cấp - Giao Màu Ngẫu Nhiên,277525312,tiki,Nhà Cửa - Đời Sống,Dụng cụ nhà bếp,"Bếp nướng, vỉ nướng",https://tiki.vn/product-p277525312.html?spid=277525313,113850,0.0,0,4,OEM,2026-04-29 13:47:24
Vỏ Hột Quẹt Bật Lửa Gas 535 Khò 1 Tia - Nhiều Họa Tiết,277519173,tiki,Nhà Cửa - Đời Sống,Dụng cụ nhà bếp,"Bếp nướng, vỉ nướng",https://tiki.vn/product-p277519173.html?spid=277519174,113850,5.0,1,4,OEM,2026-04-29 13:47:24
Cân điện tử 5kg-0.1g màu bạc và đen 20x15cm - Hàng chính hãng,276660390,tiki,Nhà Cửa - Đời Sống,Dụng cụ nhà bếp,Dụng cụ làm bánh,https://tiki.vn/product-p276660390.html?spid=276660392,148691,5.0,1,15,PaKaSa,2026-04-29 13:47:24
"30x45cm Túi Lọc Sữa Đậu Nành, Túi Lọc Sữa Hạt Cao Cấp, Túi Lọc Trà, Túi Lọc Gia Vị - Hàng Chính Hãng",276561444,tiki,Nhà Cửa - Đời Sống,Dụng cụ nhà bếp,Phụ kiện nhà bếp,https://tiki.vn/product-p276561444.html?spid=276561445,100000,5.0,2,26,LuckyJQR,2026-04-29 13:47:24
Ống đựng đũa khử trùng tia UV - Ống đựng đũa sấy khô tự động treo tường,276501907,tiki,Nhà Cửa - Đời Sống,Dụng cụ nhà bếp,Phụ kiện nhà bếp,https://tiki.vn/product-p276501907.html?spid=276501908,299000,0.0,0,6,FTAKY,2026-04-29 13:47:24
Ấm Đun Nước Inox Thái 5L - Ấm Đun Bếp Ga Bêp Từ - Siêu nước inox cao cấp,276325612,tiki,Nhà Cửa - Đời Sống,Dụng cụ nhà bếp,Ấm nước các loại,https://tiki.vn/product-p276325612.html?spid=276325613,329000,4.5,2,8,FTAKY,2026-04-29 13:47:24
"Dụng Cụ Bào Vỏ Thông Minh, Nạo Sợi Rau Củ Quả 2in1- Dao Bào 2 Trong 1 Bằng Thép Không Gỉ - Hàng chính hãng",276177447,tiki,Nhà Cửa - Đời Sống,Dụng cụ nhà bếp,"Dao, kéo và phụ kiện",https://tiki.vn/product-p276177447.html?spid=276177449,19000,5.0,4,18,Gro-Fa,2026-04-29 13:47:24
Kệ khay chữ nhật để miếng rửa chén có Khay Hứng Nước GROFA,276132162,tiki,Nhà Cửa - Đời Sống,Dụng cụ nhà bếp,Kệ nhà bếp,https://tiki.vn/product-p276132162.html?spid=276132164,69000,5.0,1,15,Gro-Fa,2026-04-29 13:47:24
"Hộp nhựa bảo quản thực phẩm LocknLock Smart Keep Fresh Food Container 1.5L kèm khay HLE5400NT, Hàng chính hãng, giữ tươi mát đến 31 ngày - JoyMall",276119513,tiki,Nhà Cửa - Đời Sống,Dụng cụ nhà bếp,Dụng cụ chứa đựng thực phẩm,https://tiki.vn/product-p276119513.html?spid=276119515,126000,0.0,0,1,Lock&Lock,2026-04-29 13:47:24
"Dụng Cụ Bơm Hút Chất Lỏng, Rượu, Xăng Bóp Tay Tiện Lợi, Ống Hút Xăng Dầu",275818653,tiki,Nhà Cửa - Đời Sống,Dụng cụ nhà bếp,Phụ kiện nhà bếp,https://tiki.vn/product-p275818653.html?spid=275818654,66000,0.0,0,8,HT SYS,2026-04-29 13:47:24
Nhiệt Kế Đo Nhiệt Độ Sữa và Đồ Ăn Cho Bé - Hàng chính hãng,275426511,tiki,Nhà Cửa - Đời Sống,Dụng cụ nhà bếp,Phụ kiện nhà bếp,https://tiki.vn/product-p275426511.html?spid=275426512,59000,3.8,5,35,Gro-Fa,2026-04-29 13:47:24
Kệ chén bát thông minh chất liệu inox cao cấp không han gỉ 1 tầng tiết kiệm không gian gia đình,275362436,tiki,Nhà Cửa - Đời Sống,Dụng cụ nhà bếp,Kệ nhà bếp,https://tiki.vn/product-p275362436.html?spid=275362438,395000,0.0,0,2,Anh Lam Store,2026-04-29 13:47:24
"Kệ đa năng gấp gọn 3/4 tầng bằng Thép Carbon không gỉ, Kệ lò vi sóng có bánh xe, kệ sách trang trí",275350344,tiki,Nhà Cửa - Đời Sống,Dụng cụ nhà bếp,Kệ nhà bếp,https://tiki.vn/product-p275350344.html?spid=275350346,450000,5.0,9,18,Anh Lam Store,2026-04-29 13:47:24
"Kệ chữ nhật để đồ đa năng Osaka HOKORI 2 tầng nhựa VIỆT NHẬT cao cấp - Đựng đồ phòng tắm, gia vị, úp chén bát - Hàng chính hãng",275222269,tiki,Nhà Cửa - Đời Sống,Dụng cụ nhà bếp,Kệ nhà bếp,https://tiki.vn/product-p275222269.html?spid=275222273,139000,4.7,3,6,Hokori,2026-04-29 13:47:24
Dao gọt bào sợi rau củ đa năng inox 304 bền bỉ Hobby Home Decor DCDN,274752382,tiki,Nhà Cửa - Đời Sống,Dụng cụ nhà bếp,"Dao, kéo và phụ kiện",https://tiki.vn/product-p274752382.html?spid=274752383,85000,5.0,5,43,Hobby Home Decor,2026-04-29 13:47:24
"Hộp nhựa bảo quản thực phẩm LocknLock Smart Keep Fresh Food Container, Hàng chính hãng, giữ tươi mát đến 31 ngày - JoyMall",274186851,tiki,Nhà Cửa - Đời Sống,Dụng cụ nhà bếp,Dụng cụ chứa đựng thực phẩm,https://tiki.vn/product-p274186851.html?spid=275398672,126000,4.0,1,11,LocknLock,2026-04-29 13:47:24
Bộ nồi inox 5 món Langmaster hàng chính hãng bảo hành 12 tháng.,273662616,tiki,Nhà Cửa - Đời Sống,Dụng cụ nhà bếp,Nồi và chảo,https://tiki.vn/product-p273662616.html?spid=273662617,2499000,0.0,0,1,Arber,2026-04-29 13:47:24
"Bộ bếp nướng cồn và chảo gang nướng chất liệu inox bền đẹp, có tuổi thọ lâu + Tặng giấy bạc",204236564,tiki,Nhà Cửa - Đời Sống,Dụng cụ nhà bếp,"Bếp nướng, vỉ nướng",https://tiki.vn/product-p204236564.html?spid=278638455,129000,0.0,0,2,OEM,2026-04-29 13:47:24
"Lọ Xay Tiêu Cầm Tay Chất Liệu Thủy Tinh, Lưỡi Dao Bằng Sứ Lock&Lock CKO115 140ml - Hàng Chính Hãng",199945999,tiki,Nhà Cửa - Đời Sống,Dụng cụ nhà bếp,Phụ kiện nhà bếp,https://tiki.vn/product-p199945999.html?spid=199946005,270000,4.8,10,44,LocknLock,2026-04-29 13:47:24
QUẸT MỒI BẾP CỒN - màu ngẫu nhiên,198617665,tiki,Nhà Cửa - Đời Sống,Dụng cụ nhà bếp,"Bếp nướng, vỉ nướng",https://tiki.vn/product-p198617665.html?spid=198617666,16000,5.0,4,447,OEM,2026-04-29 13:47:24
"Bình thủy tinh bọc inox đựng dầu ăn, giấm, nước tương, nước mắm, gia vị... có vòi chiết rót thông minh hạn chế quá tay",191807342,tiki,Nhà Cửa - Đời Sống,Dụng cụ nhà bếp,Dụng cụ chứa đựng thực phẩm,https://tiki.vn/product-p191807342.html?spid=191807347,90850,0.0,0,7,CRYSTAN,2026-04-29 13:47:24
"[HÀNG CHÍNH HÃNG]Bộ dụng cụ nấu ăn bằng silicone an toàn sức khỏe, 4 màu sắc sặc sỡ dài 33cm GGOMi Hàn Quốc GGSL",191495476,tiki,Nhà Cửa - Đời Sống,Dụng cụ nhà bếp,Phụ kiện nhà bếp,https://tiki.vn/product-p191495476.html?spid=191495484,384000,5.0,1,17,GGOMI,2026-04-29 13:47:24
Dụng Cụ Mở Rượu Vang Inox 304 | DỤNG CỤ MỞ BIA RƯỢU VỎ ĐỎ,191001332,tiki,Nhà Cửa - Đời Sống,Dụng cụ nhà bếp,Kệ nhà bếp,https://tiki.vn/product-p191001332.html?spid=191001333,90850,0.0,0,10,CRYSTAN,2026-04-29 13:47:24
Khay Trà Hợp Kim | KHAY KIM LOẠI LỚN | KHAY ĐỰNG BÌNH CỐC | KHAY HỢP KIM XANH SIZE TO,190613679,tiki,Nhà Cửa - Đời Sống,Dụng cụ nhà bếp,Dụng cụ chứa đựng thực phẩm,https://tiki.vn/product-p190613679.html?spid=190613695,184000,1.0,1,2,CRYSTAN,2026-04-29 13:47:24
"Cước rửa chén siêu sạch có mút Scotch Brite 3M 115x70mm hình sóng đa năng, bền hơn sạch hơn",183550118,tiki,Nhà Cửa - Đời Sống,Dụng cụ nhà bếp,Phụ kiện nhà bếp,https://tiki.vn/product-p183550118.html?spid=183550120,98000,5.0,3,10,3M,2026-04-29 13:47:24
Máy xay cầm tay đa năng Hattiecs cho bé ăn dặm bản nâng cấp 6 lưỡi dao,167807552,tiki,Nhà Cửa - Đời Sống,Dụng cụ nhà bếp,Phụ kiện nhà bếp,https://tiki.vn/product-p167807552.html?spid=190635460,235000,4.3,3,11,OEM,2026-04-29 13:47:24
"Túi Đựng Hộp Cơm Giữ Nhiệt Grepaco Nóng Lạnh Nhiều Ngăn Đựng Camen Thức Ăn Vuông Tròn Văn Phòng – Vải Bố Canvas, Kích Thước Size To (Cỡ Lớn), Kiểu Giỏ Xách Và Quai Đeo Vai Thời Trang - Tặng Túi Đựng Muỗng Nĩa - Hàng Chính Hãng",146649359,tiki,Nhà Cửa - Đời Sống,Dụng cụ nhà bếp,Phụ kiện nhà bếp,https://tiki.vn/product-p146649359.html?spid=146649360,159000,4.8,65,219,GREPACO,2026-04-29 13:47:24
"Bộ 6 Lọ Đựng Gia Vị Chất Liệu Thủy Tinh Kèm Đế Xoay 360 Tiện Lợi- TẠo Sang Trọng, Gọn Gàng Cho Căn Bếp - Hàng Chính Hãng MINIIN",129911417,tiki,Nhà Cửa - Đời Sống,Dụng cụ nhà bếp,Dụng cụ chứa đựng thực phẩm,https://tiki.vn/product-p129911417.html?spid=129911418,219000,4.5,24,95,MINIIN,2026-04-29 13:47:24
Khò Gas Đơn ( Đầu khò lửa cầm tay sử dụng bình gas mini Tiện Dụng ),98564157,tiki,Nhà Cửa - Đời Sống,Dụng cụ nhà bếp,"Bếp nướng, vỉ nướng",https://tiki.vn/product-p98564157.html?spid=278501293,79000,0.0,0,3,OEM,2026-04-29 13:47:24
Dụng cụ kẹp gắp đồ nóng DandiHome inox 304 với mút silicon chống trơn trượt,77913133,tiki,Nhà Cửa - Đời Sống,Dụng cụ nhà bếp,Phụ kiện nhà bếp,https://tiki.vn/product-p77913133.html?spid=77913137,135000,4.8,125,448,DandiHome,2026-04-29 13:47:24
Bộ 2 khuôn ép làm cơm làm bánh cho bé Kokubo Nhật Bản tặng 2 zipper 10cm,73769382,tiki,Nhà Cửa - Đời Sống,Dụng cụ nhà bếp,Dụng cụ làm bánh,https://tiki.vn/product-p73769382.html?spid=99093096,84000,4.7,11,39,Kokubo,2026-04-29 13:47:24
"Kéo Cắt Gà, Cắt Vải, Cắt Cá, Cắt Cua Đa Năng Nhà Bếp Làm Bằng Thép Cao Cấp Aurum Group K304 - Hàng Nhập Khẩu",54764119,tiki,Nhà Cửa - Đời Sống,Dụng cụ nhà bếp,"Dao, kéo và phụ kiện",https://tiki.vn/product-p54764119.html?spid=67031832,34333,4.6,8,45,OEM,2026-04-29 13:47:24
Combo 3 cái Đầu vòi tăng áp 3 mức độ cho bồn rửa chén,50730955,tiki,Nhà Cửa - Đời Sống,Dụng cụ nhà bếp,Phụ kiện nhà bếp,https://tiki.vn/product-p50730955.html?spid=58945175,99000,4.6,11,22,OEM,2026-04-29 13:47:24
Vỏ hộp quẹt xăng đá CF-720 có móc treo chìa khóa (Giao ngẫu nhiên),278958842,tiki,Nhà Cửa - Đời Sống,Dụng cụ nhà bếp,"Bếp nướng, vỉ nướng",https://tiki.vn/product-p278958842.html?spid=278958843,389850,0.0,0,1,OEM,2026-04-29 13:47:24
Nồi quánh inox có tay cầm Tsubame,278527124,tiki,Nhà Cửa - Đời Sống,Dụng cụ nhà bếp,Nồi và chảo,https://tiki.vn/product-p278527124.html?spid=278527126,455500,5.0,1,1,Pearl Metal,2026-04-29 13:47:24
"Rổ Thoát Nước Treo Bồn Rửa Thông Minh – Nhấn Mở Nắp Tự Động Xả Rác, Không Bẩn Tay - HÀNG CHÍNH HÃNG MINIIN",278351005,tiki,Nhà Cửa - Đời Sống,Dụng cụ nhà bếp,Phụ kiện nhà bếp,https://tiki.vn/product-p278351005.html?spid=278351006,29000,5.0,1,8,MINIIN,2026-04-29 13:47:24
"[MỚI] Bình Lắc Shaker Inox Dày 550 cc - Pha Chế Cocktail, Trà Sữa. Chuyên phục vụ Sp Gia dụng, Khuôn làm bánh, Dụng cụ h",278308339,tiki,Nhà Cửa - Đời Sống,Dụng cụ nhà bếp,Dụng cụ làm bánh,https://tiki.vn/product-p278308339.html?spid=278962734,95000,0.0,0,1,OEM,2026-04-29 13:47:24
"Kệ lò vi sóng đa năng Thép Carbon cao cấp, kệ để đồ nhà bếp siêu chịu lực 300kg sơn tĩnh điện chống bong tróc, kệ nhà bếp",277919518,tiki,Nhà Cửa - Đời Sống,Dụng cụ nhà bếp,Kệ nhà bếp,https://tiki.vn/product-p277919518.html?spid=277919520,495000,0.0,0,3,Anh Lam Store,2026-04-29 13:47:24
Dụng cụ nạo gọt rau củ quả 3 trong 1 Elmich EL8415 - Hàng chính hãng,277832411,tiki,Nhà Cửa - Đời Sống,Dụng cụ nhà bếp,"Dao, kéo và phụ kiện",https://tiki.vn/product-p277832411.html?spid=277832412,46000,5.0,1,16,Elmich,2026-04-29 13:47:24
Vỏ Hột Quẹt Bật Lửa Sạc Điện Cổng USB Hojon F33 Plasma 2 Tia Chống Nước Tiêu Chuẩn IP56 Kiêm Đèn Pin Siêu Sáng 3 Chế Độ - Nhiều Màu,277524062,tiki,Nhà Cửa - Đời Sống,Dụng cụ nhà bếp,"Bếp nướng, vỉ nướng",https://tiki.vn/product-p277524062.html?spid=277524063,182850,5.0,1,15,OEM,2026-04-29 13:47:24
Kệ 2 Ngăn Để Bồn Rửa Chén Có Khay Hứng Giỏ Để Rẻ Rửa Bát Có Khay Hứng Nghiêng Chống Đọng Nước Tiện Lợi,277511684,tiki,Nhà Cửa - Đời Sống,Dụng cụ nhà bếp,Kệ nhà bếp,https://tiki.vn/product-p277511684.html?spid=277511685,68000,0.0,0,1,TIEN ANH HOUSE,2026-04-29 13:47:24
Cân tính tiền chống nước QUA 832,277310858,tiki,Nhà Cửa - Đời Sống,Dụng cụ nhà bếp,Dụng cụ làm bánh,https://tiki.vn/product-p277310858.html?spid=277310860,1300000,0.0,0,0,OEM,2026-04-29 13:47:24
Kéo Nhà Bếp Sk5 Lưỡi Thép Sắc Bén Cán Hợp Kim Nhôm Cao Cấp Cắt Thực Phẩm Nhanh Gọn Tiện Dụng,276777609,tiki,Nhà Cửa - Đời Sống,Dụng cụ nhà bếp,"Dao, kéo và phụ kiện",https://tiki.vn/product-p276777609.html?spid=276777610,89000,0.0,0,9,LYNUSAN,2026-04-29 13:47:24
Chảo phủ sứ an toàn Elmich Olive EL5965OV,276479000,tiki,Nhà Cửa - Đời Sống,Dụng cụ nhà bếp,Nồi và chảo,https://tiki.vn/product-p276479000.html?spid=276479454,473000,5.0,5,47,Elmich,2026-04-29 13:47:24
Nồi phủ sứ an toàn Elmich Olive EL5523OV,276478995,tiki,Nhà Cửa - Đời Sống,Dụng cụ nhà bếp,Nồi và chảo,https://tiki.vn/product-p276478995.html?spid=276479534,442050,5.0,1,3,Elmich,2026-04-29 13:47:24
Combo 300 Túi Lọc Rác cho bồn rửa chén bát – Combo 300 Túi Lưới Lọc Rác Giúp Ngăn Chặn Tắc Đường Ống Tiện Lợi,276106593,tiki,Nhà Cửa - Đời Sống,Dụng cụ nhà bếp,Phụ kiện nhà bếp,https://tiki.vn/product-p276106593.html?spid=276559870,100000,5.0,4,78,LuckyJQR,2026-04-29 13:47:24
Chảo Inox nguyên khối Elmich Trimax EL 3846 MOL size 26cm,276025126,tiki,Nhà Cửa - Đời Sống,Dụng cụ nhà bếp,Nồi và chảo,https://tiki.vn/product-p276025126.html?spid=276025127,542000,5.0,7,28,Elmich,2026-04-29 13:47:24
Chảo inox nguyên khối Elmich Trimax EL 3846SI size 20 cm,276025118,tiki,Nhà Cửa - Đời Sống,Dụng cụ nhà bếp,Nồi và chảo,https://tiki.vn/product-p276025118.html?spid=276025119,415000,4.7,15,55,Elmich,2026-04-29 13:47:24
Hộp Cơm Lúa Mạch Vuông 1 Tầng 2 Ngăn Kèm Thìa Đũa (Giao Màu Ngẫu Nhiên) - HENRYSA,275198947,tiki,Nhà Cửa - Đời Sống,Dụng cụ nhà bếp,Bộ hộp cơm và phụ kiện,https://tiki.vn/product-p275198947.html?spid=275198948,130000,0.0,0,1,HENRYSA Bạn của mọi nhà,2026-04-29 13:47:24
Set 3 cuộn túi đựng thực phẩm tự phân hủy sinh học,274412643,tiki,Nhà Cửa - Đời Sống,Dụng cụ nhà bếp,Dụng cụ chứa đựng thực phẩm,https://tiki.vn/product-p274412643.html?spid=274412644,85000,5.0,1,28,PEAFLO,2026-04-29 13:47:24
[Mua 2 Tặng 1] Bộ Hộp Đựng Thức Ăn Hộp Cơm Bảo Quản Thực Phẩm Thủy Tinh Chịu Nhiệt - 370ml,274169410,tiki,Nhà Cửa - Đời Sống,Dụng cụ nhà bếp,Dụng cụ chứa đựng thực phẩm,https://tiki.vn/product-p274169410.html?spid=274169411,249000,0.0,0,2,COBA'COOK,2026-04-29 13:47:24
"Kệ Để Đồ Rửa Chén Bát Cao Cấp Thép Carbon Dày Dặn Phủ Sơn Tĩnh Điện Chống Rỉ Sét, Chắc Chắn Có Giá Nghiêng Thoát Nước  - HÀNG CHÍNH HÃNG MINIIN",274118590,tiki,Nhà Cửa - Đời Sống,Dụng cụ nhà bếp,Kệ nhà bếp,https://tiki.vn/product-p274118590.html?spid=273454735,55000,3.0,3,19,MINIIN,2026-04-29 13:47:24
Kẹp gắp thức ăn đa năng inox 304 DandiHome,274022038,tiki,Nhà Cửa - Đời Sống,Dụng cụ nhà bếp,Phụ kiện nhà bếp,https://tiki.vn/product-p274022038.html?spid=274022042,65000,5.0,4,22,DandiHome,2026-04-29 13:47:24
Dụng cụ cắt trứng Elmich EL8417,273914194,tiki,Nhà Cửa - Đời Sống,Dụng cụ nhà bếp,"Dao, kéo và phụ kiện",https://tiki.vn/product-p273914194.html?spid=274054646,44100,5.0,2,30,Elmich,2026-04-29 13:47:24
Chảo chống dính siêu bền Elmich EL5942GY - Hàng Chính Hãng,273244864,tiki,Nhà Cửa - Đời Sống,Dụng cụ nhà bếp,Nồi và chảo,https://tiki.vn/product-p273244864.html?spid=273247032,252000,3.8,8,36,Elmich,2026-04-29 13:47:24
"Búa đập thịt, tỏi, gừng, xả ... đa năng DandiHome cao cấp-Tiêu chuẩn quốc tế",272359826,tiki,Nhà Cửa - Đời Sống,Dụng cụ nhà bếp,Phụ kiện nhà bếp,https://tiki.vn/product-p272359826.html?spid=50713457,155000,4.8,125,405,DandiHome,2026-04-29 13:47:24
Lọ xay tiêu Inox 304 DandiHome cao cấp,263990262,tiki,Nhà Cửa - Đời Sống,Dụng cụ nhà bếp,Phụ kiện nhà bếp,https://tiki.vn/product-p263990262.html?spid=263990265,92000,4.7,504,19,DandiHome,2026-04-29 13:47:24
Đầu rửa  vòi sen Tăng áp chậu rửa bát 206785 quay 360 độ,216202899,tiki,Nhà Cửa - Đời Sống,Dụng cụ nhà bếp,Phụ kiện nhà bếp,https://tiki.vn/product-p216202899.html?spid=216202959,41000,0.0,0,10,TLG,2026-04-29 13:47:24
"Thớt Chặt Gỗ Xà Cừ Dày 3.5 cm Hình Tròn, Gỗ Nguyên Khối – Đồ Gỗ Nhà Bếp Thương Hiệu Trường Sơn",196470313,tiki,Nhà Cửa - Đời Sống,Dụng cụ nhà bếp,Phụ kiện nhà bếp,https://tiki.vn/product-p196470313.html?spid=276543514,93000,4.5,2,3,Trường Sơn,2026-04-29 13:47:24
Bình Bơm ga cho bật-lửa-hộp-quẹt kèm 5 đầu bơm các loại bật-lửa-gas - Blue Hàn Quốc 150 gram,181988661,tiki,Nhà Cửa - Đời Sống,Dụng cụ nhà bếp,"Bếp nướng, vỉ nướng",https://tiki.vn/product-p181988661.html?spid=276105866,99000,5.0,9,156,OEM,2026-04-29 13:47:24
Đầu kho gas sử dụng cho bình gas mini,161498722,tiki,Nhà Cửa - Đời Sống,Dụng cụ nhà bếp,"Bếp nướng, vỉ nướng",https://tiki.vn/product-p161498722.html?spid=278772975,53000,0.0,0,1,OEM,2026-04-29 13:47:24
"Muôi chiên đầu vát chống dính Echo Black 24cm - Hàng nội địa Nhật Bản, nhập khẩu chính hãng (#Made in Japan)",160668101,tiki,Nhà Cửa - Đời Sống,Dụng cụ nhà bếp,Phụ kiện nhà bếp,https://tiki.vn/product-p160668101.html?spid=160668103,44500,5.0,1,3,Echo,2026-04-29 13:47:24
"Khay Đá Silicon Có Nắp Đậy 14 Viên, Khay Đựng Đá Tủ Lạnh, Làm Đá Thạch Kem Bảo Quản Chống Mùi Tuyệt Đối- Hàng Loại 1",152784110,tiki,Nhà Cửa - Đời Sống,Dụng cụ nhà bếp,Phụ kiện nhà bếp,https://tiki.vn/product-p152784110.html?spid=152784111,25000,4.7,33,463,MINIIN,2026-04-29 13:47:24
Hộp muối dưa cà 5l,143102759,tiki,Nhà Cửa - Đời Sống,Dụng cụ nhà bếp,Phụ kiện nhà bếp,https://tiki.vn/product-p143102759.html?spid=278785946,175000,0.0,0,1,OEM,2026-04-29 13:47:24
Màng bọc thực phẩm Laspalm chính hãng Moriitalia MBTP00009232 - 20cm x 20m,137432077,tiki,Nhà Cửa - Đời Sống,Dụng cụ nhà bếp,Dụng cụ chứa đựng thực phẩm,https://tiki.vn/product-p137432077.html?spid=201549820,14000,0.0,0,32,Las Palms Mission,2026-04-29 13:47:24
Bộ Dao 7 Món Lock&Lock CKK301,134621577,tiki,Nhà Cửa - Đời Sống,Dụng cụ nhà bếp,"Dao, kéo và phụ kiện",https://tiki.vn/product-p134621577.html?spid=2876581,1657700,4.7,297,3306,LocknLock,2026-04-29 13:47:24
Tấm Chắn Dầu Mỡ Khi Nấu Ăn - Hàng Loại 1,129723849,tiki,Nhà Cửa - Đời Sống,Dụng cụ nhà bếp,Phụ kiện nhà bếp,https://tiki.vn/product-p129723849.html?spid=278112677,16000,0.0,0,2,OEM,2026-04-29 13:47:24
Bật lửa đốt nến điện dạng que mồi lửa thay thế hộp quẹt gas sử dụng sạc USB phóng tia plasma,72957200,tiki,Nhà Cửa - Đời Sống,Dụng cụ nhà bếp,"Bếp nướng, vỉ nướng",https://tiki.vn/product-p72957200.html?spid=95412004,99000,4.7,41,184,OEM,2026-04-29 13:47:24
"BỘ 5 dụng cụ mồi lửa cho bếp gas, bếp cồn nhỏ gọn, tiện dụng",51097654,tiki,Nhà Cửa - Đời Sống,Dụng cụ nhà bếp,"Bếp nướng, vỉ nướng",https://tiki.vn/product-p51097654.html?spid=198617985,68900,4.5,5,65,OEM,2026-04-29 13:47:24
ĐẦU VÒI RỬA CHÉN TIẾT KIỆM NƯỚC XOAY 360 ĐỘ,36785791,tiki,Nhà Cửa - Đời Sống,Dụng cụ nhà bếp,Phụ kiện nhà bếp,https://tiki.vn/product-p36785791.html?spid=81404059,28000,5.0,1,16,OEM,2026-04-29 13:47:24
Đầu Tăng Áp Lực Nước Vòi Rửa Bát,20373477,tiki,Nhà Cửa - Đời Sống,Dụng cụ nhà bếp,Phụ kiện nhà bếp,https://tiki.vn/product-p20373477.html?spid=58722115,75000,4.5,6,27,OEM,2026-04-29 13:47:24
Cân điện tử mini nhà bếp 5kg,12622141,tiki,Nhà Cửa - Đời Sống,Dụng cụ nhà bếp,Dụng cụ làm bánh,https://tiki.vn/product-p12622141.html?spid=278650226,59000,0.0,0,0,OEM,2026-04-29 13:47:24
Bộ hộp cơm Lock&Lock HAF100G3,7814456,tiki,Nhà Cửa - Đời Sống,Dụng cụ nhà bếp,Dụng cụ chứa đựng thực phẩm,https://tiki.vn/product-p7814456.html?spid=276164913,310000,5.0,1,6,LocknLock,2026-04-29 13:47:24
"COMBO 20 Đĩa Giấy Bạc Lót Nồi Chiên Không Dầu, Khay Bạc Nướng Thực Phẩm 22cm",278722578,tiki,Nhà Cửa - Đời Sống,Dụng cụ nhà bếp,Phụ kiện nhà bếp,https://tiki.vn/product-p278722578.html?spid=278722579,100000,5.0,1,4,LuckyJQR,2026-04-29 13:47:24
"Chảo chống dính Ceramic Elmich Olive EL5968OV size 20,24,26,28cm - Hàng chính hãng",278721113,tiki,Nhà Cửa - Đời Sống,Dụng cụ nhà bếp,Nồi và chảo,https://tiki.vn/product-p278721113.html?spid=278721156,645000,5.0,1,6,Elmich,2026-04-29 13:47:24
Chảo inox 304 đáy Impact Elmich EL2830/2831/2832/2833 - Hàng chính hãng,278681178,tiki,Nhà Cửa - Đời Sống,Dụng cụ nhà bếp,Nồi và chảo,https://tiki.vn/product-p278681178.html?spid=278681287,364000,0.0,0,9,Elmich,2026-04-29 13:47:24
Giấy bạc/Màng nhôm lá mỏng Ringo-RF30 (30cm x 5m),278451188,tiki,Nhà Cửa - Đời Sống,Dụng cụ nhà bếp,Phụ kiện nhà bếp,https://tiki.vn/product-p278451188.html?spid=278451189,19000,5.0,1,18,RINGO,2026-04-29 13:47:24
Bộ hộp thuỷ tinh chữ nhật Nikko kèm túi giữ nhiệt Yoshino - Inochi,277971405,tiki,Nhà Cửa - Đời Sống,Dụng cụ nhà bếp,Bộ hộp cơm và phụ kiện,https://tiki.vn/product-p277971405.html?spid=277971407,261000,5.0,4,28,Inochi,2026-04-29 13:47:24
Chảo chống dính siêu bền Elmich Hera II EL5940SK,277740593,tiki,Nhà Cửa - Đời Sống,Dụng cụ nhà bếp,Nồi và chảo,https://tiki.vn/product-p277740593.html?spid=277740597,329700,0.0,0,3,Elmich,2026-04-29 13:47:24
"Miếng Rửa Chén Xơ Mướp Khô Chống Dầu Mỡ, Bọt Biển Tự Nhiên, Dễ Dàng Làm Sạch Bát Dĩa - HÀNG CHÍNH HÃNG MINIIN",277600149,tiki,Nhà Cửa - Đời Sống,Dụng cụ nhà bếp,Phụ kiện nhà bếp,https://tiki.vn/product-p277600149.html?spid=277600150,19000,0.0,0,36,MINIIN,2026-04-29 13:47:24
Kệ chén đa năng 2 tầng sắt sơn tĩnh điện Hobby home decor KC7,276928304,tiki,Nhà Cửa - Đời Sống,Dụng cụ nhà bếp,Kệ nhà bếp,https://tiki.vn/product-p276928304.html?spid=276928305,315000,5.0,1,4,Hobby Home Decor,2026-04-29 13:47:24
"Giấy Treo Đa Năng, khăn giấy treo tường Top Gia thùng 6 bịch đa sắc làm từ bột gỗ nguyên chất, 1280 tờ 4 lớp dai, dày dặn caop cấp",276654551,tiki,Nhà Cửa - Đời Sống,Dụng cụ nhà bếp,Phụ kiện nhà bếp,https://tiki.vn/product-p276654551.html?spid=276654592,69000,0.0,0,7,FTAKY,2026-04-29 13:47:24
"Khuôn Làm Giò Inox Sáng Bóng Không Gỉ Loại 500g - 1kg - 2kg, Khuôn Giò Xào Hay Khuôn Làm Giò Thủ",276316320,tiki,Nhà Cửa - Đời Sống,Dụng cụ nhà bếp,Dụng cụ làm bánh,https://tiki.vn/product-p276316320.html?spid=276316322,43500,0.0,0,10,TIEN ANH HOUSE,2026-04-29 13:47:24
Bộ thau rổ Rose Elmich 28cm EL0271,275737223,tiki,Nhà Cửa - Đời Sống,Dụng cụ nhà bếp,Dụng cụ chứa đựng thực phẩm,https://tiki.vn/product-p275737223.html?spid=275737225,130305,5.0,2,16,Elmich,2026-04-29 13:47:24
"Bộ nồi chống dính vân gỗ Elmich Nature EL-5206MG04 size 18, 20, 24 chảo 26cm",275575215,tiki,Nhà Cửa - Đời Sống,Dụng cụ nhà bếp,Nồi và chảo,https://tiki.vn/product-p275575215.html?spid=275575216,1265000,5.0,3,19,Elmich,2026-04-29 13:47:24
Xe Kéo Đi Chợ Đa Năng đa năng,275428316,tiki,Nhà Cửa - Đời Sống,Dụng cụ nhà bếp,Phụ kiện nhà bếp,https://tiki.vn/product-p275428316.html?spid=275481574,350000,5.0,2,16,Anh Lam Store,2026-04-29 13:47:24
Bộ Nồi Inox 304 Cao Cấp MISU LOUIS Đáy 3 Lớp Nguyên Khối Sử Dụng Được Mọi Loại Bếp,275376318,tiki,Nhà Cửa - Đời Sống,Dụng cụ nhà bếp,Nồi và chảo,https://tiki.vn/product-p275376318.html?spid=275481503,425000,1.5,2,8,Anh Lam Store,2026-04-29 13:47:24
"Đầu Vòi Rửa Bát Tăng Áp, Loại Vòi Rửa Bát Dài, Xoay 360 Độ, Có Van Điều Chỉnh Chế Độ Nước",275339335,tiki,Nhà Cửa - Đời Sống,Dụng cụ nhà bếp,Phụ kiện nhà bếp,https://tiki.vn/product-p275339335.html?spid=275339336,44000,0.0,0,5,HT SYS,2026-04-29 13:47:24
Thùng giữ đá lạnh 19L Elmich EL0265 - Hàng Chính Hãng,275257385,tiki,Nhà Cửa - Đời Sống,Dụng cụ nhà bếp,Dụng cụ chứa đựng thực phẩm,https://tiki.vn/product-p275257385.html?spid=275374648,941588,0.0,0,18,Elmich,2026-04-29 13:47:24
"Bộ nồi chống dính men sứ Elmich EL -5204SK size 18,20,24cm - Hàng Chính Hãng",274556327,tiki,Nhà Cửa - Đời Sống,Dụng cụ nhà bếp,Nồi và chảo,https://tiki.vn/product-p274556327.html?spid=274585027,948000,4.7,7,32,Elmich,2026-04-29 13:47:24
Rổ đựng chén đĩa gấp gọn Elmich EL8412 - Hàng Chính Hãng,273741161,tiki,Nhà Cửa - Đời Sống,Dụng cụ nhà bếp,Dụng cụ chứa đựng thực phẩm,https://tiki.vn/product-p273741161.html?spid=274054624,159600,5.0,3,19,Elmich,2026-04-29 13:47:24
BẾP NƯỚNG THAN ngoài trời TEPRO Nhập ĐỨc Hàng chính hãng,273527527,tiki,Nhà Cửa - Đời Sống,Dụng cụ nhà bếp,"Bếp nướng, vỉ nướng",https://tiki.vn/product-p273527527.html?spid=273527528,9400000,0.0,0,2,Landmann,2026-04-29 13:47:24
Chảo chống dính Ultra Titanium Sunhouse 20-30cm dùng trên mọi loại bếp - bảo hành chính hãng sản phẩm kèm phiếu bảo hành,272916436,tiki,Nhà Cửa - Đời Sống,Dụng cụ nhà bếp,Nồi và chảo,https://tiki.vn/product-p272916436.html?spid=275777904,550000,5.0,1,11,Sunhouse,2026-04-29 13:47:24
"Súng mồi lửa bếp gas, bếp cồn bằng Inox cao cấp, bền bỉ, an toàn cho người sử dụng",272623922,tiki,Nhà Cửa - Đời Sống,Dụng cụ nhà bếp,"Bếp nướng, vỉ nướng",https://tiki.vn/product-p272623922.html?spid=275836759,88000,1.0,1,21,OEM,2026-04-29 13:47:24
"Insert lọ thủy tinh - dùng cho lọ 2ml, 100 cái/gói Alain TQ",263048843,tiki,Nhà Cửa - Đời Sống,Dụng cụ nhà bếp,Phụ kiện nhà bếp,https://tiki.vn/product-p263048843.html?spid=263048853,290000,5.0,2,4,ALAIN,2026-04-29 13:47:24
"Set 50 Khay Giấy Bạc , Cốc Giấy Bạc Làm Bánh , Nướng Đồ Ăn Tiện Dụng , Nướng Nồi Chiên Không Dầu Chính Hãng TOKDODO",253627605,tiki,Nhà Cửa - Đời Sống,Dụng cụ nhà bếp,Dụng cụ làm bánh,https://tiki.vn/product-p253627605.html?spid=253627606,19000,4.0,1,7,TOK DO DO TOKDODO TOK DO DO,2026-04-29 13:47:24
Kéo đa năng DandiHome thép cao cấp giữ độ bén tốt,235856649,tiki,Nhà Cửa - Đời Sống,Dụng cụ nhà bếp,"Dao, kéo và phụ kiện",https://tiki.vn/product-p235856649.html?spid=235856652,215000,5.0,29,23,DandiHome,2026-04-29 13:47:24
"Kệ Nhà Bếp Để Đồ Đa Năng, Kệ Nhựa Cao Cấp 3 Tầng Nachi Đạt Tiêu Chẩu Xuất Nhật ,Châu Âu- Hàng chính hãng inochi ( Tặng khăn lau đa năng pakasa)",196967435,tiki,Nhà Cửa - Đời Sống,Dụng cụ nhà bếp,Kệ nhà bếp,https://tiki.vn/product-p196967435.html?spid=196967437,156450,5.0,2,8,Inochi,2026-04-29 13:47:24
MÀNG BỌC THỰC PHẨM KHÔNG CHỨA CHẤT PHỤ GIA CỠ TIÊU CHUẨN 30CMX40M S SELECT,186127057,tiki,Nhà Cửa - Đời Sống,Dụng cụ nhà bếp,Phụ kiện nhà bếp,https://tiki.vn/product-p186127057.html?spid=186127058,49000,5.0,2,12,S Select,2026-04-29 13:47:24
Túi Đựng Hộp Cơm Có Lớp Giữ Nhiệt Và Chống Thấm Phong Cách Hàn Quốc PaKaSa - Hàng Chính Hãng,180567106,tiki,Nhà Cửa - Đời Sống,Dụng cụ nhà bếp,Phụ kiện nhà bếp,https://tiki.vn/product-p180567106.html?spid=180567108,39780,5.0,2,69,PaKaSa,2026-04-29 13:47:24
Máy Ép Trái Cây Máy Ép Hoa Quả Cầm Tay Tiện Lợi và Dễ Sử dụng,166068691,tiki,Nhà Cửa - Đời Sống,Dụng cụ nhà bếp,Phụ kiện nhà bếp,https://tiki.vn/product-p166068691.html?spid=278750476,128000,0.0,0,1,OEM,2026-04-29 13:47:24
Vòi rửa chén nóng lạnh đa năng kèm vòi xịt inox 304 Hobby Home Decor RCG,162597172,tiki,Nhà Cửa - Đời Sống,Dụng cụ nhà bếp,Phụ kiện nhà bếp,https://tiki.vn/product-p162597172.html?spid=162597173,869000,5.0,1,6,Hobby Home Decor,2026-04-29 13:47:24
"Combo 3 Hộp Giấy Bạc Màng Nhôm MyJae Đài Loan Để Bảo Quản, Nướng Thức Ăn, Bọc Thực Phẩm 30cm x 14m",160754789,tiki,Nhà Cửa - Đời Sống,Dụng cụ nhà bếp,Phụ kiện nhà bếp,https://tiki.vn/product-p160754789.html?spid=160754790,229000,4.5,15,66,MyJae,2026-04-29 13:47:24
Set túi đựng & bảo quản thực phẩm chịu nhiệt Ordiy (size S.M.L) - Hàng nội địa Nhật Bản (#MADE IN JAPAN),157055948,tiki,Nhà Cửa - Đời Sống,Dụng cụ nhà bếp,Dụng cụ chứa đựng thực phẩm,https://tiki.vn/product-p157055948.html?spid=157055952,48500,0.0,0,1,Ordiy,2026-04-29 13:47:24
thau nhựa gấp gọn đa năng Henrysa 12*35cm ( Giao màu ngẫu nhiên),155222192,tiki,Nhà Cửa - Đời Sống,Dụng cụ nhà bếp,Dụng cụ chứa đựng thực phẩm,https://tiki.vn/product-p155222192.html?spid=155222193,145000,4.5,2,30,HENRYSA Bạn của mọi nhà,2026-04-29 13:47:24
Kéo Cắt Gà  Nhật Bản Làm Bếp Đa Năng Cắt Vải Cắt Giấy SK5 Siêu Sắc - Hàng Loại 1- Chính Hãng,153263106,tiki,Nhà Cửa - Đời Sống,Dụng cụ nhà bếp,"Dao, kéo và phụ kiện",https://tiki.vn/product-p153263106.html?spid=153263107,35000,4.7,32,147,MINIIN,2026-04-29 13:47:24
Bộ Hộp Cơm Giữ Nhiệt Văn Phòng Cao Cấp Cắm Điện inox 3 Tầng - Chính Hãng MINIIN,148797223,tiki,Nhà Cửa - Đời Sống,Dụng cụ nhà bếp,Bộ hộp cơm và phụ kiện,https://tiki.vn/product-p148797223.html?spid=189648308,179000,4.6,24,90,MINIIN,2026-04-29 13:47:24
Màng bọc thực phẩm set 100 chiếc co giãn siêu dai có chun hình túi gấu,134336323,tiki,Nhà Cửa - Đời Sống,Dụng cụ nhà bếp,Dụng cụ chứa đựng thực phẩm,https://tiki.vn/product-p134336323.html?spid=272320243,8000,5.0,3,52,OEM,2026-04-29 13:47:24
Bộ 5 hộp thủy tinh chịu nhiệt đựng cơm trữ thức ăn  COBA'COOK hộp chữ nhật 370ml- CCL35,117076448,tiki,Nhà Cửa - Đời Sống,Dụng cụ nhà bếp,Dụng cụ chứa đựng thực phẩm,https://tiki.vn/product-p117076448.html?spid=117076449,415000,4.8,5,21,COBA'COOK,2026-04-29 13:47:24
Nồi Lock&Lock Handycook LHD1142 Có Nắp Đậy 14cm - Màu Xám,74307767,tiki,Nhà Cửa - Đời Sống,Dụng cụ nhà bếp,Nồi và chảo,https://tiki.vn/product-p74307767.html?spid=74307768,243650,4.5,164,507,LocknLock,2026-04-29 13:47:24
Bật Lửa Điện Tử Sạc USB Dùng Cho Tiệc Nướng BBQ - 23x1.5cm 42g - Màu Đen,54614324,tiki,Nhà Cửa - Đời Sống,Dụng cụ nhà bếp,"Bếp nướng, vỉ nướng",https://tiki.vn/product-p54614324.html?spid=136798013,119000,5.0,1,18,OEM,2026-04-29 13:47:24
Bộ Combo 100 Túi Lọc Rác Siêu Tiên Ích Cho Bồn Rửa Bát,52676101,tiki,Nhà Cửa - Đời Sống,Dụng cụ nhà bếp,Phụ kiện nhà bếp,https://tiki.vn/product-p52676101.html?spid=59547928,24000,4.7,38,308,OEM,2026-04-29 13:47:24
"Thớt gỗ đa dụng Moriitalia (Gỗ Tràm tự nhiên Acacia), Đủ Size Lớn Nhỏ Băm Thái Chặt - Decor - Không Phủ Sơn nhiều - Hàng chính hãng",278129386,tiki,Nhà Cửa - Đời Sống,Dụng cụ nhà bếp,Phụ kiện nhà bếp,https://tiki.vn/product-p278129386.html?spid=278129400,114600,0.0,0,0,Moriitalia,2026-04-29 13:47:24
"Thớt Gỗ Tếch cao cấp Moriitalia THOT00014861, THOT00014854, Kháng Khuẩn Tốt, Băm Thái Chặt Decor - Hàng chính hãng",278127430,tiki,Nhà Cửa - Đời Sống,Dụng cụ nhà bếp,Phụ kiện nhà bếp,https://tiki.vn/product-p278127430.html?spid=278127434,620000,0.0,0,1,Moriitalia,2026-04-29 13:47:24
[TẶNG TÚI HÚT] Máy Hút Chân Không Thực Phẩm Không Kén Túi LM666 Công Suất Cao Tặng Kèm Ống Hút Thực Phẩm Tiện Lợi,278121697,tiki,Nhà Cửa - Đời Sống,Dụng cụ nhà bếp,Dụng cụ chứa đựng thực phẩm,https://tiki.vn/product-p278121697.html?spid=278121699,799000,4.5,2,7,Deli,2026-04-29 13:47:24
"Bếp Điện Mini 500W-1000W – Pha Cafe, Trà, Nấu Nước, Hơ Lá Trầu Siêu Tiện Lợi",277589010,tiki,Nhà Cửa - Đời Sống,Dụng cụ nhà bếp,Dụng cụ làm bánh,https://tiki.vn/product-p277589010.html?spid=277781108,139000,4.3,3,14,OEM,2026-04-29 13:47:24
Vỏ Hột Quẹt Bật Lửa Khò Gas 1 Tia Cực Mạnh Kiêm Đục Tiện Dụng Honest BCZ-487 - Dùng Gas Cao Cấp,277524936,tiki,Nhà Cửa - Đời Sống,Dụng cụ nhà bếp,"Bếp nướng, vỉ nướng",https://tiki.vn/product-p277524936.html?spid=277524937,309350,1.0,1,2,OEM,2026-04-29 13:47:24
"Bộ 5 Hũ Thủy Tinh Tròn Nắp Thiếc 70ML - Dùng Chưng Yến, Đựng Gia Vị, Làm Sữa Chua - HÀNG CHÍNH HÃNG MINIIN",277395430,tiki,Nhà Cửa - Đời Sống,Dụng cụ nhà bếp,Dụng cụ chứa đựng thực phẩm,https://tiki.vn/product-p277395430.html?spid=277395431,59000,0.0,0,4,MINIIN,2026-04-29 13:47:24
Hộp thuỷ tinh bảo quản thực phẩm LocknLock 2 lít LLG462 - Hàng chính hãng,277041697,tiki,Nhà Cửa - Đời Sống,Dụng cụ nhà bếp,Dụng cụ chứa đựng thực phẩm,https://tiki.vn/product-p277041697.html?spid=277041698,207900,5.0,1,2,LocknLock,2026-04-29 13:47:24
"Vòi tăng áp suất  cho bồn rửa chén ,đầu vòi nối rửa bát tăng áp  có thể điều chỉnh xoay 360 độ , có than hoạt tính phù hợp với tất cả các vòi",276900448,tiki,Nhà Cửa - Đời Sống,Dụng cụ nhà bếp,Phụ kiện nhà bếp,https://tiki.vn/product-p276900448.html?spid=276900449,79000,5.0,1,5,LYNUSAN,2026-04-29 13:47:24
Bộ Nạo Rau Củ Quả 5 Lưỡi Dao Inox 304 Không Gỉ - Dụng Cụ Bào Rau Củ Đa Năng Cao Cấp Tiện Dụng - HÀNG CHÍNH HÃNG MINIIN,276675842,tiki,Nhà Cửa - Đời Sống,Dụng cụ nhà bếp,"Dao, kéo và phụ kiện",https://tiki.vn/product-p276675842.html?spid=276675843,49000,5.0,1,18,MINIIN,2026-04-29 13:47:24
"Máy Xay Tỏi Ớt Cầm Tay Mini - Dụng Cụ Xay Tỏi, Ớt Dây Rút Tiện Lợi",276634604,tiki,Nhà Cửa - Đời Sống,Dụng cụ nhà bếp,Phụ kiện nhà bếp,https://tiki.vn/product-p276634604.html?spid=276634719,26000,0.0,0,2,fofaHome,2026-04-29 13:47:24
Vòi Rửa Chén Bát Hoa Sen Xoay 360 Độ Chống Văng Chống Bắn Đầu Vòi Nước Mở Rộng Tiết Kiệm Nước Tiện Ích Cho Mọi Gia Đình,276449117,tiki,Nhà Cửa - Đời Sống,Dụng cụ nhà bếp,Phụ kiện nhà bếp,https://tiki.vn/product-p276449117.html?spid=276449123,20000,5.0,1,54,AlphaVH,2026-04-29 13:47:24
Dụng Cụ Bơm Hút Sang Chiết Ống Hút Xăng Dầu Chất Lỏng Bóp Tay Cao Cấp Dây Dài 1M Tặng Kèm Van Khoá - Quả Bóp Sang Chiết Chất Lỏng,275863247,tiki,Nhà Cửa - Đời Sống,Dụng cụ nhà bếp,Phụ kiện nhà bếp,https://tiki.vn/product-p275863247.html?spid=275863296,29000,3.0,1,40,fofaHome,2026-04-29 13:47:24
"Nồi Chiên Ngập Dầu Mini, Bộ Nồi Chiên Kèm Rổ Chiên Dày Dặn, Tiết Kiệm Dầu, Phù Hợp Với Nhiều Loại Bếp - Hàng Chính Hãng",275534798,tiki,Nhà Cửa - Đời Sống,Dụng cụ nhà bếp,Nồi và chảo,https://tiki.vn/product-p275534798.html?spid=275534799,166000,0.0,0,2,ASSTAR,2026-04-29 13:47:24
Hộp Cơm Cắm Điện 2 Tầng 4 Ngăn Inox Giữ Nhiệt Hâm Nóng Thức ăn,275490462,tiki,Nhà Cửa - Đời Sống,Dụng cụ nhà bếp,Dụng cụ chứa đựng thực phẩm,https://tiki.vn/product-p275490462.html?spid=275490463,235000,5.0,1,6,X LINH CHI STORE,2026-04-29 13:47:24
Miếng Bắc Nồi Chống Nhiệt Silicone Hình Vuông La Fonte - 012669,275419750,tiki,Nhà Cửa - Đời Sống,Dụng cụ nhà bếp,Phụ kiện nhà bếp,https://tiki.vn/product-p275419750.html?spid=275419751,32000,5.0,1,14,La Fonte,2026-04-29 13:47:24
Kệ 2 Ngăn Để Bồn Rửa Chén Có Khay Hứng Giỏ Để Rẻ Rửa Bát Có Khay Hứng Nghiêng Chống Đọng Nước Tiện Lợi,273729782,tiki,Nhà Cửa - Đời Sống,Dụng cụ nhà bếp,Kệ nhà bếp,https://tiki.vn/product-p273729782.html?spid=273729783,39000,4.5,2,46,fofaHome,2026-04-29 13:47:24
Chảo chống dính siêu bền Elmich Hera II EL5941GY - Hàng Chính Hãng,273244611,tiki,Nhà Cửa - Đời Sống,Dụng cụ nhà bếp,Nồi và chảo,https://tiki.vn/product-p273244611.html?spid=273247015,339000,5.0,2,28,Elmich,2026-04-29 13:47:24
KitchenAid - Dụng vụ vét bột đa năng màu đen,272588642,tiki,Nhà Cửa - Đời Sống,Dụng cụ nhà bếp,Dụng cụ làm bánh,https://tiki.vn/product-p272588642.html?spid=272588643,276300,0.0,0,4,KitchenAid,2026-04-29 13:47:24
Hộp Đựng Thực Phẩm Tủ Lạnh Loại To 5L Có Quai Xách Và Giá Lỗ Tách Nước Tiện Lợi Phân Phối Chính Hãng,262731132,tiki,Nhà Cửa - Đời Sống,Dụng cụ nhà bếp,Dụng cụ chứa đựng thực phẩm,https://tiki.vn/product-p262731132.html?spid=262731133,69000,4.3,3,29,TOK DO DO TOKDODO TOK DO DO,2026-04-29 13:47:24
SET 5 HỘP INOX SUS304 ĐỰNG THỰC PHẨM CÓ NẮP ĐẬY HÀNG DÀY ĐẸP,262495301,tiki,Nhà Cửa - Đời Sống,Dụng cụ nhà bếp,Dụng cụ chứa đựng thực phẩm,https://tiki.vn/product-p262495301.html?spid=270802599,49000,4.5,4,136,OEM,2026-04-29 13:47:24
Bình Gas Mini 170Ml Dùng Xài Hộp Quẹt Gas,262084881,tiki,Nhà Cửa - Đời Sống,Dụng cụ nhà bếp,"Bếp nướng, vỉ nướng",https://tiki.vn/product-p262084881.html?spid=276176578,55000,0.0,0,2,OEM,2026-04-29 13:47:24
"Khay cơm inox 5 ngăn sâu lớn SUS304 (33,5 x 23 x 4,5cm)",246769922,tiki,Nhà Cửa - Đời Sống,Dụng cụ nhà bếp,Bộ hộp cơm và phụ kiện,https://tiki.vn/product-p246769922.html?spid=246769927,159850,0.0,0,13,AV CRYSTAN,2026-04-29 13:47:24
"Khay Làm Đá Viên Kari Có Hộp Đựng Và Nắp Khử Mùi Tủ Lạnh Sản Xuất Theo Tiêu Chuẩn Xuất Nhật Bản , EU Đảm Bảo An Toàn Sức Khỏe Người Sử Dụng- Chính Hãng Inochi ( Tặng kèm khăn lau pakasa) Giao màu ngẫu nhiên",197100086,tiki,Nhà Cửa - Đời Sống,Dụng cụ nhà bếp,Phụ kiện nhà bếp,https://tiki.vn/product-p197100086.html?spid=197100090,44880,4.6,7,60,Inochi,2026-04-29 13:47:24
"Hũ Thủy Tinh 750ml - 1200ml - 2000ml Đựng Mật Ong, Gia Vị, Chanh muối...",191807369,tiki,Nhà Cửa - Đời Sống,Dụng cụ nhà bếp,Dụng cụ chứa đựng thực phẩm,https://tiki.vn/product-p191807369.html?spid=191807371,44850,4.0,1,8,CRYSTAN,2026-04-29 13:47:24
Combo 2 Thảm Lau Chân Nhà Bếp Hoạt Tiết 3D Thấm Hút Tốt,172844481,tiki,Nhà Cửa - Đời Sống,Dụng cụ nhà bếp,Phụ kiện nhà bếp,https://tiki.vn/product-p172844481.html?spid=172844482,89000,4.8,5,13,OEM,2026-04-29 13:47:24
"Dụng Cụ Máy Băm Xay Tỏi Ớt MiNi Cầm Tay Lock&Lock, Dụng Cụ Xay Hành, Thịt, Cá Đa Năng Làm Đồ Ăn Dặm Cho Bé - Chính Hãng",169986747,tiki,Nhà Cửa - Đời Sống,Dụng cụ nhà bếp,Phụ kiện nhà bếp,https://tiki.vn/product-p169986747.html?spid=197575312,88353,4.0,5,18,OEM,2026-04-29 13:47:24
Khay nướng bạc cho nồi chiên không dầu tiện ích,169274580,tiki,Nhà Cửa - Đời Sống,Dụng cụ nhà bếp,Phụ kiện nhà bếp,https://tiki.vn/product-p169274580.html?spid=195966645,19000,4.8,6,126,OEM,2026-04-29 13:47:24
"Thùng Đựng Gạo Cao Cấp MINIIN 5kg & 10kg - Thùng Đựng Gạo Nắp Đậy Thông Minh, Thiết Kế Hiện Đại & Đẹp Mắt, Chất Liệu ABS &PP An Toàn Chống Nước, Chống Ẩm Mốc, Mối Mọt - Hàng Nhập Khẩu",148811931,tiki,Nhà Cửa - Đời Sống,Dụng cụ nhà bếp,Thùng đựng gạo,https://tiki.vn/product-p148811931.html?spid=180738953,271000,5.0,1,2,MINIIN,2026-04-29 13:47:24
Hộp cơm giữ nhiệt Nhật Bản 830ml,133405068,tiki,Nhà Cửa - Đời Sống,Dụng cụ nhà bếp,Bộ hộp cơm và phụ kiện,https://tiki.vn/product-p133405068.html?spid=214912059,965000,5.0,2,4,OEM,2026-04-29 13:47:24
"(Chọn Loại) Túi Zip PE Trong Suốt 2 Đường Kéo MyJae, Túi Bọc Đồ Ăn, Rau Củ Bảo Quản Trong Tủ Lạnh",104681142,tiki,Nhà Cửa - Đời Sống,Dụng cụ nhà bếp,Dụng cụ chứa đựng thực phẩm,https://tiki.vn/product-p104681142.html?spid=104681152,69000,4.8,233,1687,MyJae,2026-04-29 13:47:24
Hủ thủy tinh đựng hạt nắp gỗ tre có muỗng HOBBY Home Decor LTT1 có 3 size tùy chọn loại nắp kín,98191087,tiki,Nhà Cửa - Đời Sống,Dụng cụ nhà bếp,Dụng cụ chứa đựng thực phẩm,https://tiki.vn/product-p98191087.html?spid=98191091,119000,4.6,25,148,Hobby Home Decor,2026-04-29 13:47:24
"Máy Xay Tỏi, Ớt Mini Bằng Điện - Pin Sạc - 45W",84736536,tiki,Nhà Cửa - Đời Sống,Dụng cụ nhà bếp,Phụ kiện nhà bếp,https://tiki.vn/product-p84736536.html?spid=108903020,51900,3.9,17,82,OEM,2026-04-29 13:47:24
Túi Đựng Hộp Cơm Giữ Nhiệt Đa Lớp Nhiều Hoa Văn - Xanh Denim,69927147,tiki,Nhà Cửa - Đời Sống,Dụng cụ nhà bếp,Phụ kiện nhà bếp,https://tiki.vn/product-p69927147.html?spid=69927148,30000,4.8,164,723,OEM,2026-04-29 13:47:24
"NỒI INOX CAO CẤP 3 LỚP ĐÁY LIỀN TRI-MAX 2353731, 2353732, 2353733, 2353734, 2353735, 2353736",46694285,tiki,Nhà Cửa - Đời Sống,Dụng cụ nhà bếp,Nồi và chảo,https://tiki.vn/product-p46694285.html?spid=68772039,616350,4.7,92,243,Elmich,2026-04-29 13:47:24
"Bếp Nướng Than Hoa, Than Củi Vuông - Rainy Cao Cấp - Hàng Chính Hãng",34180303,tiki,Nhà Cửa - Đời Sống,Dụng cụ nhà bếp,"Bếp nướng, vỉ nướng",https://tiki.vn/product-p34180303.html?spid=42622759,169999,4.0,38,278,Rainy,2026-04-29 13:47:24
Khăn Lau Đa Năng Siêu Thấm Nước 2 Lớp,22671307,tiki,Nhà Cửa - Đời Sống,Dụng cụ nhà bếp,Phụ kiện nhà bếp,https://tiki.vn/product-p22671307.html?spid=72119722,2000,4.8,4,72,OEM,2026-04-29 13:47:24
"Dụng cụ ép tỏi, hành, nghiền tỏi, xay tỏi, hành",20161399,tiki,Nhà Cửa - Đời Sống,Dụng cụ nhà bếp,Phụ kiện nhà bếp,https://tiki.vn/product-p20161399.html?spid=73538080,39704,4.3,11,46,OEM,2026-04-29 13:47:24
Xe Kéo Đi Chợ  Gấp Gọn Tiện Dụng,19565769,tiki,Nhà Cửa - Đời Sống,Dụng cụ nhà bếp,Phụ kiện nhà bếp,https://tiki.vn/product-p19565769.html?spid=67033082,395000,5.0,1,7,OEM,2026-04-29 13:47:24
Nồi Gang Staub - Xám,12500619,tiki,Nhà Cửa - Đời Sống,Dụng cụ nhà bếp,Nồi và chảo,https://tiki.vn/product-p12500619.html?spid=12500621,2507500,5.0,1,6,Staub,2026-04-29 13:47:24
"Cân điện tử sách tay, cân hành lý, cân du lịch WH-A08",5739651,tiki,Nhà Cửa - Đời Sống,Dụng cụ nhà bếp,Dụng cụ làm bánh,https://tiki.vn/product-p5739651.html?spid=71033985,129000,4.5,15,123,OEM,2026-04-29 13:47:24
"[Phiên Bản Essentials] Miếng chà rửa bọt biển Scrub Daddy, miếng xốp lau chùi đa năng",279259999,tiki,Nhà Cửa - Đời Sống,Dụng cụ nhà bếp,Phụ kiện nhà bếp,https://tiki.vn/product-p279259999.html?spid=279260000,69000,0.0,0,1,Scrub Daddy,2026-04-29 13:47:24
Bộ 120 khay giấy lót chống dính nồi chiên không dầu hình tròn Annapurna 011167-BRO - Hàng chính hãng,279077092,tiki,Nhà Cửa - Đời Sống,Dụng cụ nhà bếp,Dụng cụ làm bánh,https://tiki.vn/product-p279077092.html?spid=279077093,129000,0.0,0,2,Annapurna,2026-04-29 13:47:24
"Túi Đựng Hộp Cơm Giữ Nhiệt Cao CấpHELLO – Túi Xách Đựng Cơm Trưa Văn Phòng, Chống Thấm, Nhẹ Gọn 24x15x19.5cm -HÀNG CHÍNH HÃNG MINIIN",278965542,tiki,Nhà Cửa - Đời Sống,Dụng cụ nhà bếp,Bộ hộp cơm và phụ kiện,https://tiki.vn/product-p278965542.html?spid=278965554,39000,4.0,1,4,MINIIN,2026-04-29 13:47:24
Dụng Cụ Cắt Mắt Thơm Bằng Thép Không Gỉ Dụng Cụ Cắt Gọt Mắt Dứa,278843886,tiki,Nhà Cửa - Đời Sống,Dụng cụ nhà bếp,"Dao, kéo và phụ kiện",https://tiki.vn/product-p278843886.html?spid=278843887,60000,0.0,0,1,LuckyJQR,2026-04-29 13:47:24
Hộp Đựng Đũa Thìa Treo Tường Có Nắp Đậy Khay Thoát Nước 3 Móc Nhựa Treo Đồ Kèm Miếng Dán Siêu Dính,278760239,tiki,Nhà Cửa - Đời Sống,Dụng cụ nhà bếp,Phụ kiện nhà bếp,https://tiki.vn/product-p278760239.html?spid=278763558,149000,5.0,1,6,GUANG MING,2026-04-29 13:47:24
"Cối xay tiêu cầm tay tiện lợi, hũ xay tiêu mini chất liệu thủy tinh tiết kiệm thời gian, điều chỉnh độ mịn dễ dàng",278750276,tiki,Nhà Cửa - Đời Sống,Dụng cụ nhà bếp,Phụ kiện nhà bếp,https://tiki.vn/product-p278750276.html?spid=278750278,35000,0.0,0,0,OEM,2026-04-29 13:47:24
Lược Bướm Thép Tập Quay CSGO Dùng Tập Luyện - Mô Hình Butterfly CSGO – Lược Butterfly,278722582,tiki,Nhà Cửa - Đời Sống,Dụng cụ nhà bếp,Phụ kiện nhà bếp,https://tiki.vn/product-p278722582.html?spid=276047921,160000,5.0,3,22,LuckyJQR,2026-04-29 13:47:24
Muôi xới cơm chống dính tiện lợi - Hàng Nội Địa Nhật Bản,278633547,tiki,Nhà Cửa - Đời Sống,Dụng cụ nhà bếp,Phụ kiện nhà bếp,https://tiki.vn/product-p278633547.html?spid=278633548,43500,0.0,0,1,Sanadaseido,2026-04-29 13:47:24
"Cối chày inox 304  cao cấp đúc nguyên khối - Kèm nắp đậy , dùng giã hành tỏi, ớt, cua  , dày dặn, không bám mùi, dễ vệ sinh - Size 10cm",278279715,tiki,Nhà Cửa - Đời Sống,Dụng cụ nhà bếp,Phụ kiện nhà bếp,https://tiki.vn/product-p278279715.html?spid=278279716,169000,0.0,0,2,LYNUSAN,2026-04-29 13:47:24
Dao Gọt Trái cây ASAKH JAPAN Dùng Để Gọt Trái Cây Siêu Bén,277983145,tiki,Nhà Cửa - Đời Sống,Dụng cụ nhà bếp,"Dao, kéo và phụ kiện",https://tiki.vn/product-p277983145.html?spid=277983146,55000,0.0,0,7,PEAFLO,2026-04-29 13:47:24
Vỏ Hột Quẹt Bật Lửa Tia Điện Plasma Sạc USB Jobon 308A Đẹp Độc Lạ,277524736,tiki,Nhà Cửa - Đời Sống,Dụng cụ nhà bếp,"Bếp nướng, vỉ nướng",https://tiki.vn/product-p277524736.html?spid=277524737,504850,3.0,1,5,OEM,2026-04-29 13:47:24
Vỏ Hột Quẹt Bật Lửa Aomai AM-236 khò 1 tia Mạnh Mẽ Đẹp Độc Lạ - Dùng Gas Cao Cấp,277524694,tiki,Nhà Cửa - Đời Sống,Dụng cụ nhà bếp,"Bếp nướng, vỉ nướng",https://tiki.vn/product-p277524694.html?spid=277524695,90850,5.0,1,9,OEM,2026-04-29 13:47:24
"Vỏ Hột Quẹt Bật Lửa khò 1 tia cầm tay Jobon ZB-588 thiết kế nhỏ gọn, ngọn lửa khò 1 tia cực mạnh, dễ dàng điều chỉnh lửa và khóa rảnh tay",277523692,tiki,Nhà Cửa - Đời Sống,Dụng cụ nhà bếp,"Bếp nướng, vỉ nướng",https://tiki.vn/product-p277523692.html?spid=277523693,400000,0.0,0,5,OEM,2026-04-29 13:47:24
Vỏ Hột Quẹt Bật Lửa Tia Điện Jobon Sạc USB- ZB 308B Hình Rồng Đẹp Độc Lạ,277523250,tiki,Nhà Cửa - Đời Sống,Dụng cụ nhà bếp,"Bếp nướng, vỉ nướng",https://tiki.vn/product-p277523250.html?spid=277523251,458850,2.5,2,3,OEM,2026-04-29 13:47:24
"Kệ Nhà Bếp, Kệ Phòng Khách 6 Tầng Đa Năng, Khung Thép Carbon Sơn Tĩnh Điện Chống Rỉ - HÀNG CHÍNH HÃNG MINIIN",277408958,tiki,Nhà Cửa - Đời Sống,Dụng cụ nhà bếp,Kệ nhà bếp,https://tiki.vn/product-p277408958.html?spid=277408959,149000,5.0,1,9,MINIIN,2026-04-29 13:47:24
"Bếp Gas Mini Du Lịch, Bếp Gas Cắm Trại Siêu Nhỏ Gọn Có Dây Nối Bình Gas An Toàn - Hàng Chính Hãng",277174809,tiki,Nhà Cửa - Đời Sống,Dụng cụ nhà bếp,Phụ kiện nhà bếp,https://tiki.vn/product-p277174809.html?spid=277174810,155800,3.0,2,16,TIEN ANH HOUSE,2026-04-29 13:47:24
Hộp Cơm Cặp Lồng Cà Mèn Giữ Nhiệt Thức Ăn 4 Tầng Lúa Mạch Ruột Inox  Có Thể Tách Rời 1/2/3 Tầng Tùy Ý - Hàng chính hãng,276616178,tiki,Nhà Cửa - Đời Sống,Dụng cụ nhà bếp,Bộ hộp cơm và phụ kiện,https://tiki.vn/product-p276616178.html?spid=275073484,92000,5.0,1,11,Gro-Fa,2026-04-29 13:47:24
Nhiệt Kế Đo Nhiệt Độ Sữa và Đồ Ăn Cho Bé - Hàng chính hãng Nhiệt kế đo thực phẩm - PHỤ KIỆN NHÀ BẾP KHÁC,276604469,tiki,Nhà Cửa - Đời Sống,Dụng cụ nhà bếp,Phụ kiện nhà bếp,https://tiki.vn/product-p276604469.html?spid=276604470,110000,0.0,0,23,LuckyJQR,2026-04-29 13:47:24
Bộ nồi chống dính Elmich baby EL-1170OL size 16cm,275451445,tiki,Nhà Cửa - Đời Sống,Dụng cụ nhà bếp,Nồi và chảo,https://tiki.vn/product-p275451445.html?spid=275451447,360150,5.0,2,21,Elmich,2026-04-29 13:47:24
Cuộn Túi Hút Chân Không Thực Phẩm Một Mặt Nhám Một Mặt Trơn Dạng Hạt Mịn Phù Hợp Cho Tất Cả Các Dòng Máy Hút Chân Không GROFA,275410902,tiki,Nhà Cửa - Đời Sống,Dụng cụ nhà bếp,Dụng cụ chứa đựng thực phẩm,https://tiki.vn/product-p275410902.html?spid=275412594,59000,5.0,4,66,Gro-Fa,2026-04-29 13:47:24
"Kệ Để Đồ Đa Năng Osaka Hokori, Nhựa Việt Nhật Kệ Để Đồ Decor Nhà Cửa Xinh Xắn 2 Tầng - Hàng Việt Nam",275222068,tiki,Nhà Cửa - Đời Sống,Dụng cụ nhà bếp,Kệ nhà bếp,https://tiki.vn/product-p275222068.html?spid=275222072,145950,5.0,1,8,Hokori,2026-04-29 13:47:24
Kệ chân đế máy giặt tủ lạnh inox cao cấp 45-61cm,275121218,tiki,Nhà Cửa - Đời Sống,Dụng cụ nhà bếp,Kệ nhà bếp,https://tiki.vn/product-p275121218.html?spid=275121219,295000,4.5,10,52,PEAFLO,2026-04-29 13:47:24
Hũ lọ inox 304 hút chân không bảo quản thực phẩm Cafede Kona,274856980,tiki,Nhà Cửa - Đời Sống,Dụng cụ nhà bếp,Dụng cụ chứa đựng thực phẩm,https://tiki.vn/product-p274856980.html?spid=274856984,856000,0.0,0,1,Cafede Kona,2026-04-29 13:47:24
KÉO CẮT TỈA CÀNH LÀM VƯỜN TOTAL THTS1516306 - HÀNG CHÍNH HÃNG,274128566,tiki,Nhà Cửa - Đời Sống,Dụng cụ nhà bếp,"Dao, kéo và phụ kiện",https://tiki.vn/product-p274128566.html?spid=275828712,458000,0.0,0,2,Total,2026-04-29 13:47:24
Dao cắt gọt 10 cm Swiss Classic Victorinox Thụy Sỹ,274097890,tiki,Nhà Cửa - Đời Sống,Dụng cụ nhà bếp,"Dao, kéo và phụ kiện",https://tiki.vn/product-p274097890.html?spid=274097910,300000,0.0,0,3,VICTORINOX,2026-04-29 13:47:24
"Bếp Nướng Than Hoa, Lò Nướng Thịt BBQ - Cao Cấp Chất Liệu Thép Chịu Nhiệt Có Chân Phụ Chắc Chắn An Toàn - HÀNG CHÍNH HÃNG MINIIN",273556187,tiki,Nhà Cửa - Đời Sống,Dụng cụ nhà bếp,"Bếp nướng, vỉ nướng",https://tiki.vn/product-p273556187.html?spid=273556188,179000,0.0,0,8,MINIIN,2026-04-29 13:47:24
Hộp Nhựa Đựng Thực Phẩm Khô DELI- Hộp Nhựa Đựng Ngũ Cốc Đồ Khô Nắp Kín Chống Ẩm Mốc Nắp Kín Sắp Xếp Nhà Bếp Bảo Quản Thực Phẩm Phân Chia Thực Phẩm Chống Mùi Tủ Lạnh Chống Tràn Chống Rò Rỉ,273010096,tiki,Nhà Cửa - Đời Sống,Dụng cụ nhà bếp,Dụng cụ chứa đựng thực phẩm,https://tiki.vn/product-p273010096.html?spid=273010734,88000,5.0,1,8,Deli,2026-04-29 13:47:24
Chảo chống dính Ultra titanium Sunhouse STB - Dùng cho mọi loại bếp - Hàng chính hãng,195791850,tiki,Nhà Cửa - Đời Sống,Dụng cụ nhà bếp,Nồi và chảo,https://tiki.vn/product-p195791850.html?spid=249785878,504000,5.0,3,13,Sunhouse,2026-04-29 13:47:24
"[LỰA CHỌN CHỈ TÚI CƠM HOẶC HỘP CƠM] Cặp Lồng Cơm 3 Tầng Giữ Nhiệt, Hộp Đựng Cơm Cắm Điện 3 Tầng Cao Cấp Văn Phòng Đựng Thức Ăn Chính Hãng D Danido",195716218,tiki,Nhà Cửa - Đời Sống,Dụng cụ nhà bếp,Dụng cụ chứa đựng thực phẩm,https://tiki.vn/product-p195716218.html?spid=195716226,129000,4.7,3,6,D Danido,2026-04-29 13:47:24
Kệ gài dao thớt đa năng nâu | KỆ GÀI DAO THỚT KÈM ỐNG CẮM ĐŨA ĐA NĂNG SƠN TĨNH ĐIỆN,190995585,tiki,Nhà Cửa - Đời Sống,Dụng cụ nhà bếp,Kệ nhà bếp,https://tiki.vn/product-p190995585.html?spid=190995588,212750,0.0,0,6,CRYSTAN,2026-04-29 13:47:24
Túi zipper đa năng Shinshen 1L (có khóa kéo loại đỏ - đáy mở rộng) - Hộp 20 túi,176309755,tiki,Nhà Cửa - Đời Sống,Dụng cụ nhà bếp,Phụ kiện nhà bếp,https://tiki.vn/product-p176309755.html?spid=276031038,31400,5.0,3,25,Inochi,2026-04-29 13:47:24
"Giỏ lọc rác có nắp đậy gắn bồn rửa chén, lưới lọc rác thông minh cho chậu rửa bát chén lavabo inox",170927204,tiki,Nhà Cửa - Đời Sống,Dụng cụ nhà bếp,Phụ kiện nhà bếp,https://tiki.vn/product-p170927204.html?spid=278756410,36000,0.0,0,3,OEM,2026-04-29 13:47:24
Khuôn Làm Giò Thủ 1kg - Inox 304 Cao Cấp,163741030,tiki,Nhà Cửa - Đời Sống,Dụng cụ nhà bếp,Dụng cụ làm bánh,https://tiki.vn/product-p163741030.html?spid=163741035,208500,4.3,12,93,OEM,2026-04-29 13:47:24
Túi Đựng Thực Phẩm Chịu Nhiệt Ordiy Bền Dai Nhiều Kích Cỡ,158971960,tiki,Nhà Cửa - Đời Sống,Dụng cụ nhà bếp,Dụng cụ chứa đựng thực phẩm,https://tiki.vn/product-p158971960.html?spid=158971962,45000,5.0,1,22,Ordiy,2026-04-29 13:47:24
Cân Tiểu Ly Điện Tử Nhà Bếp Định Lượng 3000g - 0.1g  Cân Làm Bánh Có Độ Chính Xác Cao - Hàng Chính Hãng MINIIN,148801631,tiki,Nhà Cửa - Đời Sống,Dụng cụ nhà bếp,Dụng cụ làm bánh,https://tiki.vn/product-p148801631.html?spid=175886491,199000,4.6,18,89,MINIIN,2026-04-29 13:47:24
Combo 2 set túi Zip đựng & bảo quản thực phẩm - nội địa Nhật Bản ( 16 chiếc size M + 12 chiếc size L),113711175,tiki,Nhà Cửa - Đời Sống,Dụng cụ nhà bếp,Dụng cụ chứa đựng thực phẩm,https://tiki.vn/product-p113711175.html?spid=113711179,157200,5.0,2,18,YAMADA,2026-04-29 13:47:24
"Túi 100 lưới lọc rác bồn rửa chén giúp cho bồn rửa chén không bị nghẽn tắc do rác, lọc cặn bẩn hiệu quả sau khi rửa chén GD457-LuoiLR100",87676099,tiki,Nhà Cửa - Đời Sống,Dụng cụ nhà bếp,Phụ kiện nhà bếp,https://tiki.vn/product-p87676099.html?spid=161538269,14000,4.8,12,161,OEM,2026-04-29 13:47:24
Sạn Gỗ Xào Đầu Dẹp Nhỏ ( 30 x 6.5 cm ) - Đồ Gỗ Nhà Bếp Thương Hiệu Trường Sơn,57763710,tiki,Nhà Cửa - Đời Sống,Dụng cụ nhà bếp,Phụ kiện nhà bếp,https://tiki.vn/product-p57763710.html?spid=57763711,35000,4.7,26,120,Trường Sơn,2026-04-29 13:47:24
Vòi rửa chén nước lạnh gắn chậu,35221316,tiki,Nhà Cửa - Đời Sống,Dụng cụ nhà bếp,Phụ kiện nhà bếp,https://tiki.vn/product-p35221316.html?spid=35221324,475000,5.0,1,6,SMY,2026-04-29 13:47:24
Dụng cụ chắn bếp chống dầu mỡ,21042485,tiki,Nhà Cửa - Đời Sống,Dụng cụ nhà bếp,Phụ kiện nhà bếp,https://tiki.vn/product-p21042485.html?spid=67032070,12900,4.5,19,219,OEM,2026-04-29 13:47:24
Miếng cọ rửa Scour Daddy - Lưới ArmorTec rửa sạch loại bỏ các mảng bám cứng đầu,279230828,tiki,Nhà Cửa - Đời Sống,Dụng cụ nhà bếp,Phụ kiện nhà bếp,https://tiki.vn/product-p279230828.html?spid=279230829,166000,0.0,0,1,Scrub Daddy,2026-04-29 13:47:24
"Màng bọc thực phẩm chất lượng cao Deodeo, dùng được cho lò vi sóng, nhiều size - Hàng chính hãng",279120614,tiki,Nhà Cửa - Đời Sống,Dụng cụ nhà bếp,Phụ kiện nhà bếp,https://tiki.vn/product-p279120614.html?spid=279120620,16000,0.0,0,1,Deodeo,2026-04-29 13:47:24
"DAO SATO JAPAN - SIÊU BÉN, SIÊU ĐẲNG CẤP (MŨI NHỌN) hàng chính hãng",278670616,tiki,Nhà Cửa - Đời Sống,Dụng cụ nhà bếp,"Dao, kéo và phụ kiện",https://tiki.vn/product-p278670616.html?spid=278670611,350000,5.0,1,1,Highgate,2026-04-29 13:47:24
Dụng cụ hút chân không giữ cho thực phẩm tươi lâu máy nhỏ gọn,278457538,tiki,Nhà Cửa - Đời Sống,Dụng cụ nhà bếp,Phụ kiện nhà bếp,https://tiki.vn/product-p278457538.html?spid=278457539,289000,0.0,0,2,OEM,2026-04-29 13:47:24
Dao Cắt Lát Sóng Củ Quả Cán Gỗ - Dao Tạo Hình Lượn Sóng Trang Trí Thực Phẩm,277604630,tiki,Nhà Cửa - Đời Sống,Dụng cụ nhà bếp,"Dao, kéo và phụ kiện",https://tiki.vn/product-p277604630.html?spid=277604634,29000,0.0,0,3,MINIIN,2026-04-29 13:47:24
Giấy Rút Treo Tường 5312 Tờ 4 Lớp Cao Cấp - Thùng 4 Túi Giấy Vệ Sinh Đa Năng Tặng Móc Treo -HÀNG CHÍNH HÃNG MINIIN,277546238,tiki,Nhà Cửa - Đời Sống,Dụng cụ nhà bếp,Phụ kiện nhà bếp,https://tiki.vn/product-p277546238.html?spid=277546240,35000,0.0,0,3,MINIIN,2026-04-29 13:47:24
Vỏ Hộp Quẹt Bật Lửa Diêm Xăng Kiêm Móc Khóa Và Đèn Pin Honest BCK2-572 Nhỏ Gọn Tiện Dụng Đẹp Độc Lạ - Dùng Xăng Cao Cấp (giao màu ngẫu nhiên),277525394,tiki,Nhà Cửa - Đời Sống,Dụng cụ nhà bếp,"Bếp nướng, vỉ nướng",https://tiki.vn/product-p277525394.html?spid=277525395,113850,0.0,0,1,OEM,2026-04-29 13:47:24
Vỏ Hột Quẹt Bật Lửa khò gas đá 1 tia cực mạnh Aomai AM-369 có chốt khóa rảnh tay,277523538,tiki,Nhà Cửa - Đời Sống,Dụng cụ nhà bếp,"Bếp nướng, vỉ nướng",https://tiki.vn/product-p277523538.html?spid=277523539,67850,0.0,0,4,OEM,2026-04-29 13:47:24
"Giỏ Đựng Hành Tỏi Dán Tường, Kệ Đựng Gia Vị 3 Ngăn 2 Tầng Gắn Tường Nhà Bếp Tiện Lợi Bằng Thép - Kèm Miếng Dán - Hàng Chính Hãng MINIIN",277312235,tiki,Nhà Cửa - Đời Sống,Dụng cụ nhà bếp,Kệ nhà bếp,https://tiki.vn/product-p277312235.html?spid=277312236,55000,5.0,1,12,MINIIN,2026-04-29 13:47:24
Set 50 Giấy Bạc Size 18 Đựng Thực Phẩm Dùng Cho Nồi Chiên Không Dầu. Khay Bát Bạc 18cm Tái Sử Dụng Được,276316194,tiki,Nhà Cửa - Đời Sống,Dụng cụ nhà bếp,Phụ kiện nhà bếp,https://tiki.vn/product-p276316194.html?spid=276316196,38500,0.0,0,5,TIEN ANH HOUSE,2026-04-29 13:47:24
"Bộ 3 dụng cụ làm bánh nấu ăn nhà bếp chất liệu silicon chịu nhiệt cao cấp Chổi silicon quét dầu bơ, làm bánh kem",276305461,tiki,Nhà Cửa - Đời Sống,Dụng cụ nhà bếp,Dụng cụ làm bánh,https://tiki.vn/product-p276305461.html?spid=276305462,110000,0.0,0,1,LuckyJQR,2026-04-29 13:47:24
Tấm chắn bếp nấu ăn chống bắn dầu-Tấm chắn lửa bếp gas-Vách ngăn bếp mini gấp gọn - Tấm chắn nhiệt bếp gas,276120025,tiki,Nhà Cửa - Đời Sống,Dụng cụ nhà bếp,Kệ nhà bếp,https://tiki.vn/product-p276120025.html?spid=276120027,499000,0.0,0,1,SOHOGO,2026-04-29 13:47:24
Hộp Quẹt Bật Lửa Diêm Xăng Kiêm Gạt Tàn 2 Chức Năng Đẹp Độc Lạ BCZ - Giao Màu Ngẫu Nhiên,275831078,tiki,Nhà Cửa - Đời Sống,Dụng cụ nhà bếp,"Bếp nướng, vỉ nướng",https://tiki.vn/product-p275831078.html?spid=275831079,159000,0.0,0,4,Photodesign VN,2026-04-29 13:47:24
"Giẻ Lau Bếp Dây Kim Loại 20x20 Cm, Lưới Lau Bồn Rửa Chén Bát, Tấm Cọ Rửa Đa Năng Lưới Rửa Bát Chén Dĩa - Giẻ Lau Bếp Dây Kim Loại Lau Bồn Rửa Chén, Tấm Cọ Rửa Đa Năng Không Mài Mòn",274641646,tiki,Nhà Cửa - Đời Sống,Dụng cụ nhà bếp,Phụ kiện nhà bếp,https://tiki.vn/product-p274641646.html?spid=274641648,4000,5.0,1,35,fofaHome,2026-04-29 13:47:24
"Khuôn Làm Giò Inox Sáng Bóng Không Gỉ Loại 500g - 1kg - 2kg, Khuôn Giò Xào Hay Khuôn Làm Giò Thủ",273570404,tiki,Nhà Cửa - Đời Sống,Dụng cụ nhà bếp,Dụng cụ làm bánh,https://tiki.vn/product-p273570404.html?spid=273570406,36000,4.8,4,53,fofaHome,2026-04-29 13:47:24
Bộ Cối Chày Inox Cao Cấp Sáng Bóng Bền Đẹp Đủ Kích Cỡ,263494017,tiki,Nhà Cửa - Đời Sống,Dụng cụ nhà bếp,Phụ kiện nhà bếp,https://tiki.vn/product-p263494017.html?spid=263494019,88000,5.0,3,8,TOK DO DO TOKDODO TOK DO DO,2026-04-29 13:47:24
"Cuộn Khăn Lau Đa Năng ,Khăn Giấy Chuyên Dụng Cho Nhà Bếp Có Thể Tái Xử Dụng",263486750,tiki,Nhà Cửa - Đời Sống,Dụng cụ nhà bếp,Phụ kiện nhà bếp,https://tiki.vn/product-p263486750.html?spid=263486752,14000,5.0,1,52,TOK DO DO TOKDODO TOK DO DO,2026-04-29 13:47:24
Miếng Bọt Biển Tẩy Rửa Nano Melamine Foam Ma Thuật - Cọ đến đâu sạch đến đó không cần xà phòng,262303191,tiki,Nhà Cửa - Đời Sống,Dụng cụ nhà bếp,Phụ kiện nhà bếp,https://tiki.vn/product-p262303191.html?spid=262303193,25000,5.0,1,35,NAVIVU,2026-04-29 13:47:24
"ẤM ĐUN NƯỚC BẾP TỪ ARBER AB04LSMX, DUNG TÍCH 4 Lít Hàng CHính Hãng",250050030,tiki,Nhà Cửa - Đời Sống,Dụng cụ nhà bếp,Ấm nước các loại,https://tiki.vn/product-p250050030.html?spid=250050031,700000,5.0,1,4,Arber,2026-04-29 13:47:24
"Bếp điện mini pha cafe, trà, nấu nước 100W tiện dụng hình xoắn ốc",221253726,tiki,Nhà Cửa - Đời Sống,Dụng cụ nhà bếp,Phụ kiện nhà bếp,https://tiki.vn/product-p221253726.html?spid=278681452,129000,0.0,0,2,OEM,2026-04-29 13:47:24
"Dụng Cụ Tách Hạt Thông Minh Mifan - Kẹp vỏ hướng dương, óc chó, hạnh nhân, macca, mắc ca, hạt dẻ",200962968,tiki,Nhà Cửa - Đời Sống,Dụng cụ nhà bếp,Phụ kiện nhà bếp,https://tiki.vn/product-p200962968.html?spid=200962969,110000,4.6,5,42,Mifan,2026-04-29 13:47:24
"Hộp Thủy Tinh, Lọ Thủy Tinh, Hũ Thủy Tinh Nắp Gỗ  350ml 500ml 750ml 1000ml 1200ml 1600ml",198187532,tiki,Nhà Cửa - Đời Sống,Dụng cụ nhà bếp,Dụng cụ chứa đựng thực phẩm,https://tiki.vn/product-p198187532.html?spid=198187582,113850,0.0,0,0,AV CRYSTAN,2026-04-29 13:47:24
Hộp cơm inox giữ nhiệt Pearl Metal Home Label - Hàng nội địa Nhật Bản |#nhập khẩu chính hãng|,193530262,tiki,Nhà Cửa - Đời Sống,Dụng cụ nhà bếp,Bộ hộp cơm và phụ kiện,https://tiki.vn/product-p193530262.html?spid=193530274,720000,3.5,6,19,Pearl Metal,2026-04-29 13:47:24
Combo 100 Găng Tay Nilong Đa Chức Năng Dùng 1 Lần Tiện Lợi - Hàng Chính Hãng,192178209,tiki,Nhà Cửa - Đời Sống,Dụng cụ nhà bếp,Phụ kiện nhà bếp,https://tiki.vn/product-p192178209.html?spid=192187762,19000,3.8,5,66,lilahome,2026-04-29 13:47:24
"KHAY LỌC RÁC BỒN RỬA BÁT CÓ MÓC TREO, GIAO MÀU NGẪU NHIÊN",167737767,tiki,Nhà Cửa - Đời Sống,Dụng cụ nhà bếp,Phụ kiện nhà bếp,https://tiki.vn/product-p167737767.html?spid=193397981,7000,1.0,1,27,OEM,2026-04-29 13:47:24
"Bếp lẩu nướng 2 ngăn Hàn Quốc, nồi lẩu đa năng thông minh chống dính 2 trong 1",167515056,tiki,Nhà Cửa - Đời Sống,Dụng cụ nhà bếp,Phụ kiện nhà bếp,https://tiki.vn/product-p167515056.html?spid=276422318,165000,5.0,1,3,OEM,2026-04-29 13:47:24
Hộp Đựng Thực Phẩm Echo Hình Chữ Nhật Bằng Inox Cao Cấp Hàng Nội Địa Nhật,155046744,tiki,Nhà Cửa - Đời Sống,Dụng cụ nhà bếp,Dụng cụ chứa đựng thực phẩm,https://tiki.vn/product-p155046744.html?spid=155046745,48500,5.0,2,55,Echo,2026-04-29 13:47:24
Màng nhôm (giấy bạc) Laspalm chính hãng bảo quản thực phẩm MNTP00003179,138144975,tiki,Nhà Cửa - Đời Sống,Dụng cụ nhà bếp,Phụ kiện nhà bếp,https://tiki.vn/product-p138144975.html?spid=201549915,34000,5.0,4,51,Las Palms Mission,2026-04-29 13:47:24
"Bộ 2 Hộp Cơm Văn Phòng, Chất Liệu  Thủy Tinh Chịu Nhiệt Tốt, Nắp Nhựa PP Cao Cấp An Toàn Sức Khoẻ Kèm Túi Xách Tiện Lợi- Hàng Chính Hãng MINIIN",128588828,tiki,Nhà Cửa - Đời Sống,Dụng cụ nhà bếp,Bộ hộp cơm và phụ kiện,https://tiki.vn/product-p128588828.html?spid=180738914,206000,5.0,1,1,MINIIN,2026-04-29 13:47:24
"Kéo cắt gà, cắt thịt cao cấp Shimomura Pro Grade 20,5cm - Made in Japan",107047965,tiki,Nhà Cửa - Đời Sống,Dụng cụ nhà bếp,"Dao, kéo và phụ kiện",https://tiki.vn/product-p107047965.html?spid=107047973,279500,5.0,3,12,Shimomura,2026-04-29 13:47:24
"Túi đựng hộp cơm giữ nhiệt văn phòng, size vừa 1 quai xách có thể tháo rời - Phù hợp đựng thức ăn - Tặng túi đựng muỗng",105662304,tiki,Nhà Cửa - Đời Sống,Dụng cụ nhà bếp,Phụ kiện nhà bếp,https://tiki.vn/product-p105662304.html?spid=105662308,69000,5.0,21,64,GREPACO,2026-04-29 13:47:24
Trụ Khăn Giấy Gỗ Cao Su - Đồ Gỗ Nhà Bếp Thương Hiệu Trường Sơn,83396234,tiki,Nhà Cửa - Đời Sống,Dụng cụ nhà bếp,Phụ kiện nhà bếp,https://tiki.vn/product-p83396234.html?spid=83396236,65000,4.5,31,131,Trường Sơn,2026-04-29 13:47:24
Xẻng Xào Thức Ăn Cán Dài Gỗ Xà Cừ - Sạn Gỗ S0 Xà Cừ - Đồ Gỗ Nhà Bếp Thương Hiệu Trường Sơn,74533265,tiki,Nhà Cửa - Đời Sống,Dụng cụ nhà bếp,Phụ kiện nhà bếp,https://tiki.vn/product-p74533265.html?spid=74533266,27000,4.8,30,165,Trường Sơn,2026-04-29 13:47:24
"Túi Đựng Hộp Cơm Giữ Nhiệt Văn Phòng Size Lớn Màu Đen Có Dây Kéo Vừa Quai Xách Quai Đeo Ngăn Phụ Trong Ngoài Tặng Túi Muỗng Nĩa (Lunch Bags, Box)",71001139,tiki,Nhà Cửa - Đời Sống,Dụng cụ nhà bếp,Phụ kiện nhà bếp,https://tiki.vn/product-p71001139.html?spid=71001140,99000,4.8,88,273,GREPACO,2026-04-29 13:47:24
RẾ LÓT NỒI HÌNH TRÒN - MIẾNG GỖ LÓT HÌNH TRÒN - MIẾNG LÓT CHỊU NHIỆT,56901849,tiki,Nhà Cửa - Đời Sống,Dụng cụ nhà bếp,Phụ kiện nhà bếp,https://tiki.vn/product-p56901849.html?spid=56901850,41000,5.0,52,370,Trường Sơn,2026-04-29 13:47:24
"Máy ép trái cây bằng tay FRU-227, Ép táo, lựu, bưởi, dưa, thơm Dụng cụ Ép cam chuyên dụng",52999852,tiki,Nhà Cửa - Đời Sống,Dụng cụ nhà bếp,Phụ kiện nhà bếp,https://tiki.vn/product-p52999852.html?spid=112062210,139000,4.3,19,109,OEM,2026-04-29 13:47:24
"BỘ 3 HỘP NHỰA PP AN TOÀN DÙNG CHỨA ĐỰNG THỰC PHẨM DUNG TÍCH 2000ML,1300ML,830ML",52846777,tiki,Nhà Cửa - Đời Sống,Dụng cụ nhà bếp,Dụng cụ chứa đựng thực phẩm,https://tiki.vn/product-p52846777.html?spid=75673859,56000,5.0,1,2,OEM,2026-04-29 13:47:24
Kéo cắt gà và thịt đa năng inox có khóa gài cao cấp tặng kèm miếng lót nồi rửa bát silicol tiện lợi,40366543,tiki,Nhà Cửa - Đời Sống,Dụng cụ nhà bếp,"Dao, kéo và phụ kiện",https://tiki.vn/product-p40366543.html?spid=67036611,107000,5.0,1,5,OEM,2026-04-29 13:47:24
Dụng cụ bơm nước tự động cho bình nước khoáng,13771541,tiki,Nhà Cửa - Đời Sống,Dụng cụ nhà bếp,Phụ kiện nhà bếp,https://tiki.vn/product-p13771541.html?spid=55156584,115000,4.5,22,77,OEM,2026-04-29 13:47:24
Bộ Dụng Cụ Cắt Tỉa Củ Quả 8 Món,9844692,tiki,Nhà Cửa - Đời Sống,Dụng cụ nhà bếp,"Dao, kéo và phụ kiện",https://tiki.vn/product-p9844692.html?spid=108912799,34444,0.0,0,3,OEM,2026-04-29 13:47:24
Bộ 3 Miếng Chùi Rửa Bọt Biển Đa Năng Sponge Daddy - Màu ngẫu nhiên,279259972,tiki,Nhà Cửa - Đời Sống,Dụng cụ nhà bếp,Phụ kiện nhà bếp,https://tiki.vn/product-p279259972.html?spid=279259973,139000,0.0,0,1,Scrub Daddy,2026-04-29 13:47:24
"Bộ hộp thủy tinh chân không Neoflam VACU 6 món có bơm hút chân không kèm theo, dùng trong nhà bếp, lò nướng, lò vi sóng, tủ lạnh, máy rửa chén",279048396,tiki,Nhà Cửa - Đời Sống,Dụng cụ nhà bếp,Dụng cụ chứa đựng thực phẩm,https://tiki.vn/product-p279048396.html?spid=279048397,1823600,0.0,0,1,Neoflam,2026-04-29 13:47:24
Miếng lót nồi lót cốc chịu nhiệt thông minh gấp gọn tiện lợi,278973289,tiki,Nhà Cửa - Đời Sống,Dụng cụ nhà bếp,Phụ kiện nhà bếp,https://tiki.vn/product-p278973289.html?spid=278973290,20000,0.0,0,1,SUZIN,2026-04-29 13:47:24
"[AnhOtShop] Âu Lọc Dầu Mỡ Đa Năng – Bình Lọc Dầu Mỡ 2 Trong 1, Đựng Mỡ, Lọc Cặn, Giữ Dầu Sạch Thơm Ngon Lâu",278943159,tiki,Nhà Cửa - Đời Sống,Dụng cụ nhà bếp,Phụ kiện nhà bếp,https://tiki.vn/product-p278943159.html?spid=278943161,75000,0.0,0,0,OEM,2026-04-29 13:47:24
"[AnhOtShop] Combo 100 Khay Giấy Bạc 22cm Loại 1 Có Viền Chắc Chắn, Cứng Cáp Lót Nồi Chiên Không Dầu – Tái Sử Dụng, Dùng Nướng Chiên Đồ Nhà Bếp",278943132,tiki,Nhà Cửa - Đời Sống,Dụng cụ nhà bếp,Phụ kiện nhà bếp,https://tiki.vn/product-p278943132.html?spid=278943133,135000,0.0,0,6,OEM,2026-04-29 13:47:24
Vòi máy lọc nước 304 - chất liệu Inox 304 cao cấp,278700114,tiki,Nhà Cửa - Đời Sống,Dụng cụ nhà bếp,Phụ kiện nhà bếp,https://tiki.vn/product-p278700114.html?spid=278700115,150000,0.0,0,2,OEM,2026-04-29 13:47:24
Máy Làm Bánh Dash Waffle 350W Alizz Al-13911 Cao Cấp,278235258,tiki,Nhà Cửa - Đời Sống,Dụng cụ nhà bếp,Dụng cụ làm bánh,https://tiki.vn/product-p278235258.html?spid=278235259,279000,0.0,0,8,OEM,2026-04-29 13:47:24
"Hũ gia vị thủy tinh thông minh, chống ẩm, nút bấm tiện dụng - HÀNG CHÍNH HÃNG MINIIN",277503034,tiki,Nhà Cửa - Đời Sống,Dụng cụ nhà bếp,Dụng cụ chứa đựng thực phẩm,https://tiki.vn/product-p277503034.html?spid=277503035,9000,4.0,1,33,MINIIN,2026-04-29 13:47:24
"Túi đựng cơm  trưa văn phòng giữ nhiệt  , chống thấm có quai xách chắc chắn ,giúp giữ hương vị thực phẩm nguyên vẹn ,bảo quản thức ăn , thức uống luôn được thơm ngon và chất lượng",276797014,tiki,Nhà Cửa - Đời Sống,Dụng cụ nhà bếp,Phụ kiện nhà bếp,https://tiki.vn/product-p276797014.html?spid=276797015,79000,0.0,0,3,LYNUSAN,2026-04-29 13:47:24
Khay Hâm Nóng Thức Ăn Đa Năng Tiện Lợi - Mặt Kính Cường Lực Chắc Chắn Hàng Nhập Khẩu,276656148,tiki,Nhà Cửa - Đời Sống,Dụng cụ nhà bếp,Phụ kiện nhà bếp,https://tiki.vn/product-p276656148.html?spid=276656149,299000,5.0,2,5,FTAKY,2026-04-29 13:47:24
"MPE1D - Khổ 25cm - 0.90kg - 1 cuộn màng co PE trong suốt - Cuộn màng bọc PE, màng chít quấn hàng",276583410,tiki,Nhà Cửa - Đời Sống,Dụng cụ nhà bếp,Phụ kiện nhà bếp,https://tiki.vn/product-p276583410.html?spid=276583411,68860,0.0,0,18,MAGIX,2026-04-29 13:47:24
"Cây cọ rửa ly cốc, chai lọ, bình sữa bằng mút xốp cán rời có móc treo tiện dụng cho gia đình, quán ăn, cà phê - Dụng cụ rửa ly cốc nhỏ gọn tiện dụng",276451002,tiki,Nhà Cửa - Đời Sống,Dụng cụ nhà bếp,Phụ kiện nhà bếp,https://tiki.vn/product-p276451002.html?spid=276451003,4900,5.0,1,1,AlphaVH,2026-04-29 13:47:24
Cân Điện Tử Cầm Tay Thép Ngang PT153 – Cân Điện Tử Mini Dạng Treo Nhỏ Gọn Tiện Lợi,276319346,tiki,Nhà Cửa - Đời Sống,Dụng cụ nhà bếp,Dụng cụ làm bánh,https://tiki.vn/product-p276319346.html?spid=276319347,129000,5.0,1,14,CAVARA,2026-04-29 13:47:24
Bật Lửa Hột Quẹt Khò Gas 1 Tia Lubinski SK-79 Đẹp Độc Lạ Lửa Khò Mạnh Mẽ Khoang Chứa Gas Trong Suốt Nhìn Thấy Lượng Gas  - Nhiều Màu,275260461,tiki,Nhà Cửa - Đời Sống,Dụng cụ nhà bếp,"Bếp nướng, vỉ nướng",https://tiki.vn/product-p275260461.html?spid=278196751,99000,0.0,0,13,OEM,2026-04-29 13:47:24
Sét hộp đựng Swan Retro mẫu mới 2021 Hàng chính hãng,275195201,tiki,Nhà Cửa - Đời Sống,Dụng cụ nhà bếp,Dụng cụ chứa đựng thực phẩm,https://tiki.vn/product-p275195201.html?spid=275195202,1890000,0.0,0,1,Swan,2026-04-29 13:47:24
"COMBO Chậu Inox 1 Hộc Có Chân Kèm Kệ Úp Chén Đa Năng - Gồm chậu, chân, kệ chén 1 tầng hoặc 2 tầng, vòi Luxta lạnh, tặng rổ rút, dây cấp, keo lụa",275160540,tiki,Nhà Cửa - Đời Sống,Dụng cụ nhà bếp,Kệ nhà bếp,https://tiki.vn/product-p275160540.html?spid=275160544,2450000,0.0,0,0,KAZTA,2026-04-29 13:47:24
"Kéo Vàng Nhật SK5 JAPAN Cắt Gà Đa Năng Và Cắt Đồ Dùng Siêu Bền Kéo Thép Đa Năng Nhật Bản, Size Lớn, Chất Liệu Thép Cao Cấp Không Gỉ",274668041,tiki,Nhà Cửa - Đời Sống,Dụng cụ nhà bếp,"Dao, kéo và phụ kiện",https://tiki.vn/product-p274668041.html?spid=274668042,24000,5.0,1,12,fofaHome,2026-04-29 13:47:24
Dụng cụ mở nút chai LAFONTE - 000976,271064604,tiki,Nhà Cửa - Đời Sống,Dụng cụ nhà bếp,Phụ kiện nhà bếp,https://tiki.vn/product-p271064604.html?spid=271064605,93000,5.0,1,4,La Fonte,2026-04-29 13:47:24
"Dụng cụ kê nắp nồi, kê dao, kê thớt tiện dụng - Henrysa",209897326,tiki,Nhà Cửa - Đời Sống,Dụng cụ nhà bếp,"Dao, kéo và phụ kiện",https://tiki.vn/product-p209897326.html?spid=209897328,59400,0.0,0,6,HENRYSA Bạn của mọi nhà,2026-04-29 13:47:24
Lồng Bàn Đậy Thức Ăn Thông Minh Nhiều Tầng - Nắp Đậy Thức Bằng Lưới Thông Thoáng Không Gỉ Siêu Bền - Hàng Loại 1 - Chính Hãng MINIIN,196091738,tiki,Nhà Cửa - Đời Sống,Dụng cụ nhà bếp,Dụng cụ chứa đựng thực phẩm,https://tiki.vn/product-p196091738.html?spid=196091748,79000,3.7,9,43,MINIIN,2026-04-29 13:47:24
Dao Thái Lan kiwi gọt hoa quả,191807421,tiki,Nhà Cửa - Đời Sống,Dụng cụ nhà bếp,"Dao, kéo và phụ kiện",https://tiki.vn/product-p191807421.html?spid=191807426,67850,5.0,2,6,CRYSTAN,2026-04-29 13:47:24
"Dụng cụ gắp đồ nóng ,kẹp gắp thức ăn nóng cao cấp bằng inox chống phỏng tay ,rất tiện lợi cho chị em",179522922,tiki,Nhà Cửa - Đời Sống,Dụng cụ nhà bếp,Phụ kiện nhà bếp,https://tiki.vn/product-p179522922.html?spid=276407618,20000,5.0,1,5,OEM,2026-04-29 13:47:24
Bộ Cối Chày Giã Zwilling Spices,175903160,tiki,Nhà Cửa - Đời Sống,Dụng cụ nhà bếp,Phụ kiện nhà bếp,https://tiki.vn/product-p175903160.html?spid=201677946,2790000,0.0,0,3,Zwilling,2026-04-29 13:47:24
Hũ thủy tinh nắp cài Fido 1000ml - 1500ml,172081978,tiki,Nhà Cửa - Đời Sống,Dụng cụ nhà bếp,Dụng cụ chứa đựng thực phẩm,https://tiki.vn/product-p172081978.html?spid=172081982,178000,0.0,0,2,Bormioli Rocco,2026-04-29 13:47:24
"Máy Tăm Nước cầm tay, Tăm nước vệ sinh răng miệng cực sạch công nghệ Châu Âu, 3 chế độ xịt, 4 đầu xịt",160215759,tiki,Nhà Cửa - Đời Sống,Dụng cụ nhà bếp,Phụ kiện nhà bếp,https://tiki.vn/product-p160215759.html?spid=278787777,186000,5.0,1,1,OEM,2026-04-29 13:47:24
Nồi Kho Cá 3 Đáy Chống Dính 20cm Fivestar ( tặng 2 vá canh) - Hàng Loại 1 Chính Hãng,154493603,tiki,Nhà Cửa - Đời Sống,Dụng cụ nhà bếp,Nồi và chảo,https://tiki.vn/product-p154493603.html?spid=154493604,285000,5.0,6,15,Five Star,2026-04-29 13:47:24
"Máy Tăm Nước Cầm Tay Oral Irrigator Sạc Pin Tiện Dụng, Tăm Nước Vệ Sinh Răng Miệng Công Nghệ Châu Âu - Tặng Kèm 4 Đầu",150778751,tiki,Nhà Cửa - Đời Sống,Dụng cụ nhà bếp,Phụ kiện nhà bếp,https://tiki.vn/product-p150778751.html?spid=278678122,186000,0.0,0,3,OEM,2026-04-29 13:47:24
Dụng Cụ Mài Dao 3 Rảnh Cấp Độ Bằng Tay - Không Thể Thiếu Trong Nhà Bếp - Hàng Chính Hãng MINIIN,130395535,tiki,Nhà Cửa - Đời Sống,Dụng cụ nhà bếp,"Dao, kéo và phụ kiện",https://tiki.vn/product-p130395535.html?spid=130395536,39000,4.8,11,31,MINIIN,2026-04-29 13:47:24
"Tạp Dề Chống Thấm Nước, Dầu Mỡ Phong Cách Hàn Quốc Dễ Thương Kèm Khăn Lau Tay Chống Thấm Nước",130361110,tiki,Nhà Cửa - Đời Sống,Dụng cụ nhà bếp,Phụ kiện nhà bếp,https://tiki.vn/product-p130361110.html?spid=180738968,54000,4.7,7,15,MINIIN,2026-04-29 13:47:24
"DỤNG CỤ BƠM HÚT DẦU, RƯỢU, CHẤT LỎNG ĐA NĂNG",125658918,tiki,Nhà Cửa - Đời Sống,Dụng cụ nhà bếp,Phụ kiện nhà bếp,https://tiki.vn/product-p125658918.html?spid=212438198,18000,4.7,7,40,OEM,2026-04-29 13:47:24
"Hộp nhựa nắp khóa Sanada Seiko 1.6L đựng & bảo quản đũa thìa, thực phẩm - nội địa Nhật Bản",114051875,tiki,Nhà Cửa - Đời Sống,Dụng cụ nhà bếp,Dụng cụ chứa đựng thực phẩm,https://tiki.vn/product-p114051875.html?spid=114051884,45200,5.0,1,4,Sanada Seiko,2026-04-29 13:47:24
Hộp Đựng Đũa Muỗng Khử Trùng Bằng Tia Cực Tím Thông Minh Tiện Dụng Cho Nhà Bếp,100842224,tiki,Nhà Cửa - Đời Sống,Dụng cụ nhà bếp,Phụ kiện nhà bếp,https://tiki.vn/product-p100842224.html?spid=276368631,65000,0.0,0,3,OEM,2026-04-29 13:47:24
Tấm chắn dầu mỡ khi nấu ăn,72895350,tiki,Nhà Cửa - Đời Sống,Dụng cụ nhà bếp,Phụ kiện nhà bếp,https://tiki.vn/product-p72895350.html?spid=278112620,16000,0.0,0,6,OEM,2026-04-29 13:47:24
Sét 100 túi lọc rác bồn rửa bát,36329569,tiki,Nhà Cửa - Đời Sống,Dụng cụ nhà bếp,Phụ kiện nhà bếp,https://tiki.vn/product-p36329569.html?spid=68495489,24000,4.7,21,151,OEM,2026-04-29 13:47:24
